/* This file was generated by tool/res/update_resources.ps1. Do not edit. */
#include "res_images.h"

const unsigned char demo_sprite[10246] = {
    0x00, 0x00, 0x00, 0x40, 0x00, 0x50, 0x73, 0x6B, 0xBD, 0xD4, 0xBD, 0x93,
    0xBD, 0x93, 0xBD, 0x93, 0xBD, 0x93, 0xBD, 0x93, 0xBD, 0x93, 0xBD, 0x93,
    0xBD, 0x93, 0xBD, 0x93, 0xBD, 0x93, 0xBD, 0x93, 0xBD, 0x93, 0xBD, 0x93,
    0xBD, 0x4E, 0xBD, 0x4D, 0xBD, 0x4D, 0xBD, 0x4D, 0xBD, 0x4D, 0xBD, 0x4D,
    0xBD, 0x4D, 0xB5, 0x4D, 0xB5, 0x6D, 0xB5, 0x4D, 0xB5, 0x4D, 0xBD, 0x4D,
    0xBD, 0x4D, 0xBD, 0x4D, 0xBD, 0x4D, 0xBD, 0x4D, 0xBD, 0x92, 0xBD, 0x93,
    0xBD, 0x93, 0xBD, 0x93, 0xBD, 0x93, 0xBD, 0x93, 0xBD, 0x93, 0xBD, 0x93,
    0xBD, 0x93, 0xBD, 0x93, 0xBD, 0x93, 0xBD, 0x93, 0xBD, 0x93, 0xBD, 0x93,
    0xBD, 0x93, 0xBD, 0x93, 0xBD, 0x93, 0xBD, 0x93, 0xBD, 0x93, 0xBD, 0x93,
    0xBD, 0x93, 0xBD, 0x93, 0xBD, 0x93, 0xBD, 0x93, 0xBD, 0x93, 0xBD, 0x93,
    0xBD, 0x93, 0xBD, 0x93, 0xBD, 0x93, 0xBD, 0x93, 0xBD, 0x93, 0xBD, 0xB3,
    0xB5, 0x52, 0xA4, 0xD0, 0xFF, 0xFD, 0xFF, 0xFB, 0xFF, 0xFB, 0xFF, 0xFB,
    0xFF, 0xFB, 0xFF, 0xFB, 0xFF, 0xFB, 0xFF, 0xFB, 0xFF, 0xFB, 0xFF, 0xFB,
    0xFF, 0xFB, 0xFF, 0xFB, 0xFF, 0xFC, 0xFF, 0xD8, 0xFF, 0xB3, 0xFF, 0xB3,
    0xFF, 0xB3, 0xFF, 0xB3, 0xFF, 0xB3, 0xFF, 0xB3, 0xFF, 0xB3, 0xFF, 0xD3,
    0xFF, 0xD3, 0xFF, 0xB3, 0xFF, 0xB3, 0xFF, 0xB3, 0xFF, 0xB3, 0xFF, 0xB3,
    0xFF, 0xB3, 0xFF, 0xB3, 0xFF, 0xD6, 0xFF, 0xFB, 0xFF, 0xFB, 0xFF, 0xFB,
    0xFF, 0xFB, 0xFF, 0xFB, 0xFF, 0xFB, 0xFF, 0xFB, 0xFF, 0xFB, 0xFF, 0xFB,
    0xFF, 0xFB, 0xFF, 0xFB, 0xFF, 0xFB, 0xFF, 0xFB, 0xFF, 0xFB, 0xFF, 0xFB,
    0xFF, 0xFB, 0xFF, 0xFB, 0xFF, 0xFB, 0xFF, 0xFB, 0xFF, 0xFB, 0xFF, 0xFB,
    0xFF, 0xFB, 0xFF, 0xFB, 0xFF, 0xFB, 0xFF, 0xFB, 0xFF, 0xFB, 0xFF, 0xFB,
    0xFF, 0xFB, 0xFF, 0xFB, 0xFF, 0xFB, 0xFF, 0xFB, 0xFF, 0xBA, 0x9C, 0x8F,
    0xFF, 0xFB, 0xFF, 0x99, 0xFF, 0x99, 0xFF, 0x99, 0xFF, 0x99, 0xFF, 0x99,
    0xFF, 0x99, 0xFF, 0x99, 0xFF, 0x99, 0xFF, 0x99, 0xFF, 0x99, 0xFF, 0x9A,
    0xFF, 0x77, 0xFF, 0x32, 0xFF, 0x32, 0xFF, 0x32, 0xFF, 0x32, 0xFF, 0x32,
    0xFF, 0x32, 0xFF, 0x52, 0xF7, 0x52, 0xF7, 0x52, 0xFF, 0x52, 0xFF, 0x52,
    0xFF, 0x52, 0xFF, 0x52, 0xFF, 0x32, 0xFF, 0x32, 0xFF, 0x32, 0xFF, 0x32,
    0xFF, 0x32, 0xFF, 0x77, 0xFF, 0x9A, 0xFF, 0x99, 0xFF, 0x99, 0xFF, 0x99,
    0xFF, 0x99, 0xFF, 0x99, 0xFF, 0x99, 0xFF, 0x99, 0xFF, 0x99, 0xFF, 0x99,
    0xFF, 0x99, 0xFF, 0x99, 0xFF, 0x99, 0xFF, 0x99, 0xFF, 0x99, 0xFF, 0x99,
    0xFF, 0x99, 0xFF, 0x99, 0xFF, 0x99, 0xFF, 0x9A, 0xFF, 0x99, 0xFF, 0x99,
    0xFF, 0x99, 0xFF, 0x99, 0xFF, 0x99, 0xFF, 0x99, 0xFF, 0x99, 0xFF, 0x99,
    0xFF, 0x99, 0xFF, 0xBA, 0xF7, 0x39, 0x9C, 0x8F, 0xFF, 0xFB, 0xFF, 0x99,
    0xFF, 0x99, 0xFF, 0x99, 0xFF, 0x99, 0xFF, 0x99, 0xFF, 0x99, 0xFF, 0x99,
    0xFF, 0x99, 0xFF, 0x99, 0xFF, 0x9A, 0xFF, 0x78, 0xFF, 0x32, 0xFF, 0x32,
    0xFF, 0x32, 0xFF, 0x32, 0xFF, 0x32, 0xFF, 0x32, 0xFF, 0x32, 0xFF, 0x52,
    0xF7, 0x52, 0xFF, 0x52, 0xFF, 0x52, 0xFF, 0x52, 0xFF, 0x52, 0xFF, 0x52,
    0xFF, 0x32, 0xFF, 0x32, 0xFF, 0x32, 0xFF, 0x32, 0xFF, 0x31, 0xFF, 0x54,
    0xFF, 0x9A, 0xFF, 0x99, 0xFF, 0x99, 0xFF, 0x99, 0xFF, 0x99, 0xFF, 0x99,
    0xFF, 0x99, 0xFF, 0x99, 0xFF, 0x99, 0xFF, 0x99, 0xFF, 0x99, 0xFF, 0x99,
    0xFF, 0x99, 0xFF, 0x99, 0xFF, 0x99, 0xFF, 0x99, 0xFF, 0x99, 0xFF, 0x99,
    0xFF, 0x99, 0xFF, 0x99, 0xFF, 0x99, 0xFF, 0x99, 0xFF, 0x99, 0xFF, 0x99,
    0xFF, 0x99, 0xFF, 0x99, 0xFF, 0x99, 0xFF, 0x99, 0xFF, 0x99, 0xFF, 0xBA,
    0xF7, 0x39, 0x9C, 0x8F, 0xFF, 0xFB, 0xFF, 0x99, 0xFF, 0x99, 0xFF, 0x99,
    0xFF, 0x99, 0xFF, 0x99, 0xFF, 0x99, 0xFF, 0x99, 0xFF, 0x99, 0xFF, 0x9A,
    0xFF, 0x99, 0xFF, 0x53, 0xFF, 0x31, 0xFF, 0x32, 0xFF, 0x32, 0xFF, 0x32,
    0xFF, 0x32, 0xFF, 0x32, 0xFF, 0x52, 0xF7, 0x52, 0xFF, 0x52, 0xFF, 0x53,
    0xFF, 0x53, 0xFF, 0x53, 0xFF, 0x53, 0xFF, 0x52, 0xFF, 0x52, 0xFF, 0x32,
    0xFF, 0x32, 0xFF, 0x32, 0xFF, 0x32, 0xFF, 0x32, 0xFF, 0x77, 0xFF, 0x9A,
    0xFF, 0x99, 0xFF, 0x99, 0xFF, 0x99, 0xFF, 0x99, 0xFF, 0x99, 0xFF, 0x99,
    0xFF, 0x99, 0xFF, 0x99, 0xFF, 0x99, 0xFF, 0x99, 0xFF, 0x99, 0xFF, 0x99,
    0xFF, 0x99, 0xFF, 0x99, 0xFF, 0x99, 0xFF, 0x99, 0xFF, 0x99, 0xFF, 0x99,
    0xFF, 0x99, 0xFF, 0x99, 0xFF, 0x99, 0xFF, 0x99, 0xFF, 0x99, 0xFF, 0x99,
    0xFF, 0x99, 0xFF, 0x99, 0xFF, 0x99, 0xFF, 0xBA, 0xF7, 0x39, 0x9C, 0x8F,
    0xFF, 0xFB, 0xFF, 0x9A, 0xFF, 0x99, 0xFF, 0x99, 0xFF, 0x99, 0xFF, 0x99,
    0xFF, 0x99, 0xFF, 0x99, 0xFF, 0x99, 0xFF, 0x9A, 0xFF, 0x56, 0xFF, 0x31,
    0xFF, 0x32, 0xFF, 0x32, 0xFF, 0x32, 0xFF, 0x32, 0xFF, 0x32, 0xFF, 0x52,
    0xFF, 0x52, 0xF7, 0x52, 0xF7, 0x52, 0xFF, 0x53, 0xFF, 0x75, 0xFF, 0x54,
    0xFF, 0x53, 0xFF, 0x52, 0xF7, 0x52, 0xFF, 0x32, 0xFF, 0x32, 0xFF, 0x32,
    0xFF, 0x32, 0xFF, 0x32, 0xFF, 0x33, 0xFF, 0x99, 0xFF, 0x9A, 0xFF, 0x99,
    0xFF, 0x99, 0xFF, 0x99, 0xFF, 0x99, 0xFF, 0x99, 0xFF, 0x99, 0xFF, 0x99,
    0xFF, 0x99, 0xFF, 0x99, 0xFF, 0x99, 0xFF, 0x99, 0xFF, 0x99, 0xFF, 0x99,
    0xFF, 0x99, 0xFF, 0x99, 0xFF, 0x99, 0xFF, 0x99, 0xFF, 0x99, 0xFF, 0x99,
    0xFF, 0x99, 0xFF, 0x99, 0xFF, 0x99, 0xFF, 0x99, 0xFF, 0x99, 0xFF, 0x99,
    0xFF, 0x99, 0xFF, 0xBA, 0xF7, 0x39, 0x9C, 0x8F, 0xFF, 0xFB, 0xFF, 0x99,
    0xFF, 0x99, 0xFF, 0x99, 0xFF, 0x99, 0xFF, 0x99, 0xFF, 0x99, 0xFF, 0x99,
    0xFF, 0x9A, 0xFF, 0x78, 0xFF, 0x32, 0xFF, 0x32, 0xFF, 0x32, 0xFF, 0x32,
    0xFF, 0x32, 0xFF, 0x32, 0xFF, 0x52, 0xF7, 0x52, 0xFF, 0x52, 0xF7, 0x52,
    0xF7, 0x52, 0xFF, 0x76, 0xFF, 0x99, 0xFF, 0x78, 0xFF, 0x54, 0xFF, 0x52,
    0xFF, 0x52, 0xFF, 0x52, 0xFF, 0x32, 0xFF, 0x32, 0xFF, 0x32, 0xFF, 0x32,
    0xFF, 0x31, 0xFF, 0x76, 0xFF, 0x9A, 0xFF, 0x99, 0xFF, 0x99, 0xFF, 0x99,
    0xFF, 0x99, 0xFF, 0x99, 0xFF, 0x99, 0xFF, 0x99, 0xFF, 0x99, 0xFF, 0x99,
    0xFF, 0x99, 0xFF, 0x99, 0xFF, 0x99, 0xFF, 0x99, 0xFF, 0x99, 0xFF, 0x99,
    0xFF, 0x99, 0xFF, 0x99, 0xFF, 0x99, 0xFF, 0x99, 0xFF, 0x99, 0xFF, 0x99,
    0xFF, 0x99, 0xFF, 0x99, 0xFF, 0x99, 0xFF, 0x99, 0xFF, 0x99, 0xFF, 0xBA,
    0xF7, 0x39, 0x9C, 0x8F, 0xFF, 0xFB, 0xFF, 0x99, 0xFF, 0x99, 0xFF, 0x99,
    0xFF, 0x99, 0xFF, 0x99, 0xFF, 0x99, 0xFF, 0x99, 0xFF, 0x99, 0xFF, 0x33,
    0xFF, 0x31, 0xFF, 0x32, 0xFF, 0x32, 0xFF, 0x32, 0xFF, 0x32, 0xFF, 0x52,
    0xFF, 0x52, 0xF7, 0x52, 0xF7, 0x52, 0xFF, 0x52, 0xFF, 0x76, 0xFF, 0x99,
    0xFF, 0x99, 0xFF, 0x99, 0xFF, 0x77, 0xFF, 0x53, 0xFF, 0x52, 0xFF, 0x52,
    0xFF, 0x32, 0xFF, 0x32, 0xFF, 0x32, 0xFF, 0x32, 0xFF, 0x31, 0xFF, 0x53,
    0xFF, 0x99, 0xFF, 0x99, 0xFF, 0x99, 0xFF, 0x99, 0xFF, 0x99, 0xFF, 0x99,
    0xFF, 0x99, 0xFF, 0x99, 0xFF, 0x99, 0xFF, 0x99, 0xFF, 0x99, 0xFF, 0x99,
    0xFF, 0x99, 0xFF, 0x99, 0xFF, 0x99, 0xFF, 0x99, 0xFF, 0x99, 0xFF, 0x99,
    0xFF, 0x99, 0xFF, 0x99, 0xFF, 0x99, 0xFF, 0x99, 0xFF, 0x99, 0xFF, 0x99,
    0xFF, 0x99, 0xFF, 0x99, 0xFF, 0x99, 0xFF, 0xB9, 0xF7, 0x38, 0x9C, 0xB1,
    0xFF, 0xFD, 0xFF, 0xBC, 0xFF, 0xBC, 0xFF, 0xBC, 0xFF, 0xBC, 0xFF, 0xBC,
    0xFF, 0xBC, 0xFF, 0xBD, 0xFF, 0x55, 0xFF, 0x31, 0xFF, 0x32, 0xFF, 0x32,
    0xFF, 0x32, 0xFF, 0x32, 0xF7, 0x52, 0xF7, 0x52, 0xF7, 0x72, 0xF7, 0x73,
    0xFF, 0x72, 0xFF, 0x97, 0xFF, 0xDC, 0xFF, 0xBC, 0xFF, 0xBC, 0xFF, 0xDC,
    0xFF, 0xBC, 0xFF, 0x77, 0xFF, 0x52, 0xFF, 0x52, 0xFF, 0x32, 0xFF, 0x32,
    0xFF, 0x32, 0xFF, 0x32, 0xFF, 0x32, 0xFF, 0x31, 0xFF, 0x98, 0xFF, 0xBD,
    0xFF, 0xBC, 0xFF, 0xBC, 0xFF, 0xBC, 0xFF, 0xBC, 0xFF, 0xBC, 0xFF, 0xBC,
    0xFF, 0xBC, 0xFF, 0xBC, 0xFF, 0xBC, 0xFF, 0xBC, 0xFF, 0xBC, 0xFF, 0xBC,
    0xFF, 0xBC, 0xFF, 0xBC, 0xFF, 0xBC, 0xFF, 0xBC, 0xFF, 0xBC, 0xFF, 0xBC,
    0xFF, 0xBC, 0xFF, 0xBC, 0xFF, 0xBC, 0xFF, 0xBC, 0xFF, 0xBC, 0xFF, 0xBC,
    0xFF, 0xBC, 0xFF, 0xDD, 0xF7, 0x7B, 0x9C, 0xD3, 0xFF, 0xFF, 0xFF, 0xFF,
    0xFF, 0xFF, 0xFF, 0xFF, 0xFF, 0xFF, 0xFF, 0xFF, 0xFF, 0xFF, 0xFF, 0xBB,
    0xFF, 0x31, 0xFF, 0x32, 0xFF, 0x32, 0xFF, 0x32, 0xFF, 0x32, 0xF7, 0x52,
    0xF7, 0x72, 0xF7, 0x72, 0xF7, 0x73, 0xF7, 0x73, 0xFF, 0x96, 0xFF, 0xFE,
    0xFF, 0xFF, 0xFF, 0xFF, 0xFF, 0xFF, 0xFF, 0xFF, 0xFF, 0xFF, 0xFF, 0xDD,
    0xFF, 0x75, 0xFF, 0x52, 0xFF, 0x52, 0xFF, 0x32, 0xFF, 0x32, 0xFF, 0x32,
    0xFF, 0x32, 0xFF, 0x31, 0xFF, 0x55, 0xFF, 0xFF, 0xFF, 0xFF, 0xFF, 0xFF,
    0xFF, 0xFF, 0xFF, 0xFF, 0xFF, 0xFF, 0xFF, 0xFF, 0xFF, 0xFF, 0xFF, 0xFF,
    0xFF, 0xFF, 0xFF, 0xFF, 0xFF, 0xFF, 0xFF, 0xFF, 0xFF, 0xFF, 0xFF, 0xFF,
    0xFF, 0xFF, 0xFF, 0xFF, 0xFF, 0xFF, 0xFF, 0xFF, 0xFF, 0xFF, 0xFF, 0xFF,
    0xFF, 0xFF, 0xFF, 0xFF, 0xFF, 0xFF, 0xFF, 0xFF, 0xFF, 0xFF, 0xFF, 0xFF,
    0xF7, 0x9E, 0x9C, 0xD3, 0xFF, 0xFF, 0xFF, 0xFF, 0xFF, 0xFF, 0xFF, 0xFF,
    0xFF, 0xFF, 0xFF, 0xFF, 0xFF, 0xDE, 0xFF, 0x54, 0xFF, 0x31, 0xFF, 0x32,
    0xFF, 0x32, 0xFF, 0x32, 0xFF, 0x52, 0xF7, 0x52, 0xF7, 0x72, 0xF7, 0x73,
    0xF7, 0x93, 0xFF, 0x95, 0xFF, 0xFD, 0xFF, 0xFF, 0xFF, 0xFF, 0xFF, 0xFF,
    0xFF, 0xDF, 0xFF, 0xFF, 0xFF, 0xFF, 0xFF, 0xFF, 0xFF, 0xB9, 0xF7, 0x53,
    0xF7, 0x52, 0xF7, 0x32, 0xFF, 0x32, 0xFF, 0x32, 0xFF, 0x32, 0xFF, 0x32,
    0xFF, 0x31, 0xFF, 0xBA, 0xFF, 0xFF, 0xFF, 0xFF, 0xFF, 0xFF, 0xFF, 0xFF,
    0xFF, 0xFF, 0xFF, 0xFF, 0xFF, 0xFF, 0xFF, 0xFF, 0xFF, 0xFF, 0xFF, 0xFF,
    0xFF, 0xFF, 0xFF, 0xFF, 0xFF, 0xFF, 0xFF, 0xFF, 0xFF, 0xFF, 0xFF, 0xFF,
    0xFF, 0xFF, 0xFF, 0xFF, 0xFF, 0xFF, 0xFF, 0xFF, 0xFF, 0xFF, 0xFF, 0xFF,
    0xFF, 0xFF, 0xFF, 0xFF, 0xFF, 0xFF, 0xFF, 0xFF, 0xF7, 0x9E, 0x9C, 0xD3,
    0xFF, 0xFF, 0xFF, 0xFF, 0xFF, 0xFF, 0xFF, 0xFF, 0xFF, 0xFF, 0xFF, 0xFF,
    0xFF, 0x99, 0xFF, 0x31, 0xFF, 0x32, 0xFF, 0x32, 0xFF, 0x32, 0xFF, 0x32,
    0xF7, 0x52, 0xF7, 0x72, 0xF7, 0x73, 0xF7, 0x93, 0xF7, 0x93, 0xFF, 0xDA,
    0xFF, 0xFF, 0xFF, 0xFF, 0xFF, 0xFF, 0xFF, 0xFF, 0xFF, 0xFF, 0xFF, 0xFF,
    0xFF, 0xFF, 0xFF, 0xFF, 0xFF, 0xDD, 0xFF, 0x75, 0xF7, 0x72, 0xF7, 0x52,
    0xFF, 0x32, 0xFF, 0x32, 0xFF, 0x32, 0xFF, 0x32, 0xFF, 0x31, 0xFF, 0x54,
    0xFF, 0xFF, 0xFF, 0xFF, 0xFF, 0xFF, 0xFF, 0xFF, 0xFF, 0xFF, 0xFF, 0xFF,
    0xFF, 0xFF, 0xFF, 0xFF, 0xFF, 0xFF, 0xFF, 0xFF, 0xFF, 0xFF, 0xFF, 0xFF,
    0xFF, 0xFF, 0xFF, 0xFF, 0xFF, 0xFF, 0xFF, 0xFF, 0xFF, 0xFF, 0xFF, 0xFF,
    0xFF, 0xFF, 0xFF, 0xFF, 0xFF, 0xFF, 0xFF, 0xFF, 0xFF, 0xFF, 0xFF, 0xFF,
    0xFF, 0xFF, 0xFF, 0xFF, 0xF7, 0x9E, 0x9C, 0x8E, 0xFF, 0xD8, 0xFF, 0x98,
    0xFF, 0xBB, 0xFF, 0xDD, 0xFF, 0xFF, 0xFF, 0xBC, 0xFF, 0x32, 0xFF, 0x32,
    0xFF, 0x32, 0xFF, 0x32, 0xFF, 0x32, 0xFF, 0x52, 0xF7, 0x72, 0xF7, 0x72,
    0xF7, 0x73, 0xF7, 0x93, 0xFF, 0xB6, 0xFF, 0xFF, 0xFF, 0xFF, 0xFF, 0xFF,
    0xFF, 0xFF, 0xFF, 0xFF, 0xFF, 0xFF, 0xFF, 0xFF, 0xFF, 0xFF, 0xFF, 0xFF,
    0xFF, 0xFF, 0xFF, 0xBA, 0xF7, 0x52, 0xF7, 0x52, 0xFF, 0x32, 0xFF, 0x32,
    0xFF, 0x32, 0xFF, 0x32, 0xFF, 0x32, 0xFF, 0x31, 0xFF, 0xBA, 0xFF, 0xFF,
    0xFF, 0xFF, 0xFF, 0xFF, 0xFF, 0xFF, 0xFF, 0xFF, 0xFF, 0xFF, 0xFF, 0xFF,
    0xFF, 0xFF, 0xFF, 0xFF, 0xFF, 0xFF, 0xFF, 0xFF, 0xFF, 0xFF, 0xFF, 0xFF,
    0xFF, 0xFF, 0xFF, 0xFF, 0xFF, 0xFF, 0xFF, 0xFF, 0xFF, 0xFF, 0xFF, 0xFF,
    0xFF, 0xFF, 0xFF, 0xFF, 0xFF, 0xFF, 0xFF, 0xFF, 0xFF, 0xFF, 0xFF, 0xFF,
    0xF7, 0x9E, 0x9C, 0x4A, 0xFF, 0x92, 0xFF, 0x31, 0xFF, 0x31, 0xFF, 0x33,
    0xFF, 0x54, 0xFF, 0x53, 0xFF, 0x32, 0xFF, 0x32, 0xFF, 0x32, 0xFF, 0x32,
    0xFF, 0x32, 0xF7, 0x52, 0xF7, 0x72, 0xF7, 0x73, 0xF7, 0x73, 0xF7, 0x94,
    0xFF, 0xDC, 0xFF, 0xFF, 0xFF, 0xFF, 0xFF, 0xFF, 0xFF, 0xFF, 0xFF, 0xFF,
    0xFF, 0xFF, 0xFF, 0xFF, 0xFF, 0xFF, 0xFF, 0xFF, 0xFF, 0xFF, 0xFF, 0xFE,
    0xF7, 0x77, 0xFF, 0x52, 0xFF, 0x32, 0xFF, 0x32, 0xFF, 0x32, 0xFF, 0x32,
    0xFF, 0x32, 0xFF, 0x31, 0xFF, 0x55, 0xFF, 0xFF, 0xFF, 0xFF, 0xFF, 0xFF,
    0xFF, 0xFF, 0xFF, 0xFF, 0xFF, 0xFF, 0xFF, 0xFF, 0xFF, 0xFF, 0xFF, 0xFF,
    0xFF, 0xFF, 0xFF, 0xFF, 0xFF, 0xFF, 0xFF, 0xFF, 0xFF, 0xFF, 0xFF, 0xFF,
    0xFF, 0xFF, 0xFF, 0xFF, 0xFF, 0xFF, 0xFF, 0xFF, 0xFF, 0xFF, 0xFF, 0xFF,
    0xFF, 0xFF, 0xFF, 0xFF, 0xFF, 0xFF, 0xFF, 0xFF, 0xF7, 0x9E, 0x9C, 0x4B,
    0xFF, 0x93, 0xFF, 0x32, 0xFF, 0x32, 0xFF, 0x32, 0xFF, 0x31, 0xFF, 0x32,
    0xFF, 0x32, 0xFF, 0x32, 0xFF, 0x32, 0xFF, 0x32, 0xF7, 0x52, 0xF7, 0x73,
    0xF7, 0x73, 0xF7, 0x93, 0xF7, 0x93, 0xFF, 0xB9, 0xFF, 0xFF, 0xFF, 0xFF,
    0xFF, 0xFF, 0xFF, 0xFF, 0xFF, 0xFF, 0xFF, 0xFF, 0xFF, 0xFF, 0xFF, 0xFF,
    0xFF, 0xFF, 0xFF, 0xFF, 0xFF, 0xFF, 0xFF, 0xFF, 0xFF, 0xDD, 0xFF, 0x74,
    0xFF, 0x32, 0xFF, 0x32, 0xFF, 0x32, 0xFF, 0x32, 0xFF, 0x32, 0xFF, 0x32,
    0xFF, 0x31, 0xFF, 0xBB, 0xFF, 0xFF, 0xFF, 0xFF, 0xFF, 0xFF, 0xFF, 0xFF,
    0xFF, 0xFF, 0xFF, 0xFF, 0xFF, 0xFF, 0xFF, 0xFF, 0xFF, 0xFF, 0xFF, 0xFF,
    0xFF, 0xFF, 0xFF, 0xFF, 0xFF, 0xFF, 0xFF, 0xFF, 0xFF, 0xFF, 0xFF, 0xFF,
    0xFF, 0xFF, 0xFF, 0xFF, 0xFF, 0xFF, 0xFF, 0xFF, 0xFF, 0xFF, 0xFF, 0xFF,
    0xFF, 0xFF, 0xFF, 0xFF, 0xF7, 0x9E, 0x9C, 0x4B, 0xFF, 0x93, 0xFF, 0x32,
    0xFF, 0x32, 0xFF, 0x32, 0xFF, 0x32, 0xFF, 0x32, 0xFF, 0x32, 0xFF, 0x32,
    0xFF, 0x32, 0xF7, 0x52, 0xF7, 0x72, 0xF7, 0x73, 0xF7, 0x73, 0xF7, 0x93,
    0xFF, 0x96, 0xFF, 0xFE, 0xFF, 0xFF, 0xFF, 0xFF, 0xFF, 0xFF, 0xFF, 0xFF,
    0xFF, 0xFF, 0xFF, 0xFF, 0xFF, 0xFF, 0xFF, 0xFF, 0xFF, 0xFF, 0xFF, 0xFF,
    0xFF, 0xFF, 0xFF, 0xFF, 0xFF, 0xFF, 0xFF, 0xBA, 0xF7, 0x32, 0xFF, 0x32,
    0xFF, 0x32, 0xFF, 0x32, 0xFF, 0x32, 0xFF, 0x32, 0xFF, 0x31, 0xFF, 0x75,
    0xFF, 0xFF, 0xFF, 0xFF, 0xFF, 0xFF, 0xFF, 0xFF, 0xFF, 0xFF, 0xFF, 0xFF,
    0xFF, 0xFF, 0xFF, 0xFF, 0xFF, 0xFF, 0xFF, 0xFF, 0xFF, 0xFF, 0xFF, 0xFF,
    0xFF, 0xFF, 0xFF, 0xFF, 0xFF, 0xFF, 0xFF, 0xFF, 0xFF, 0xFF, 0xFF, 0xFF,
    0xFF, 0xFF, 0xFF, 0xFF, 0xFF, 0xFF, 0xFF, 0xFF, 0xFF, 0xFF, 0xFF, 0xFF,
    0xF7, 0x9E, 0x9C, 0x6B, 0xFF, 0x93, 0xFF, 0x32, 0xFF, 0x32, 0xFF, 0x32,
    0xFF, 0x32, 0xFF, 0x32, 0xFF, 0x32, 0xFF, 0x32, 0xFF, 0x32, 0xF7, 0x52,
    0xF7, 0x72, 0xF7, 0x73, 0xF7, 0x93, 0xF7, 0x94, 0xFF, 0xDB, 0xFF, 0xFF,
    0xFF, 0xFF, 0xFF, 0xFF, 0xFF, 0xFF, 0xFF, 0xFF, 0xFF, 0xFF, 0xFF, 0xFF,
    0xFF, 0xFF, 0xFF, 0xFF, 0xFF, 0xFF, 0xFF, 0xFF, 0xFF, 0xFF, 0xFF, 0xFF,
    0xFF, 0xFF, 0xFF, 0xFD, 0xFF, 0x74, 0xF7, 0x32, 0xFF, 0x32, 0xFF, 0x32,
    0xFF, 0x32, 0xFF, 0x32, 0xFF, 0x32, 0xFF, 0x32, 0xFF, 0xDC, 0xFF, 0xFF,
    0xFF, 0xFF, 0xFF, 0xFF, 0xFF, 0xFF, 0xFF, 0xFF, 0xFF, 0xFF, 0xFF, 0xFF,
    0xFF, 0xFF, 0xFF, 0xFF, 0xFF, 0xFF, 0xFF, 0xFF, 0xFF, 0xFF, 0xFF, 0xFF,
    0xFF, 0xFF, 0xFF, 0xFF, 0xFF, 0xFF, 0xFF, 0xFF, 0xFF, 0xFF, 0xFF, 0xFF,
    0xFF, 0xFF, 0xFF, 0xFF, 0xFF, 0xFF, 0xFF, 0xFF, 0xF7, 0x9E, 0x9C, 0x6C,
    0xFF, 0xD4, 0xFF, 0x52, 0xFF, 0x32, 0xFF, 0x32, 0xFF, 0x32, 0xFF, 0x32,
    0xFF, 0x32, 0xFF, 0x32, 0xFF, 0x52, 0xF7, 0x72, 0xF7, 0x73, 0xF7, 0x93,
    0xF7, 0x93, 0xFF, 0xB8, 0xFF, 0xFF, 0xFF, 0xFF, 0xFF, 0xFF, 0xFF, 0xFF,
    0xFF, 0xFF, 0xFF, 0xFF, 0xFF, 0xFF, 0xFF, 0xFF, 0xFF, 0xFF, 0xFF, 0xFF,
    0xFF, 0xFF, 0xFF, 0xFF, 0xFF, 0xFF, 0xFF, 0xFF, 0xCE, 0x58, 0x7B, 0x6B,
    0xD6, 0x31, 0xFF, 0x94, 0xF7, 0x32, 0xFF, 0x32, 0xFF, 0x32, 0xFF, 0x32,
    0xFF, 0x32, 0xFF, 0x31, 0xFF, 0x54, 0xFF, 0x76, 0xFF, 0x77, 0xFF, 0xBA,
    0xFF, 0xBB, 0xFF, 0xDD, 0xFF, 0xDE, 0xFF, 0xFF, 0xFF, 0xFF, 0xFF, 0xFF,
    0xFF, 0xFF, 0xFF, 0xFF, 0xFF, 0xFF, 0xFF, 0xFF, 0xFF, 0xFF, 0xFF, 0xFF,
    0xFF, 0xFF, 0xFF, 0xFF, 0xFF, 0xFF, 0xFF, 0xFF, 0xFF, 0xFF, 0xFF, 0xFF,
    0xFF, 0xFF, 0xFF, 0xFF, 0xF7, 0x9E, 0x62, 0xA9, 0xDE, 0x54, 0xFF, 0x75,
    0xFF, 0x73, 0xFF, 0x32, 0xFF, 0x32, 0xFF, 0x32, 0xFF, 0x32, 0xFF, 0x32,
    0xF7, 0x52, 0xF7, 0x73, 0xF7, 0x93, 0xF7, 0x93, 0xFF, 0x97, 0xFF, 0xDD,
    0xFF, 0xFF, 0xFF, 0xFF, 0xFF, 0xFF, 0xFF, 0xFF, 0xFF, 0xFF, 0xFF, 0xFF,
    0xFF, 0xFF, 0xFF, 0xFF, 0xFF, 0xFF, 0xFF, 0xFF, 0xFF, 0xFF, 0xFF, 0xFF,
    0xFF, 0xFF, 0xCE, 0x58, 0x52, 0x27, 0x94, 0x30, 0x8B, 0xCE, 0xCD, 0xD0,
    0xFF, 0xB4, 0xF7, 0x32, 0xFF, 0x32, 0xFF, 0x32, 0xFF, 0x32, 0xFF, 0x32,
    0xFF, 0x31, 0xFF, 0x31, 0xFF, 0x31, 0xFF, 0x31, 0xFF, 0x32, 0xFF, 0x32,
    0xFF, 0x54, 0xFF, 0x55, 0xFF, 0x76, 0xFF, 0x98, 0xFF, 0xBB, 0xFF, 0xDE,
    0xFF, 0xFF, 0xFF, 0xFF, 0xFF, 0xFF, 0xFF, 0xFF, 0xFF, 0xFF, 0xFF, 0xFF,
    0xFF, 0xFF, 0xFF, 0xFF, 0xFF, 0xFF, 0xFF, 0xFF, 0xFF, 0xFF, 0xFF, 0xFF,
    0xF7, 0x9E, 0x52, 0x49, 0x73, 0x4D, 0x9C, 0x4F, 0xDE, 0x94, 0xFF, 0x94,
    0xFF, 0x73, 0xF7, 0x52, 0xF7, 0x52, 0xF7, 0x52, 0xF7, 0x73, 0xF7, 0x73,
    0xF7, 0x93, 0xFF, 0x96, 0xFF, 0xDC, 0xFF, 0xFF, 0xFF, 0xFF, 0xFF, 0xFF,
    0xFF, 0xFF, 0xFF, 0xFF, 0xFF, 0xFF, 0xFF, 0xFF, 0xFF, 0xFF, 0xFF, 0xFF,
    0xFF, 0xFF, 0xFF, 0xFF, 0xFF, 0xFF, 0xFF, 0xFF, 0xDE, 0xDA, 0x52, 0x27,
    0xAD, 0x55, 0xFF, 0xFF, 0xDE, 0xBB, 0x62, 0x49, 0xD6, 0x11, 0xFF, 0x93,
    0xFF, 0x32, 0xFF, 0x32, 0xFF, 0x32, 0xFF, 0x32, 0xFF, 0x32, 0xFF, 0x32,
    0xFF, 0x32, 0xFF, 0x32, 0xFF, 0x32, 0xFF, 0x32, 0xFF, 0x31, 0xFF, 0x31,
    0xFF, 0x31, 0xFF, 0x31, 0xFF, 0x31, 0xFF, 0x53, 0xFF, 0x75, 0xFF, 0x77,
    0xFF, 0xBB, 0xFF, 0xFF, 0xFF, 0xFF, 0xFF, 0xFF, 0xFF, 0xFF, 0xFF, 0xFF,
    0xFF, 0xFF, 0xFF, 0xFF, 0xFF, 0xFF, 0xFF, 0xFF, 0xF7, 0x9E, 0x94, 0xB2,
    0xD6, 0xBA, 0x83, 0xEF, 0x6A, 0xCB, 0x94, 0x2E, 0xDE, 0x52, 0xFF, 0x74,
    0xFF, 0x94, 0xF7, 0x73, 0xF7, 0x73, 0xF7, 0x93, 0xF7, 0x95, 0xFF, 0xBA,
    0xFF, 0xFF, 0xFF, 0xFF, 0xFF, 0xFF, 0xFF, 0xFF, 0xFF, 0xFF, 0xFF, 0xFF,
    0xFF, 0xFF, 0xFF, 0xFF, 0xFF, 0xFF, 0xFF, 0xFF, 0xFF, 0xFF, 0xFF, 0xFF,
    0xFF, 0xFF, 0xE7, 0x3B, 0x52, 0x06, 0xA4, 0xD3, 0xFF, 0xFF, 0xFF, 0xFF,
    0xFF, 0xFF, 0x9C, 0xB3, 0x5A, 0x26, 0xEF, 0x13, 0xFF, 0x52, 0xFF, 0x32,
    0xFF, 0x32, 0xFF, 0x32, 0xFF, 0x32, 0xFF, 0x32, 0xFF, 0x32, 0xFF, 0x32,
    0xFF, 0x32, 0xFF, 0x32, 0xFF, 0x32, 0xFF, 0x32, 0xFF, 0x32, 0xFF, 0x32,
    0xFF, 0x32, 0xFF, 0x31, 0xFF, 0x31, 0xFF, 0x10, 0xFF, 0x76, 0xFF, 0xFF,
    0xFF, 0xFF, 0xFF, 0xFF, 0xFF, 0xFF, 0xFF, 0xFF, 0xFF, 0xFF, 0xFF, 0xFF,
    0xFF, 0xFF, 0xFF, 0xFF, 0xF7, 0x9E, 0x9C, 0xD3, 0xFF, 0xFF, 0xFF, 0xFF,
    0xCE, 0x79, 0x94, 0x51, 0x73, 0x4C, 0x8B, 0xCC, 0xBD, 0x70, 0xF7, 0x55,
    0xFF, 0x95, 0xFF, 0xD6, 0xFF, 0xF9, 0xFF, 0xFE, 0xFF, 0xFF, 0xFF, 0xFF,
    0xFF, 0xFF, 0xFF, 0xFF, 0xFF, 0xFF, 0xFF, 0xFF, 0xFF, 0xFF, 0xBD, 0xB6,
    0xDE, 0xFB, 0xFF, 0xFF, 0xFF, 0xFF, 0xFF, 0xFF, 0xF7, 0x9D, 0x62, 0x89,
    0x94, 0x50, 0xFF, 0xFF, 0xFF, 0xFF, 0xFF, 0xFF, 0xFF, 0xFF, 0xFF, 0xDE,
    0x73, 0x4C, 0x94, 0x0B, 0xFF, 0xB4, 0xFF, 0x32, 0xFF, 0x32, 0xFF, 0x32,
    0xFF, 0x32, 0xFF, 0x32, 0xFF, 0x32, 0xFF, 0x32, 0xFF, 0x32, 0xFF, 0x32,
    0xFF, 0x32, 0xFF, 0x32, 0xFF, 0x32, 0xFF, 0x32, 0xFF, 0x32, 0xFF, 0x32,
    0xFF, 0x32, 0xFF, 0x31, 0xFF, 0x78, 0xFF, 0xFF, 0xFF, 0xFF, 0xFF, 0xFF,
    0xFF, 0xFF, 0xFF, 0xFF, 0xFF, 0xFF, 0xFF, 0xFF, 0xFF, 0xFF, 0xFF, 0xFF,
    0xF7, 0x9E, 0x9C, 0xD3, 0xFF, 0xFF, 0xFF, 0xFF, 0xFF, 0xFF, 0xFF, 0xFF,
    0xEF, 0x5D, 0xBD, 0xB6, 0xA4, 0xF3, 0xB5, 0x92, 0xB5, 0x71, 0xBD, 0x91,
    0xDE, 0x96, 0xEF, 0x5C, 0xFF, 0xDF, 0xFF, 0xFF, 0xFF, 0xFF, 0xFF, 0xFF,
    0xFF, 0xFF, 0xF7, 0xDE, 0xB5, 0x96, 0x52, 0x47, 0x6A, 0xEB, 0xDE, 0xFB,
    0xFF, 0xFF, 0xFF, 0xFF, 0x73, 0x4C, 0x83, 0xAE, 0xFF, 0xFF, 0xFF, 0xFF,
    0xFF, 0xFF, 0xFF, 0xFF, 0xFF, 0xFF, 0xFF, 0xFF, 0xE7, 0x3C, 0x6A, 0xCA,
    0xD6, 0x31, 0xFF, 0x73, 0xF7, 0x52, 0xFF, 0x32, 0xFF, 0x32, 0xFF, 0x32,
    0xFF, 0x32, 0xFF, 0x32, 0xFF, 0x32, 0xFF, 0x32, 0xFF, 0x32, 0xFF, 0x32,
    0xFF, 0x32, 0xFF, 0x32, 0xFF, 0x32, 0xFF, 0x32, 0xFF, 0x32, 0xFF, 0x31,
    0xFF, 0x78, 0xFF, 0xFF, 0xFF, 0xFF, 0xFF, 0xFF, 0xFF, 0xFF, 0xFF, 0xFF,
    0xFF, 0xFF, 0xFF, 0xFF, 0xFF, 0xFF, 0xFF, 0xFF, 0xF7, 0x9E, 0x9C, 0xD3,
    0xFF, 0xFF, 0xFF, 0xFF, 0xFF, 0xFF, 0xFF, 0xFF, 0xFF, 0xFF, 0xFF, 0xFF,
    0xFF, 0xDF, 0xDE, 0xFB, 0xC6, 0x18, 0xAD, 0x54, 0xA4, 0xB1, 0x83, 0xCE,
    0x83, 0xAE, 0x8C, 0x30, 0x9C, 0xB2, 0x9C, 0xD2, 0x83, 0xEF, 0x6A, 0xEA,
    0x4A, 0x07, 0xBD, 0x70, 0x9C, 0x6C, 0x52, 0x49, 0xCE, 0x59, 0x94, 0x71,
    0x5A, 0x68, 0xF7, 0xBE, 0xFF, 0xFF, 0xFF, 0xFF, 0xFF, 0xFF, 0xFF, 0xFF,
    0xFF, 0xFF, 0xFF, 0xFF, 0xFF, 0xFF, 0xBD, 0xB6, 0x7B, 0x49, 0xFF, 0x74,
    0xF7, 0x73, 0xF7, 0x52, 0xF7, 0x52, 0xF7, 0x52, 0xFF, 0x32, 0xF7, 0x32,
    0xF7, 0x32, 0xF7, 0x32, 0xFF, 0x32, 0xFF, 0x32, 0xFF, 0x32, 0xFF, 0x32,
    0xFF, 0x32, 0xFF, 0x32, 0xFF, 0x32, 0xFF, 0x31, 0xFF, 0x98, 0xFF, 0xFF,
    0xFF, 0xFF, 0xFF, 0xFF, 0xFF, 0xFF, 0xFF, 0xFF, 0xFF, 0xFF, 0xFF, 0xFF,
    0xFF, 0xFF, 0xFF, 0xFF, 0xF7, 0x9E, 0x9C, 0xD3, 0xFF, 0xFF, 0xFF, 0xFF,
    0xFF, 0xFF, 0xFF, 0xDF, 0xFF, 0xDF, 0xFF, 0xDF, 0xEF, 0x7D, 0xDE, 0xFB,
    0xDE, 0xFB, 0xE7, 0x3C, 0xE7, 0x3C, 0xDE, 0xDA, 0xCE, 0x58, 0xC6, 0x18,
    0xC5, 0xF7, 0xBD, 0xD6, 0x94, 0x51, 0x83, 0xAB, 0xD5, 0xEF, 0xF6, 0xF2,
    0xF7, 0x12, 0x94, 0x2B, 0x62, 0xA8, 0x41, 0xA5, 0xB5, 0x76, 0xFF, 0xFF,
    0xFF, 0xFF, 0xFF, 0xFF, 0xFF, 0xFF, 0xFF, 0xFF, 0xFF, 0xFF, 0xFF, 0xFF,
    0xFF, 0xFF, 0xFF, 0xFF, 0x83, 0xCE, 0xAC, 0xEE, 0xFF, 0xB5, 0xF7, 0x73,
    0xF7, 0x72, 0xF7, 0x72, 0xF7, 0x72, 0xF7, 0x52, 0xF7, 0x52, 0xF7, 0x52,
    0xF7, 0x52, 0xF7, 0x52, 0xF7, 0x52, 0xF7, 0x52, 0xF7, 0x52, 0xF7, 0x52,
    0xF7, 0x52, 0xFF, 0x52, 0xFF, 0x98, 0xFF, 0xFF, 0xFF, 0xFF, 0xFF, 0xFF,
    0xFF, 0xFF, 0xFF, 0xFF, 0xFF, 0xFF, 0xFF, 0xFF, 0xFF, 0xFF, 0xFF, 0xFF,
    0xF7, 0x9E, 0x9C, 0xD3, 0xFF, 0xFF, 0xFF, 0xFF, 0xFF, 0xFF, 0xFF, 0xFF,
    0xFF, 0xFF, 0xEF, 0x7D, 0xDE, 0xDA, 0xD6, 0x99, 0xDE, 0xDA, 0xF7, 0x9D,
    0xFF, 0xFF, 0xFF, 0xFF, 0xFF, 0xFF, 0xFF, 0xFF, 0xFF, 0xFF, 0xFF, 0xFF,
    0xFF, 0xFF, 0xE7, 0x1B, 0xEE, 0xD3, 0xFF, 0x52, 0xFF, 0x52, 0xFF, 0x72,
    0xF6, 0xF1, 0xDE, 0x30, 0xD6, 0x55, 0xCE, 0x59, 0xF7, 0xBE, 0xFF, 0xFF,
    0xFF, 0xFF, 0xFF, 0xFF, 0xFF, 0xFF, 0xFF, 0xFF, 0xFF, 0xFF, 0xFF, 0xFF,
    0xDE, 0xFB, 0x52, 0x07, 0xCD, 0xF2, 0xFF, 0xD9, 0xFF, 0x97, 0xF7, 0x95,
    0xF7, 0x94, 0xF7, 0x73, 0xF7, 0x72, 0xF7, 0x72, 0xF7, 0x72, 0xF7, 0x72,
    0xF7, 0x72, 0xF7, 0x72, 0xF7, 0x72, 0xF7, 0x72, 0xF7, 0x72, 0xF7, 0x72,
    0xFF, 0xB9, 0xFF, 0xFF, 0xFF, 0xFF, 0xFF, 0xFF, 0xFF, 0xFF, 0xFF, 0xFF,
    0xFF, 0xFF, 0xFF, 0xFF, 0xFF, 0xFF, 0xFF, 0xFF, 0xF7, 0x9E, 0x9C, 0xD3,
    0xFF, 0xFF, 0xFF, 0xFF, 0xFF, 0xFF, 0xFF, 0xFF, 0xDE, 0xFB, 0xDE, 0xBA,
    0xEF, 0x7D, 0xFF, 0xFF, 0xFF, 0xFF, 0xFF, 0xFF, 0xFF, 0xFF, 0xFF, 0xFF,
    0xFF, 0xFF, 0xFF, 0xFF, 0xFF, 0xFF, 0xFF, 0xFF, 0xFF, 0xFF, 0xFF, 0xFF,
    0xDE, 0x75, 0xF6, 0xD0, 0xFF, 0x51, 0xFF, 0x52, 0xF6, 0xF2, 0xDE, 0x53,
    0xDE, 0x98, 0xE7, 0x5C, 0xCE, 0x79, 0xEF, 0x7D, 0xFF, 0xFF, 0xFF, 0xFF,
    0xFF, 0xFF, 0xFF, 0xFF, 0xFF, 0xFF, 0xFF, 0xFF, 0xFF, 0xFF, 0x94, 0x50,
    0x73, 0x2A, 0xFF, 0xFE, 0xFF, 0xFE, 0xFF, 0xFE, 0xFF, 0xDD, 0xFF, 0xDB,
    0xFF, 0xB8, 0xF7, 0x95, 0xF7, 0x94, 0xF7, 0x74, 0xF7, 0x74, 0xF7, 0x73,
    0xF7, 0x72, 0xF7, 0x72, 0xF7, 0x72, 0xFF, 0x72, 0xFF, 0xBA, 0xFF, 0xFF,
    0xFF, 0xFF, 0xFF, 0xFF, 0xFF, 0xFF, 0xFF, 0xFF, 0xFF, 0xFF, 0xFF, 0xFF,
    0xFF, 0xFF, 0xFF, 0xFF, 0xF7, 0x9E, 0x9C, 0xD3, 0xFF, 0xFF, 0xFF, 0xFF,
    0xFF, 0xFF, 0xDE, 0xDB, 0xDE, 0xFB, 0xFF, 0xFF, 0xFF, 0xFF, 0xFF, 0xFF,
    0xFF, 0xFF, 0xFF, 0xFF, 0xFF, 0xFF, 0xFF, 0xFF, 0xFF, 0xFF, 0xFF, 0xFF,
    0xFF, 0xFF, 0xFF, 0xFF, 0xFF, 0xFF, 0xFF, 0xFF, 0xD6, 0x56, 0xEE, 0xB2,
    0xEE, 0xB3, 0xE6, 0x70, 0xD6, 0x75, 0xEF, 0x7E, 0xFF, 0xFF, 0xFF, 0xFF,
    0xEF, 0x7D, 0xC6, 0x38, 0xF7, 0xBE, 0xFF, 0xFF, 0xFF, 0xFF, 0xFF, 0xFF,
    0xFF, 0xFF, 0xFF, 0xFF, 0xFF, 0xFF, 0xEF, 0x7D, 0x5A, 0x48, 0xCE, 0x58,
    0xFF, 0xFF, 0xFF, 0xFF, 0xFF, 0xFF, 0xFF, 0xFF, 0xFF, 0xFF, 0xFF, 0xFE,
    0xFF, 0xDD, 0xFF, 0xDD, 0xFF, 0xDC, 0xFF, 0xDB, 0xFF, 0xB9, 0xF7, 0x98,
    0xF7, 0x98, 0xFF, 0xB8, 0xFF, 0xDD, 0xFF, 0xFF, 0xFF, 0xFF, 0xFF, 0xFF,
    0xFF, 0xFF, 0xFF, 0xFF, 0xFF, 0xFF, 0xFF, 0xFF, 0xFF, 0xFF, 0xFF, 0xFF,
    0xF7, 0x9E, 0x8C, 0x71, 0xFF, 0xDF, 0xFF, 0xFF, 0xE7, 0x3C, 0xE7, 0x3C,
    0xFF, 0xFF, 0xFF, 0xFF, 0xFF, 0xFF, 0xFF, 0xFF, 0xFF, 0xFF, 0xFF, 0xFF,
    0xFF, 0xFF, 0xFF, 0xFF, 0xFF, 0xFF, 0xFF, 0xFF, 0xFF, 0xFF, 0xFF, 0xFF,
    0xFF, 0xFF, 0xFF, 0xFF, 0xF7, 0xBE, 0xF7, 0xBE, 0xF7, 0xBE, 0xDE, 0xD9,
    0xD6, 0x99, 0xFF, 0xFF, 0xFF, 0xFF, 0xFF, 0xFF, 0xFF, 0xFF, 0xE7, 0x5C,
    0xCE, 0x59, 0xFF, 0xFF, 0xFF, 0xFF, 0xFF, 0xFF, 0xFF, 0xFF, 0xFF, 0xFF,
    0xFF, 0xFF, 0xFF, 0xFF, 0x83, 0xCF, 0x6B, 0x0C, 0xFF, 0xFF, 0xFF, 0xFF,
    0xFF, 0xFF, 0xFF, 0xFF, 0xFF, 0xFF, 0xFF, 0xFF, 0xFF, 0xFF, 0xFF, 0xFF,
    0xFF, 0xFF, 0xFF, 0xFF, 0xFF, 0xFF, 0xFF, 0xFF, 0xFF, 0xFF, 0xFF, 0xFF,
    0xFF, 0xFF, 0xFF, 0xFF, 0xFF, 0xFF, 0xFF, 0xFF, 0xFF, 0xFF, 0xFF, 0xFF,
    0xFF, 0xFF, 0xFF, 0xFF, 0xFF, 0xFF, 0xFF, 0xFF, 0xF7, 0x9E, 0x8C, 0x51,
    0xEF, 0x5D, 0xDE, 0xFB, 0xE7, 0x3C, 0xF7, 0xDE, 0xDE, 0xFB, 0xDE, 0xFB,
    0xE7, 0x1C, 0xDE, 0xFB, 0xE7, 0x1B, 0xE7, 0x3C, 0xE7, 0x3C, 0xEF, 0x7D,
    0xEF, 0x7D, 0xEF, 0x5C, 0xEF, 0x7D, 0xF7, 0xBE, 0xD6, 0xBA, 0xBD, 0xD7,
    0xFF, 0xFF, 0xFF, 0xFF, 0xE7, 0x3C, 0xEF, 0x5D, 0xEF, 0x5D, 0xEF, 0x5D,
    0xEF, 0x9D, 0xF7, 0xBE, 0xFF, 0xFF, 0xFF, 0xFF, 0xDE, 0xDB, 0xDE, 0xBA,
    0xFF, 0xFF, 0xFF, 0xFF, 0xFF, 0xFF, 0xFF, 0xFF, 0xFF, 0xFF, 0xFF, 0xFF,
    0xD6, 0x9A, 0x5A, 0x69, 0x7B, 0x2C, 0xE7, 0x1C, 0xFF, 0xFF, 0xFF, 0xFF,
    0xFF, 0xFF, 0xFF, 0xFF, 0xFF, 0xFF, 0xFF, 0xFF, 0xFF, 0xFF, 0xFF, 0xFF,
    0xFF, 0xFF, 0xFF, 0xFF, 0xFF, 0xFF, 0xFF, 0xFF, 0xFF, 0xFF, 0xFF, 0xFF,
    0xFF, 0xFF, 0xFF, 0xFF, 0xFF, 0xFF, 0xFF, 0xFF, 0xFF, 0xFF, 0xFF, 0xFF,
    0xFF, 0xFF, 0xFF, 0xFF, 0xF7, 0x9E, 0x94, 0x92, 0xFF, 0xFF, 0xE7, 0x3C,
    0xD6, 0x9A, 0xB5, 0x96, 0xB5, 0x96, 0xCE, 0x79, 0xEF, 0x5D, 0xE7, 0x3C,
    0xE7, 0x3C, 0xE7, 0x5C, 0xEF, 0x5C, 0xCE, 0x58, 0xA4, 0xD3, 0xA4, 0xF3,
    0xEF, 0x5D, 0xC5, 0xF7, 0x62, 0xEC, 0x52, 0x8A, 0xD6, 0xBA, 0xF7, 0x9E,
    0xCE, 0x79, 0xBD, 0xB6, 0xDE, 0xFB, 0xE7, 0x5C, 0xE7, 0x1C, 0xDE, 0xDB,
    0xD6, 0xBA, 0xE7, 0x3C, 0xFF, 0xFF, 0xCE, 0x79, 0xEF, 0x7D, 0xFF, 0xFF,
    0xFF, 0xFF, 0xFF, 0xFF, 0xFF, 0xFF, 0xFF, 0xFF, 0xFF, 0xFF, 0xF7, 0xBE,
    0x8B, 0xCE, 0x51, 0xE6, 0xBD, 0xB6, 0xFF, 0xFF, 0xFF, 0xFF, 0xFF, 0xFF,
    0xFF, 0xFF, 0xFF, 0xFF, 0xFF, 0xFF, 0xFF, 0xFF, 0xFF, 0xFF, 0xFF, 0xFF,
    0xFF, 0xFF, 0xFF, 0xFF, 0xFF, 0xFF, 0xFF, 0xFF, 0xFF, 0xFF, 0xFF, 0xFF,
    0xFF, 0xFF, 0xFF, 0xFF, 0xFF, 0xFF, 0xFF, 0xFF, 0xFF, 0xFF, 0xFF, 0xFF,
    0xF7, 0x9E, 0x8C, 0x71, 0xFF, 0xFF, 0xFF, 0xFF, 0xF7, 0xBE, 0xF7, 0xBE,
    0xFF, 0xFF, 0xF7, 0xDE, 0xFF, 0xFF, 0xFF, 0xFF, 0xFF, 0xFF, 0xFF, 0xFF,
    0xB5, 0x35, 0xA4, 0x92, 0xD6, 0x79, 0xF7, 0xBE, 0xFF, 0xFF, 0xE7, 0x1C,
    0x4A, 0x29, 0x39, 0xA7, 0xA4, 0xF3, 0xFF, 0xFF, 0xF7, 0x9E, 0xDE, 0xFB,
    0xFF, 0xDF, 0xFF, 0xFF, 0xFF, 0xFF, 0xFF, 0xFF, 0xF7, 0xBE, 0xEF, 0x7D,
    0xFF, 0xFF, 0xEF, 0x9D, 0xCE, 0x58, 0xFF, 0xFF, 0xFF, 0xFF, 0xFF, 0xFF,
    0xFF, 0xFF, 0xFF, 0xFF, 0xFF, 0xFF, 0xFF, 0xFF, 0xFF, 0xFF, 0xB5, 0x75,
    0x51, 0xC6, 0x94, 0x0F, 0xFF, 0xDE, 0xFF, 0xFF, 0xFF, 0xFF, 0xFF, 0xFF,
    0xFF, 0xFF, 0xFF, 0xFF, 0xFF, 0xFF, 0xFF, 0xFF, 0xFF, 0xFF, 0xFF, 0xFF,
    0xFF, 0xFF, 0xFF, 0xFF, 0xFF, 0xFF, 0xFF, 0xFF, 0xFF, 0xFF, 0xFF, 0xFF,
    0xFF, 0xFF, 0xFF, 0xFF, 0xFF, 0xFF, 0xFF, 0xFF, 0xF7, 0x9E, 0x8C, 0x51,
    0xFF, 0xFF, 0xFF, 0xFF, 0xFF, 0xFF, 0xFF, 0xFF, 0xFF, 0xFF, 0xD6, 0xBA,
    0xE7, 0x3C, 0xFF, 0xFF, 0xFF, 0xFF, 0xF7, 0xBE, 0x83, 0x6E, 0xE7, 0x1B,
    0xFF, 0xFF, 0xFF, 0x5D, 0xF7, 0x5D, 0xFF, 0xFF, 0x94, 0xB2, 0x39, 0xA7,
    0x52, 0x69, 0xEF, 0x5C, 0xF7, 0xBE, 0xF7, 0xBE, 0xFF, 0xFF, 0xFF, 0xFF,
    0xFF, 0xFF, 0xFF, 0xFF, 0xFF, 0xFF, 0xFF, 0xFF, 0xFF, 0xFF, 0xFF, 0xFF,
    0xCE, 0x59, 0xE7, 0x1B, 0xFF, 0xFF, 0xFF, 0xFF, 0xFF, 0xFF, 0xFF, 0xFF,
    0xFF, 0xFF, 0xFF, 0xFF, 0xFF, 0xFF, 0xFF, 0xFF, 0xDE, 0xBA, 0x5A, 0x48,
    0x6B, 0x0B, 0xEF, 0x5C, 0xFF, 0xFF, 0xFF, 0xFF, 0xFF, 0xFF, 0xFF, 0xFF,
    0xFF, 0xFF, 0xFF, 0xFF, 0xFF, 0xFF, 0xFF, 0xFF, 0xFF, 0xFF, 0xFF, 0xFF,
    0xFF, 0xFF, 0xFF, 0xFF, 0xFF, 0xFF, 0xFF, 0xFF, 0xFF, 0xFF, 0xFF, 0xFF,
    0xFF, 0xFF, 0xFF, 0xFF, 0xF7, 0x9E, 0x84, 0x30, 0xFF, 0xFF, 0xFF, 0xFF,
    0xFF, 0xFF, 0xFF, 0xFF, 0xFF, 0xFF, 0xEF, 0x5D, 0xCE, 0x79, 0xFF, 0xFF,
    0xFF, 0xFF, 0xE6, 0xFB, 0x9C, 0x52, 0xFF, 0xFF, 0xFF, 0xFF, 0xF7, 0x5D,
    0xF7, 0x1C, 0xFF, 0xFF, 0xEF, 0x9D, 0x5A, 0xCB, 0x31, 0x65, 0x94, 0x71,
    0xFF, 0xDF, 0xEF, 0x5D, 0xFF, 0xFF, 0xFF, 0xFF, 0xFF, 0xFF, 0xFF, 0xFF,
    0xFF, 0xFF, 0xFF, 0xFF, 0xFF, 0xFF, 0xFF, 0xFF, 0xEF, 0x7D, 0xC6, 0x38,
    0xFF, 0xFF, 0xFF, 0xFF, 0xFF, 0xFF, 0xFF, 0xFF, 0xFF, 0xFF, 0xFF, 0xFF,
    0xFF, 0xFF, 0xFF, 0xFF, 0xFF, 0xFF, 0xEF, 0x7D, 0x62, 0xCB, 0x5A, 0x27,
    0xE7, 0x1B, 0xFF, 0xFF, 0xFF, 0xFF, 0xFF, 0xFF, 0xFF, 0xFF, 0xFF, 0xFF,
    0xFF, 0xFF, 0xFF, 0xFF, 0xFF, 0xFF, 0xFF, 0xFF, 0xFF, 0xFF, 0xFF, 0xFF,
    0xFF, 0xFF, 0xFF, 0xFF, 0xFF, 0xFF, 0xFF, 0xFF, 0xFF, 0xFF, 0xFF, 0xFF,
    0xF7, 0x9E, 0x84, 0x30, 0xFF, 0xFF, 0xFF, 0xFF, 0xFF, 0xFF, 0xFF, 0xFF,
    0xFF, 0xFF, 0xFF, 0xFF, 0xCE, 0x79, 0xEF, 0x9D, 0xFF, 0xFF, 0xC5, 0xF7,
    0xB5, 0x75, 0xFF, 0xFF, 0xFF, 0xFF, 0xFF, 0xDF, 0xF7, 0x9E, 0xF7, 0xBE,
    0xFF, 0xFF, 0xA4, 0xF3, 0x39, 0x85, 0x4A, 0x08, 0xCE, 0x79, 0xEF, 0x5C,
    0xFF, 0xFF, 0xFF, 0xFF, 0xFF, 0xFF, 0xFF, 0xFF, 0xFF, 0xFF, 0xFF, 0xFF,
    0xFF, 0xFF, 0xFF, 0xFF, 0xFF, 0xFF, 0xC6, 0x38, 0xEF, 0x7D, 0xFF, 0xFF,
    0xFF, 0xFF, 0xFF, 0xFF, 0xFF, 0xFF, 0xFF, 0xFF, 0xFF, 0xFF, 0xFF, 0xFF,
    0xFF, 0xFF, 0xFF, 0xFF, 0xEF, 0x9D, 0x6A, 0xEB, 0x62, 0xA9, 0xE7, 0x3C,
    0xFF, 0xFF, 0xFF, 0xFF, 0xFF, 0xFF, 0xFF, 0xFF, 0xFF, 0xFF, 0xFF, 0xFF,
    0xFF, 0xFF, 0xFF, 0xFF, 0xFF, 0xFF, 0xFF, 0xFF, 0xFF, 0xFF, 0xFF, 0xFF,
    0xFF, 0xFF, 0xFF, 0xFF, 0xFF, 0xFF, 0xFF, 0xFF, 0xF7, 0x9E, 0x84, 0x30,
    0xFF, 0xFF, 0xFF, 0xFF, 0xFF, 0xFF, 0xFF, 0xFF, 0xFF, 0xFF, 0xFF, 0xFF,
    0xE7, 0x1C, 0xDE, 0xDB, 0xFF, 0xFF, 0xBD, 0xB6, 0xCE, 0x59, 0xFF, 0xFF,
    0xFF, 0xFF, 0xFF, 0xFF, 0xFF, 0xFF, 0xFF, 0xFF, 0xFF, 0xFF, 0xE7, 0x3C,
    0x52, 0x69, 0x29, 0x24, 0x94, 0xB2, 0xEF, 0x7D, 0xDE, 0xDA, 0xDE, 0xFB,
    0xD6, 0x9A, 0xD6, 0x79, 0xD6, 0x9A, 0xF7, 0xBE, 0xFF, 0xFF, 0xFF, 0xFF,
    0xFF, 0xFF, 0xDE, 0xFB, 0xD6, 0xBA, 0xFF, 0xFF, 0xFF, 0xFF, 0xFF, 0xFF,
    0xFF, 0xFF, 0xFF, 0xFF, 0xFF, 0xFF, 0xFF, 0xFF, 0xFF, 0xFF, 0xFF, 0xFF,
    0xFF, 0xFF, 0xEF, 0x7D, 0x5A, 0x8A, 0x73, 0x2C, 0xFF, 0xDF, 0xFF, 0xFF,
    0xFF, 0xFF, 0xFF, 0xFF, 0xFF, 0xFF, 0xFF, 0xFF, 0xFF, 0xFF, 0xFF, 0xFF,
    0xFF, 0xFF, 0xFF, 0xFF, 0xFF, 0xFF, 0xFF, 0xFF, 0xFF, 0xFF, 0xFF, 0xFF,
    0xFF, 0xFF, 0xFF, 0xFF, 0xF7, 0x9E, 0x8C, 0x51, 0xFF, 0xFF, 0xFF, 0xFF,
    0xFF, 0xFF, 0xFF, 0xFF, 0xFF, 0xFF, 0xFF, 0xFF, 0xF7, 0xBE, 0xCE, 0x59,
    0xFF, 0xFF, 0xB5, 0x75, 0xEF, 0x3C, 0xFF, 0xFF, 0xFF, 0xFF, 0xFF, 0xFF,
    0xFF, 0xFF, 0xFF, 0xFF, 0xFF, 0xFF, 0xFF, 0xFF, 0xDE, 0xDB, 0xB5, 0xB6,
    0xDE, 0xDB, 0xE7, 0x3C, 0xCE, 0x38, 0xE7, 0x3C, 0xEF, 0x5D, 0xEF, 0x5D,
    0xEF, 0x5D, 0xFF, 0xDF, 0xFF, 0xFF, 0xFF, 0xFF, 0xFF, 0xFF, 0xEF, 0x7D,
    0xC6, 0x38, 0xFF, 0xFF, 0xFF, 0xFF, 0xFF, 0xFF, 0xFF, 0xFF, 0xFF, 0xFF,
    0xFF, 0xFF, 0xFF, 0xFF, 0xFF, 0xFF, 0xFF, 0xFF, 0xFF, 0xFF, 0xFF, 0xFF,
    0xE7, 0x3C, 0x5A, 0x69, 0xB5, 0x95, 0xFF, 0xFF, 0xFF, 0xFF, 0xFF, 0xFF,
    0xFF, 0xFF, 0xFF, 0xFF, 0xFF, 0xFF, 0xFF, 0xFF, 0xFF, 0xFF, 0xFF, 0xFF,
    0xFF, 0xFF, 0xFF, 0xFF, 0xFF, 0xFF, 0xFF, 0xFF, 0xFF, 0xFF, 0xFF, 0xFF,
    0xF7, 0x9E, 0x8C, 0x51, 0xE7, 0x1C, 0xEF, 0x7D, 0xFF, 0xFF, 0xFF, 0xFF,
    0xFF, 0xFF, 0xFF, 0xFF, 0xFF, 0xFF, 0xD6, 0x9A, 0xEF, 0x7D, 0xBD, 0xD7,
    0xF7, 0x9D, 0xFF, 0xFF, 0xFF, 0xFF, 0xFF, 0xFF, 0xFF, 0xFF, 0xFF, 0xFF,
    0xFF, 0xFF, 0xFF, 0xFF, 0xFF, 0xFF, 0xFF, 0xFF, 0xFF, 0xFF, 0xEF, 0x7D,
    0xFF, 0xDF, 0xFF, 0xFF, 0xFF, 0xFF, 0xFF, 0xFF, 0xFF, 0xFF, 0xFF, 0xFF,
    0xFF, 0xFF, 0xFF, 0xFF, 0xFF, 0xFF, 0xFF, 0xDF, 0xBE, 0x17, 0xF7, 0xDE,
    0xFF, 0xFF, 0xFF, 0xFF, 0xFF, 0xFF, 0xFF, 0xFF, 0xFF, 0xFF, 0xFF, 0xFF,
    0xFF, 0xFF, 0xFF, 0xFF, 0xFF, 0xFF, 0xFF, 0xFF, 0xEF, 0x7D, 0x52, 0x28,
    0xB5, 0x75, 0xFF, 0xFF, 0xFF, 0xFF, 0xFF, 0xFF, 0xFF, 0xFF, 0xFF, 0xFF,
    0xFF, 0xFF, 0xFF, 0xFF, 0xFF, 0xFF, 0xFF, 0xFF, 0xFF, 0xFF, 0xFF, 0xFF,
    0xFF, 0xFF, 0xFF, 0xFF, 0xFF, 0xFF, 0xFF, 0xFF, 0xF7, 0x9E, 0x62, 0xC9,
    0xD6, 0x11, 0xDE, 0xD8, 0xFF, 0xFF, 0xFF, 0xFF, 0xFF, 0xFF, 0xFF, 0xFF,
    0xFF, 0xFF, 0xDE, 0xFB, 0xD6, 0xBA, 0xCE, 0x38, 0xF7, 0x9E, 0xFF, 0xFF,
    0xFF, 0xFF, 0xFF, 0xFF, 0xEF, 0x5D, 0xF7, 0xDE, 0xFF, 0xFF, 0xFF, 0xFF,
    0xFF, 0xFF, 0xFF, 0xFF, 0xFF, 0xFF, 0xDE, 0xFB, 0xEF, 0x9D, 0xFF, 0xFF,
    0xFF, 0xFF, 0xFF, 0xFF, 0xFF, 0xFF, 0xFF, 0xFF, 0xFF, 0xFF, 0xFF, 0xFF,
    0xFF, 0xFF, 0xFF, 0xFF, 0xCE, 0x59, 0xF7, 0xBE, 0xFF, 0xFF, 0xFF, 0xFF,
    0xFF, 0xFF, 0xFF, 0xFF, 0xFF, 0xFF, 0xFF, 0xFF, 0xFF, 0xFF, 0xFF, 0xFF,
    0xFF, 0xFF, 0xFF, 0xFF, 0x83, 0xAD, 0x73, 0x2C, 0xFF, 0xFF, 0xFF, 0xFF,
    0xFF, 0xFF, 0xFF, 0xFF, 0xFF, 0xDE, 0xFF, 0xBB, 0xFF, 0xDE, 0xFF, 0xFF,
    0xFF, 0xFF, 0xFF, 0xFF, 0xFF, 0xFF, 0xFF, 0xFF, 0xFF, 0xFF, 0xFF, 0xFF,
    0xFF, 0xFF, 0xFF, 0xFF, 0xF7, 0x9E, 0x8C, 0x09, 0xFF, 0xB2, 0xE6, 0xD5,
    0xE7, 0x3B, 0xF7, 0xBE, 0xE7, 0x1B, 0xD6, 0x76, 0xF7, 0xBE, 0xEF, 0x7D,
    0xB5, 0x96, 0xD6, 0x9A, 0xFF, 0xDF, 0xFF, 0xFF, 0xFF, 0xFF, 0xFF, 0xDF,
    0xE7, 0x1C, 0xFF, 0xDF, 0xFF, 0xFF, 0xFF, 0xFF, 0xFF, 0xFF, 0xFF, 0xFF,
    0xFF, 0xFF, 0xDE, 0xDB, 0xF7, 0xBE, 0xFF, 0xFF, 0xFF, 0xFF, 0xFF, 0xFF,
    0xFF, 0xFF, 0xFF, 0xFF, 0xFF, 0xFF, 0xFF, 0xFF, 0xFF, 0xFF, 0xFF, 0xFF,
    0xCE, 0x79, 0xF7, 0x9E, 0xFF, 0xFF, 0xFF, 0xFF, 0xFF, 0xFF, 0xFF, 0xFF,
    0xFF, 0xFF, 0xFF, 0xFF, 0xFF, 0xFF, 0xFF, 0xFF, 0xFF, 0xFF, 0xC5, 0xF7,
    0x41, 0xA5, 0xDE, 0xBA, 0xFF, 0xFF, 0xFF, 0xFF, 0xFF, 0xFF, 0xFF, 0xDD,
    0xFF, 0xB8, 0xFF, 0x96, 0xFF, 0xDE, 0xFF, 0xFF, 0xFF, 0xFF, 0xFF, 0xFF,
    0xFF, 0xFF, 0xFF, 0xFF, 0xFF, 0xFF, 0xFF, 0xFF, 0xFF, 0xFF, 0xFF, 0xFF,
    0xF7, 0x9E, 0x9C, 0x6B, 0xFF, 0xB3, 0xFF, 0x32, 0xEE, 0xD1, 0xC5, 0xB2,
    0xB5, 0x73, 0xCD, 0xF2, 0xE7, 0x1B, 0xF7, 0xDF, 0xCE, 0x79, 0xFF, 0xFF,
    0xFF, 0xFF, 0xFF, 0xFF, 0xFF, 0xFF, 0xFF, 0xFF, 0xFF, 0xFF, 0xFF, 0xFF,
    0xFF, 0xFF, 0xFF, 0xFF, 0xFF, 0xFF, 0xFF, 0xFF, 0xFF, 0xFF, 0xDE, 0xFB,
    0xFF, 0xFF, 0xFF, 0xFF, 0xFF, 0xFF, 0xFF, 0xFF, 0xFF, 0xFF, 0xFF, 0xFF,
    0xFF, 0xFF, 0xFF, 0xFF, 0xFF, 0xFF, 0xFF, 0xFF, 0xCE, 0x99, 0xF7, 0xBE,
    0xFF, 0xFF, 0xFF, 0xFF, 0xFF, 0xFF, 0xFF, 0xFF, 0xFF, 0xFF, 0xFF, 0xFF,
    0xFF, 0xFF, 0xFF, 0xFF, 0xEF, 0x3C, 0x52, 0x27, 0x94, 0x71, 0xFF, 0xFF,
    0xFF, 0xFF, 0xFF, 0xFE, 0xFF, 0xFC, 0xF7, 0xB8, 0xFF, 0x74, 0xFF, 0x95,
    0xFF, 0xDE, 0xFF, 0xFF, 0xFF, 0xFF, 0xFF, 0xFF, 0xFF, 0xFF, 0xFF, 0xFF,
    0xFF, 0xFF, 0xFF, 0xFF, 0xFF, 0xFF, 0xFF, 0xFF, 0xF7, 0x9E, 0x9C, 0x4B,
    0xFF, 0xB3, 0xF7, 0x11, 0xDE, 0x52, 0xDE, 0xD9, 0xF7, 0x9E, 0xEF, 0x9E,
    0xFF, 0xDF, 0xF7, 0xDE, 0xCE, 0x79, 0xFF, 0xFF, 0xFF, 0xFF, 0xFF, 0xFF,
    0xFF, 0xFF, 0xFF, 0xFF, 0xFF, 0xFF, 0xFF, 0xFF, 0xFF, 0xFF, 0xFF, 0xFF,
    0xFF, 0xFF, 0xFF, 0xFF, 0xFF, 0xFF, 0xDE, 0xFB, 0xE7, 0x1C, 0xDE, 0xFB,
    0xD6, 0x9A, 0xD6, 0xBA, 0xEF, 0x9D, 0xFF, 0xFF, 0xFF, 0xFF, 0xFF, 0xFF,
    0xFF, 0xFF, 0xFF, 0xFF, 0xD6, 0xDA, 0xF7, 0xDE, 0xFF, 0xFF, 0xFF, 0xFF,
    0xFF, 0xFF, 0xFF, 0xFF, 0xFF, 0xFF, 0xFF, 0xFF, 0xFF, 0xFF, 0xFF, 0xDF,
    0x73, 0x2C, 0x6B, 0x0C, 0xF7, 0xDF, 0xFF, 0xFF, 0xFF, 0xFD, 0xFF, 0xDB,
    0xFF, 0xB8, 0xF7, 0x74, 0xF7, 0x73, 0xF7, 0x75, 0xFF, 0xDE, 0xFF, 0xFF,
    0xFF, 0xFF, 0xFF, 0xFF, 0xFF, 0xFF, 0xFF, 0xFF, 0xFF, 0xFF, 0xFF, 0xFF,
    0xFF, 0xFF, 0xFF, 0xFF, 0xF7, 0x9E, 0x9C, 0x4A, 0xFF, 0xD3, 0xEE, 0x90,
    0xD6, 0x98, 0xFF, 0xFF, 0xFF, 0xFF, 0xFF, 0xFF, 0xFF, 0xFF, 0xF7, 0xBE,
    0xD6, 0x9A, 0xFF, 0xFF, 0xFF, 0xFF, 0xFF, 0xFF, 0xFF, 0xFF, 0xFF, 0xFF,
    0xFF, 0xFF, 0xFF, 0xFF, 0xFF, 0xFF, 0xFF, 0xFF, 0xFF, 0xFF, 0xFF, 0xFF,
    0xFF, 0xFF, 0xE7, 0x3C, 0xBD, 0xD7, 0xD6, 0x9A, 0xE7, 0x5C, 0xEF, 0x9D,
    0xFF, 0xDF, 0xFF, 0xFF, 0xFF, 0xFF, 0xFF, 0xFF, 0xFF, 0xFF, 0xFF, 0xDF,
    0xD6, 0x9A, 0xF7, 0xDE, 0xFF, 0xFF, 0xFF, 0xFF, 0xFF, 0xFF, 0xFF, 0xFF,
    0xFF, 0xFF, 0xFF, 0xFF, 0xFF, 0xFF, 0x94, 0x51, 0x49, 0xE7, 0xE7, 0x1A,
    0xFF, 0xFD, 0xFF, 0xBB, 0xFF, 0xB9, 0xF7, 0x97, 0xF7, 0x74, 0xF7, 0x73,
    0xFF, 0x73, 0xF7, 0x75, 0xFF, 0xDE, 0xFF, 0xFF, 0xFF, 0xFF, 0xFF, 0xFF,
    0xFF, 0xFF, 0xFF, 0xFF, 0xFF, 0xFF, 0xFF, 0xFF, 0xFF, 0xFF, 0xFF, 0xFF,
    0xF7, 0x9E, 0x7B, 0xAB, 0xE6, 0xB2, 0xDE, 0x50, 0xE7, 0x1A, 0xFF, 0xFF,
    0xFF, 0xFF, 0xFF, 0xFF, 0xFF, 0xFF, 0xF7, 0xBE, 0xBD, 0xF7, 0xE7, 0x3C,
    0xFF, 0xFF, 0xFF, 0xFF, 0xFF, 0xFF, 0xFF, 0xFF, 0xFF, 0xFF, 0xFF, 0xFF,
    0xFF, 0xFF, 0xFF, 0xFF, 0xFF, 0xFF, 0xFF, 0xDF, 0xEF, 0x7D, 0xE7, 0x3C,
    0xEF, 0x7D, 0xFF, 0xFF, 0xFF, 0xFF, 0xFF, 0xFF, 0xFF, 0xFF, 0xFF, 0xFF,
    0xFF, 0xFF, 0xFF, 0xFF, 0xFF, 0xFF, 0xF7, 0x9E, 0xC6, 0x38, 0xFF, 0xFF,
    0xFF, 0xFF, 0xFF, 0xFF, 0xFF, 0xFF, 0xFF, 0xFF, 0xFF, 0xFF, 0xFF, 0xFF,
    0xA4, 0xD2, 0x41, 0x85, 0xC5, 0xF3, 0xFF, 0xF8, 0xFF, 0x96, 0xFF, 0x95,
    0xFF, 0x95, 0xF7, 0x73, 0xF7, 0x72, 0xFF, 0x73, 0xFF, 0x52, 0xF7, 0x74,
    0xFF, 0xDE, 0xFF, 0xFF, 0xFF, 0xFF, 0xFF, 0xFF, 0xFF, 0xFF, 0xFF, 0xFF,
    0xFF, 0xFF, 0xFF, 0xFF, 0xFF, 0xFF, 0xFF, 0xFF, 0xF7, 0x9E, 0x94, 0x92,
    0xE7, 0x3B, 0xB5, 0x73, 0xE7, 0x1B, 0xFF, 0xFF, 0xFF, 0xFF, 0xFF, 0xFF,
    0xFF, 0xFF, 0xF7, 0xBE, 0xBD, 0xD7, 0xB5, 0x96, 0xE7, 0x1B, 0xFF, 0xFF,
    0xFF, 0xFF, 0xFF, 0xFF, 0xFF, 0xFF, 0xFF, 0xFF, 0xFF, 0xFF, 0xFF, 0xFF,
    0xFF, 0xFF, 0x9C, 0xD3, 0x4A, 0x08, 0xC6, 0x38, 0xFF, 0xFF, 0xFF, 0xFF,
    0xFF, 0xFF, 0xFF, 0xFF, 0xFF, 0xFF, 0xFF, 0xFF, 0xFF, 0xFF, 0xFF, 0xFF,
    0xFF, 0xFF, 0xE7, 0x3C, 0xD6, 0xBA, 0xFF, 0xFF, 0xFF, 0xFF, 0xFF, 0xFF,
    0xFF, 0xFF, 0xFF, 0xFF, 0xFF, 0xDF, 0xA4, 0xF3, 0x39, 0x45, 0xAC, 0xEF,
    0xFF, 0xF6, 0xF7, 0x94, 0xF7, 0x94, 0xF7, 0x93, 0xFF, 0x73, 0xFF, 0x72,
    0xFF, 0x52, 0xFF, 0x52, 0xFF, 0x52, 0xF7, 0x74, 0xFF, 0xDE, 0xFF, 0xFF,
    0xFF, 0xFF, 0xFF, 0xFF, 0xFF, 0xFF, 0xFF, 0xFF, 0xFF, 0xFF, 0xFF, 0xFF,
    0xFF, 0xFF, 0xFF, 0xFF, 0xF7, 0x9E, 0x9C, 0xD3, 0xFF, 0xFF, 0xFF, 0xFF,
    0xFF, 0xDF, 0xFF, 0xFF, 0xFF, 0xFF, 0xFF, 0xFF, 0xFF, 0xFF, 0xE7, 0x5C,
    0xE7, 0x3C, 0xDF, 0x1B, 0xBD, 0xB6, 0xFF, 0xFF, 0xFF, 0xFF, 0xFF, 0xFF,
    0xFF, 0xDF, 0xF7, 0x9E, 0xFF, 0xBE, 0xFF, 0xFF, 0xFF, 0xFF, 0x6B, 0x2C,
    0x29, 0x03, 0xB5, 0x75, 0xFF, 0xFF, 0xFF, 0xFF, 0xFF, 0xFF, 0xFF, 0xFF,
    0xFF, 0xFF, 0xFF, 0xFF, 0xFF, 0xFF, 0xFF, 0xFF, 0xFF, 0xFF, 0xDE, 0xDB,
    0xDE, 0xFB, 0xFF, 0xFF, 0xFF, 0xFF, 0xFF, 0xFF, 0xFF, 0xFF, 0xFF, 0xFF,
    0xB5, 0x75, 0x39, 0x44, 0x8B, 0xEC, 0xFF, 0x95, 0xFF, 0x94, 0xF7, 0x73,
    0xF7, 0x73, 0xF7, 0x73, 0xFF, 0x72, 0xFF, 0x32, 0xFF, 0x32, 0xFF, 0x32,
    0xFF, 0x31, 0xF7, 0x74, 0xFF, 0xDE, 0xFF, 0xFF, 0xFF, 0xFF, 0xFF, 0xFF,
    0xFF, 0xFF, 0xFF, 0xFF, 0xFF, 0xFF, 0xFF, 0xFF, 0xFF, 0xFF, 0xFF, 0xFF,
    0xF7, 0x9E, 0x9C, 0xD3, 0xFF, 0xFF, 0xFF, 0xFF, 0xFF, 0xFF, 0xFF, 0xFF,
    0xFF, 0xFF, 0xFF, 0xFF, 0xFF, 0xFF, 0xD6, 0xBA, 0xDE, 0xDB, 0xFF, 0xDF,
    0xB5, 0x96, 0xF7, 0xDE, 0xFF, 0xFF, 0xFF, 0xFF, 0xFF, 0xDF, 0xF7, 0x3C,
    0xF6, 0xFC, 0xFF, 0xFF, 0xEF, 0x7D, 0x5A, 0x89, 0x39, 0xA6, 0xB5, 0x96,
    0xFF, 0xFF, 0xFF, 0xDF, 0xFF, 0xDF, 0xFF, 0xFF, 0xFF, 0xFF, 0xFF, 0xFF,
    0xFF, 0xFF, 0xFF, 0xFF, 0xFF, 0xFF, 0xCE, 0x59, 0xEF, 0x9D, 0xFF, 0xFF,
    0xFF, 0xFF, 0xFF, 0xFF, 0xFF, 0xFF, 0xFF, 0xFF, 0x94, 0x91, 0x62, 0x88,
    0xEF, 0x13, 0xFF, 0xB4, 0xF7, 0x73, 0xF7, 0x73, 0xFF, 0x72, 0xFF, 0x52,
    0xFF, 0x32, 0xFF, 0x32, 0xFF, 0x32, 0xFF, 0x32, 0xFF, 0x31, 0xFF, 0x75,
    0xFF, 0xFF, 0xFF, 0xFF, 0xFF, 0xFF, 0xFF, 0xFF, 0xFF, 0xFF, 0xFF, 0xFF,
    0xFF, 0xFF, 0xFF, 0xFF, 0xFF, 0xFF, 0xFF, 0xFF, 0xF7, 0x9E, 0x9C, 0xD3,
    0xFF, 0xFF, 0xFF, 0xFF, 0xD6, 0xBA, 0xE7, 0x1B, 0xEF, 0x5D, 0xEF, 0x7D,
    0xF7, 0xBE, 0xCE, 0x59, 0xEF, 0x9D, 0xFF, 0xFF, 0xCE, 0x79, 0xE7, 0x1B,
    0xFF, 0xFF, 0xFF, 0xFF, 0xFF, 0xFF, 0xFF, 0x9D, 0xF7, 0x5D, 0xFF, 0xFF,
    0xDE, 0xBA, 0x4A, 0x28, 0x52, 0x48, 0xCE, 0x58, 0xEF, 0x5D, 0xEF, 0x5C,
    0xEF, 0x5D, 0xF7, 0x9E, 0xF7, 0xBE, 0xFF, 0xFF, 0xFF, 0xFF, 0xFF, 0xFF,
    0xF7, 0x9E, 0xCE, 0x59, 0xFF, 0xFF, 0xFF, 0xFF, 0xFF, 0xFF, 0xFF, 0xFF,
    0xFF, 0xFF, 0xFF, 0xFF, 0x7B, 0x6D, 0xA4, 0x8E, 0xFF, 0xB5, 0xF7, 0x73,
    0xFF, 0x73, 0xFF, 0x72, 0xFF, 0x32, 0xFF, 0x32, 0xFF, 0x32, 0xFF, 0x32,
    0xFF, 0x32, 0xFF, 0x32, 0xFF, 0x31, 0xFF, 0x98, 0xFF, 0xFF, 0xFF, 0xFF,
    0xFF, 0xFF, 0xFF, 0xFF, 0xFF, 0xFF, 0xFF, 0xFF, 0xFF, 0xFF, 0xFF, 0xFF,
    0xFF, 0xFF, 0xFF, 0xFF, 0xF7, 0x9E, 0x9C, 0xD3, 0xFF, 0xFF, 0xFF, 0xFF,
    0xD6, 0x9A, 0xDE, 0xDB, 0xEF, 0x5D, 0xE7, 0x1C, 0xDE, 0xFB, 0xDE, 0xBA,
    0xDE, 0xFB, 0xDE, 0xFB, 0xDE, 0x9A, 0xAD, 0x14, 0xE7, 0x1B, 0xEF, 0x7D,
    0xF7, 0x9E, 0xEE, 0x9A, 0xEF, 0x3C, 0xFF, 0xFF, 0xC5, 0xF7, 0x39, 0x86,
    0x62, 0xEB, 0xEF, 0x7D, 0xCE, 0x79, 0xD6, 0x9A, 0xDE, 0xDB, 0xDE, 0xBA,
    0xEF, 0x7D, 0xFF, 0xFF, 0xFF, 0xFF, 0xFF, 0xFF, 0xDE, 0xDB, 0xD6, 0xBA,
    0xFF, 0xFF, 0xFF, 0xFF, 0xFF, 0xFF, 0xFF, 0xFF, 0xFF, 0xFF, 0xEF, 0x7D,
    0x62, 0x8A, 0xBD, 0x50, 0xFF, 0xB5, 0xF7, 0x73, 0xFF, 0x53, 0xFF, 0x32,
    0xFF, 0x32, 0xFF, 0x32, 0xFF, 0x32, 0xFF, 0x32, 0xFF, 0x32, 0xFF, 0x32,
    0xFF, 0x11, 0xFF, 0xBA, 0xFF, 0xFF, 0xFF, 0xFF, 0xFF, 0xFF, 0xFF, 0xFF,
    0xFF, 0xFF, 0xFF, 0xFF, 0xFF, 0xFF, 0xFF, 0xFF, 0xFF, 0xFF, 0xFF, 0xFF,
    0xF7, 0x9E, 0x9C, 0xD3, 0xFF, 0xFF, 0xFF, 0xFF, 0xF7, 0xBE, 0xDE, 0xDB,
    0xFF, 0xFF, 0xFF, 0xFF, 0xFF, 0xFF, 0xFF, 0xFF, 0xEF, 0x7D, 0xDE, 0xDB,
    0xDE, 0xBA, 0xBD, 0xB6, 0xBD, 0xD7, 0xCE, 0x38, 0xD6, 0x7A, 0xCE, 0x38,
    0xDE, 0xBA, 0xE7, 0x1C, 0xA4, 0xD3, 0x29, 0x04, 0x8C, 0x30, 0xFF, 0xFF,
    0xE7, 0x3C, 0xDE, 0xDB, 0xF7, 0xDE, 0xFF, 0xFF, 0xFF, 0xFF, 0xFF, 0xFF,
    0xFF, 0xFF, 0xFF, 0xFF, 0xCE, 0x59, 0xEF, 0x7D, 0xFF, 0xFF, 0xFF, 0xFF,
    0xFF, 0xFF, 0xFF, 0xFF, 0xFF, 0xFF, 0xC5, 0xF7, 0x52, 0x28, 0xD6, 0x52,
    0xFF, 0xB4, 0xFF, 0x52, 0xFF, 0x32, 0xFF, 0x32, 0xFF, 0x32, 0xFF, 0x32,
    0xFF, 0x32, 0xFF, 0x32, 0xFF, 0x32, 0xFF, 0x31, 0xFF, 0x33, 0xFF, 0xDD,
    0xFF, 0xFF, 0xFF, 0xFF, 0xFF, 0xFF, 0xFF, 0xFF, 0xFF, 0xFF, 0xFF, 0xFF,
    0xFF, 0xFF, 0xFF, 0xFF, 0xFF, 0xFF, 0xFF, 0xFF, 0xF7, 0x9E, 0x9C, 0xD3,
    0xFF, 0xFF, 0xFF, 0xFF, 0xFF, 0xFF, 0xEF, 0x5D, 0xDE, 0xFB, 0xF7, 0xDE,
    0xFF, 0xFF, 0xFF, 0xFF, 0xFF, 0xFF, 0xFF, 0xFF, 0xFF, 0xFF, 0xFF, 0xFF,
    0xFF, 0xFF, 0xFF, 0xFF, 0xFF, 0xFF, 0xFF, 0xFF, 0xFF, 0xFF, 0xFF, 0xFF,
    0xEF, 0x5C, 0xB5, 0x96, 0xD6, 0x99, 0xFF, 0xFF, 0xFF, 0xFF, 0xF7, 0xDE,
    0xFF, 0xDF, 0xFF, 0xFF, 0xFF, 0xFF, 0xFF, 0xFF, 0xFF, 0xFF, 0xE7, 0x3C,
    0xC6, 0x18, 0xFF, 0xFF, 0xFF, 0xFF, 0xFF, 0xFF, 0xFF, 0xFF, 0xFF, 0xFF,
    0xFF, 0xFF, 0x8C, 0x0F, 0x6A, 0xC9, 0xF7, 0x34, 0xFF, 0x72, 0xFF, 0x32,
    0xFF, 0x32, 0xFF, 0x32, 0xFF, 0x32, 0xFF, 0x32, 0xFF, 0x32, 0xFF, 0x32,
    0xFF, 0x31, 0xFF, 0x56, 0xFF, 0xDE, 0xFF, 0xFF, 0xFF, 0xFF, 0xFF, 0xFF,
    0xFF, 0xFF, 0xFF, 0xFF, 0xFF, 0xFF, 0xFF, 0xFF, 0xFF, 0xFF, 0xFF, 0xFF,
    0xFF, 0xFF, 0xFF, 0xFF, 0xF7, 0x9E, 0x9C, 0xD3, 0xFF, 0xFF, 0xFF, 0xFF,
    0xFF, 0xFF, 0xFF, 0xFF, 0xD6, 0xBA, 0xD6, 0xBA, 0xFF, 0xFF, 0xFF, 0xFF,
    0xFF, 0xFF, 0xFF, 0xFF, 0xFF, 0xFF, 0xFF, 0xFF, 0xFF, 0xFF, 0xFF, 0xFF,
    0xFF, 0xFF, 0xFF, 0xFF, 0xFF, 0xFF, 0xFF, 0xFF, 0xFF, 0xFF, 0xFF, 0xFF,
    0xFF, 0xFF, 0xFF, 0xFF, 0xFF, 0xFF, 0xFF, 0xFF, 0xFF, 0xFF, 0xFF, 0xFF,
    0xFF, 0xFF, 0xFF, 0xFF, 0xFF, 0xFF, 0xC5, 0xF7, 0xE7, 0x3C, 0xFF, 0xFF,
    0xFF, 0xFF, 0xFF, 0xFF, 0xFF, 0xFF, 0xFF, 0xFF, 0xF7, 0xBE, 0x52, 0x28,
    0x8B, 0xEC, 0xFF, 0xB4, 0xFF, 0x52, 0xFF, 0x32, 0xFF, 0x32, 0xFF, 0x32,
    0xFF, 0x32, 0xFF, 0x32, 0xFF, 0x31, 0xFF, 0x31, 0xFF, 0x98, 0xFF, 0xDF,
    0xFF, 0xFF, 0xFF, 0xFF, 0xFF, 0xFF, 0xFF, 0xFF, 0xFF, 0xFF, 0xFF, 0xFF,
    0xFF, 0xFF, 0xFF, 0xFF, 0xFF, 0xFF, 0xFF, 0xFF, 0xFF, 0xFF, 0xFF, 0xFF,
    0xF7, 0x9E, 0x94, 0x92, 0xE7, 0x5C, 0xF7, 0xBE, 0xFF, 0xFF, 0xFF, 0xFF,
    0xF7, 0xBE, 0xCE, 0x79, 0xDE, 0xFB, 0xFF, 0xFF, 0xFF, 0xFF, 0xFF, 0xFF,
    0xFF, 0xFF, 0xFF, 0xFF, 0xFF, 0xFF, 0xFF, 0xFF, 0xFF, 0xFF, 0xFF, 0xFF,
    0xFF, 0xFF, 0xFF, 0xFF, 0xFF, 0xFF, 0xFF, 0xFF, 0xFF, 0xFF, 0xFF, 0xFF,
    0xFF, 0xFF, 0xFF, 0xFF, 0xFF, 0xFF, 0xFF, 0xFF, 0xFF, 0xFF, 0xFF, 0xFF,
    0xDE, 0xFB, 0xC6, 0x18, 0xFF, 0xFF, 0xFF, 0xFF, 0xFF, 0xFF, 0xFF, 0xFF,
    0xFF, 0xFF, 0xFF, 0xFF, 0xE7, 0x3C, 0x49, 0xC7, 0xB5, 0x0F, 0xFF, 0xB4,
    0xFF, 0x52, 0xFF, 0x32, 0xFF, 0x32, 0xFF, 0x32, 0xFF, 0x32, 0xFF, 0x32,
    0xFF, 0x32, 0xFF, 0x9A, 0xFF, 0xFF, 0xFF, 0xFF, 0xFF, 0xFF, 0xFF, 0xFF,
    0xFF, 0xFF, 0xFF, 0xFF, 0xFF, 0xFF, 0xFF, 0xFF, 0xFF, 0xFF, 0xFF, 0xFF,
    0xFF, 0xFF, 0xFF, 0xFF, 0xFF, 0xFF, 0xFF, 0xFF, 0xF7, 0x9E, 0x7B, 0xEF,
    0xD6, 0x9A, 0xC6, 0x18, 0xF7, 0x9E, 0xFF, 0xFF, 0xFF, 0xFF, 0xD6, 0xBA,
    0x94, 0x72, 0xCE, 0x59, 0xE7, 0x1C, 0xF7, 0xBE, 0xFF, 0xDF, 0xFF, 0xFF,
    0xFF, 0xFF, 0xFF, 0xFF, 0xFF, 0xFF, 0xFF, 0xFF, 0xFF, 0xFF, 0xFF, 0xFF,
    0xFF, 0xFF, 0xFF, 0xFF, 0xFF, 0xFF, 0xFF, 0xFF, 0xFF, 0xFF, 0xFF, 0xFF,
    0xFF, 0xFF, 0xFF, 0xFF, 0xFF, 0xFF, 0xFF, 0xDF, 0xBD, 0xF7, 0xEF, 0x9D,
    0xFF, 0xFF, 0xFF, 0xFF, 0xFF, 0xFF, 0xFF, 0xFF, 0xFF, 0xFF, 0xFF, 0xFF,
    0xBD, 0x96, 0x52, 0x07, 0xE6, 0xD3, 0xFF, 0x93, 0xFF, 0x32, 0xFF, 0x32,
    0xFF, 0x32, 0xFF, 0x32, 0xFF, 0x32, 0xFF, 0x32, 0xFF, 0xBB, 0xFF, 0xFF,
    0xFF, 0xFF, 0xFF, 0xFF, 0xFF, 0xFF, 0xFF, 0xFF, 0xFF, 0xFF, 0xFF, 0xFF,
    0xFF, 0xFF, 0xFF, 0xFF, 0xFF, 0xFF, 0xFF, 0xFF, 0xFF, 0xFF, 0xFF, 0xFF,
    0xFF, 0xFF, 0xFF, 0xFF, 0xF7, 0x9E, 0x9C, 0xD3, 0xFF, 0xFF, 0xEF, 0x5D,
    0xCE, 0x59, 0xF7, 0xDE, 0xEF, 0x5D, 0xC6, 0x38, 0xEF, 0x7D, 0xDE, 0xDB,
    0xCE, 0x79, 0xD6, 0xBA, 0xDE, 0xBA, 0xDE, 0xDB, 0xE7, 0x1B, 0xE7, 0x3C,
    0xEF, 0x5C, 0xEF, 0x7D, 0xEF, 0x9D, 0xF7, 0x9E, 0xF7, 0x9E, 0xF7, 0x9D,
    0xF7, 0x9E, 0xF7, 0xBE, 0xFF, 0xFF, 0xFF, 0xFF, 0xFF, 0xFF, 0xFF, 0xFF,
    0xFF, 0xFF, 0xCE, 0x59, 0xD6, 0x9A, 0xFF, 0xFF, 0xFF, 0xFF, 0xFF, 0xFF,
    0xFF, 0xFF, 0xFF, 0xFF, 0xFF, 0xFF, 0xFF, 0xFF, 0x8C, 0x10, 0x83, 0x8B,
    0xFF, 0xB4, 0xFF, 0x73, 0xFF, 0x32, 0xFF, 0x32, 0xFF, 0x32, 0xFF, 0x32,
    0xFF, 0x31, 0xFF, 0x53, 0xFF, 0xDE, 0xFF, 0xFF, 0xFF, 0xFF, 0xFF, 0xFF,
    0xFF, 0xFF, 0xFF, 0xFF, 0xFF, 0xFF, 0xFF, 0xFF, 0xFF, 0xFF, 0xFF, 0xFF,
    0xFF, 0xFF, 0xFF, 0xFF, 0xFF, 0xFF, 0xFF, 0xFF, 0xFF, 0xFF, 0xFF, 0xFF,
    0xF7, 0x9E, 0x9C, 0xD3, 0xFF, 0xFF, 0xFF, 0xFF, 0xEF, 0x7D, 0xCE, 0x59,
    0xCE, 0x59, 0xF7, 0xBE, 0xFF, 0xFF, 0xFF, 0xFF, 0xFF, 0xFF, 0xFF, 0xFF,
    0xFF, 0xDF, 0xF7, 0xBE, 0xEF, 0x7D, 0xE7, 0x5C, 0xE7, 0x3C, 0xE7, 0x1C,
    0xDF, 0x1B, 0xDF, 0x1B, 0xDE, 0xFB, 0xE7, 0x1B, 0xE7, 0x5C, 0xEF, 0x7D,
    0xFF, 0xFF, 0xFF, 0xFF, 0xFF, 0xFF, 0xFF, 0xFF, 0xE7, 0x1C, 0xB5, 0xB6,
    0xFF, 0xFF, 0xFF, 0xFF, 0xFF, 0xFF, 0xFF, 0xFF, 0xFF, 0xFF, 0xFF, 0xFF,
    0xFF, 0xFF, 0xF7, 0x9E, 0x6A, 0xCA, 0xCD, 0xD1, 0xFF, 0xB5, 0xFF, 0x72,
    0xFF, 0x32, 0xFF, 0x32, 0xFF, 0x32, 0xFF, 0x32, 0xFF, 0x31, 0xFF, 0x33,
    0xFF, 0xDD, 0xFF, 0xFF, 0xFF, 0xFF, 0xFF, 0xFF, 0xFF, 0xFF, 0xFF, 0xFF,
    0xFF, 0xFF, 0xFF, 0xFF, 0xFF, 0xFF, 0xFF, 0xFF, 0xFF, 0xFF, 0xFF, 0xFF,
    0xFF, 0xFF, 0xFF, 0xFF, 0xFF, 0xFF, 0xFF, 0xFF, 0xF7, 0x9E, 0x9C, 0xD3,
    0xFF, 0xFF, 0xFF, 0xFF, 0xFF, 0xFF, 0xF7, 0xBE, 0xFF, 0xDF, 0xFF, 0xFF,
    0xFF, 0xFF, 0xFF, 0xFF, 0xFF, 0xFF, 0xFF, 0xFF, 0xFF, 0xFF, 0xFF, 0xFF,
    0xFF, 0xFF, 0xFF, 0xFF, 0xFF, 0xFF, 0xFF, 0xFF, 0xFF, 0xFF, 0xFF, 0xFF,
    0xFF, 0xFF, 0xFF, 0xFF, 0xFF, 0xFF, 0xFF, 0xFF, 0xFF, 0xFF, 0xFF, 0xFF,
    0xFF, 0xFF, 0xBD, 0xF7, 0x8C, 0x30, 0xF7, 0xBE, 0xFF, 0xFF, 0xFF, 0xFF,
    0xFF, 0xFF, 0xFF, 0xFF, 0xFF, 0xFF, 0xFF, 0xFF, 0xFF, 0xFF, 0xBD, 0xD7,
    0x6A, 0xA8, 0xF7, 0x76, 0xFF, 0x95, 0xFF, 0x73, 0xFF, 0x52, 0xFF, 0x32,
    0xFF, 0x32, 0xFF, 0x32, 0xFF, 0x32, 0xFF, 0x32, 0xFF, 0xBC, 0xFF, 0xFF,
    0xFF, 0xFF, 0xFF, 0xFF, 0xFF, 0xFF, 0xFF, 0xFF, 0xFF, 0xFF, 0xFF, 0xFF,
    0xFF, 0xFF, 0xFF, 0xFF, 0xFF, 0xFF, 0xFF, 0xFF, 0xFF, 0xFF, 0xFF, 0xFF,
    0xFF, 0xFF, 0xFF, 0xFF, 0xF7, 0x9E, 0x94, 0xB2, 0xFF, 0xFF, 0xFF, 0xFF,
    0xFF, 0xFF, 0xFF, 0xFF, 0xFF, 0xFF, 0xFF, 0xFF, 0xFF, 0xFF, 0xFF, 0xFF,
    0xFF, 0xFF, 0xFF, 0xFF, 0xFF, 0xFF, 0xFF, 0xFF, 0xFF, 0xFF, 0xFF, 0xFF,
    0xFF, 0xFF, 0xFF, 0xFF, 0xFF, 0xFF, 0xFF, 0xFF, 0xFF, 0xFF, 0xFF, 0xFF,
    0xFF, 0xDF, 0xEF, 0x7D, 0xD6, 0xBA, 0xA5, 0x14, 0x62, 0xEC, 0x41, 0xC7,
    0x41, 0xC7, 0x94, 0x71, 0xFF, 0xDF, 0xFF, 0xFF, 0xFF, 0xFF, 0xFF, 0xFF,
    0xFF, 0xFF, 0xFF, 0xFF, 0xFF, 0xFF, 0x73, 0x4D, 0x94, 0x4F, 0xFF, 0xFB,
    0xF7, 0x95, 0xF7, 0x73, 0xFF, 0x52, 0xFF, 0x32, 0xFF, 0x32, 0xFF, 0x32,
    0xFF, 0x32, 0xFF, 0x31, 0xFF, 0xBA, 0xFF, 0xFF, 0xFF, 0xFF, 0xFF, 0xFF,
    0xFF, 0xFF, 0xFF, 0xFF, 0xFF, 0xFF, 0xFF, 0xFF, 0xFF, 0xFF, 0xFF, 0xFF,
    0xFF, 0xFF, 0xFF, 0xFF, 0xFF, 0xFF, 0xFF, 0xFF, 0xFF, 0xFF, 0xFF, 0xFF,
    0xF7, 0x9E, 0x39, 0xA7, 0x6A, 0xEC, 0x6B, 0x2D, 0x73, 0x4E, 0x73, 0x8E,
    0x6B, 0x4D, 0x73, 0x4D, 0x7B, 0x8E, 0x7B, 0xAE, 0x83, 0xEF, 0x7B, 0xCF,
    0x7B, 0xCF, 0x84, 0x10, 0x8C, 0x51, 0x8C, 0x71, 0x94, 0x92, 0x94, 0xB2,
    0x8C, 0x51, 0x73, 0x6D, 0x6B, 0x2C, 0x73, 0x6D, 0x62, 0xAB, 0x49, 0xE8,
    0x41, 0xE8, 0x49, 0xE8, 0x7B, 0xAE, 0xC6, 0x38, 0xBD, 0xD6, 0x49, 0xE7,
    0x6B, 0x0C, 0xEF, 0x5D, 0xFF, 0xFF, 0xFF, 0xFF, 0xFF, 0xFF, 0xFF, 0xFF,
    0xDE, 0xDB, 0x52, 0x07, 0xD6, 0x99, 0xFF, 0xFD, 0xF7, 0x96, 0xF7, 0x73,
    0xFF, 0x52, 0xFF, 0x32, 0xFF, 0x32, 0xFF, 0x32, 0xFF, 0x32, 0xFF, 0x31,
    0xFF, 0x77, 0xFF, 0xFF, 0xFF, 0xFF, 0xFF, 0xFF, 0xFF, 0xFF, 0xFF, 0xFF,
    0xFF, 0xFF, 0xFF, 0xFF, 0xFF, 0xFF, 0xFF, 0xFF, 0xFF, 0xFF, 0xFF, 0xFF,
    0xFF, 0xFF, 0xFF, 0xFF, 0xFF, 0xFF, 0xFF, 0xFF, 0xF7, 0x9E, 0x63, 0x0C,
    0xAD, 0x55, 0xAD, 0x55, 0xB5, 0x96, 0xC5, 0xF8, 0xBD, 0xF7, 0xBD, 0xB6,
    0xAD, 0x34, 0x94, 0xB2, 0x94, 0xB2, 0x94, 0x71, 0x8C, 0x71, 0x8C, 0x71,
    0x94, 0x92, 0x94, 0x92, 0x84, 0x30, 0x84, 0x10, 0x84, 0x30, 0x94, 0x71,
    0xA4, 0xF3, 0xB5, 0x75, 0xBD, 0xB6, 0xBD, 0xD7, 0xCE, 0x59, 0xEF, 0x7D,
    0xFF, 0xFF, 0xFF, 0xFF, 0xFF, 0xFF, 0xE7, 0x1B, 0x6B, 0x0C, 0x52, 0x28,
    0xD6, 0x79, 0xFF, 0xFF, 0xFF, 0xFF, 0xFF, 0xFF, 0x8C, 0x30, 0x6B, 0x0C,
    0xFF, 0xFF, 0xFF, 0xDD, 0xF7, 0x97, 0xF7, 0x73, 0xFF, 0x52, 0xFF, 0x32,
    0xFF, 0x32, 0xFF, 0x32, 0xFF, 0x32, 0xFF, 0x31, 0xFF, 0x55, 0xFF, 0xFF,
    0xFF, 0xFF, 0xFF, 0xFF, 0xFF, 0xFF, 0xFF, 0xFF, 0xFF, 0xFF, 0xFF, 0xFF,
    0xFF, 0xFF, 0xFF, 0xFF, 0xFF, 0xFF, 0xFF, 0xFF, 0xFF, 0xFF, 0xFF, 0xFF,
    0xFF, 0xFF, 0xFF, 0xFF, 0xF7, 0x9E, 0x9C, 0xD3, 0xFF, 0xFF, 0xFF, 0xFF,
    0xFF, 0xFF, 0xFF, 0xFF, 0xFF, 0xFF, 0xFF, 0xFF, 0xFF, 0xFF, 0xFF, 0xFF,
    0xFF, 0xFF, 0xFF, 0xFF, 0xFF, 0xFF, 0xFF, 0xFF, 0xFF, 0xFF, 0xFF, 0xFF,
    0xFF, 0xFF, 0xFF, 0xFF, 0xFF, 0xFF, 0xFF, 0xFF, 0xFF, 0xFF, 0xFF, 0xFF,
    0xFF, 0xFF, 0xFF, 0xFF, 0xFF, 0xFF, 0xFF, 0xFF, 0xFF, 0xFF, 0xFF, 0xFF,
    0xFF, 0xFF, 0xFF, 0xFF, 0xFF, 0xDF, 0x94, 0x51, 0x49, 0xC7, 0xB5, 0x55,
    0xFF, 0xFF, 0xEF, 0x7D, 0x49, 0xE7, 0xB5, 0x55, 0xFF, 0xFF, 0xFF, 0xFE,
    0xFF, 0x9A, 0xF7, 0x73, 0xF7, 0x52, 0xFF, 0x32, 0xFF, 0x32, 0xFF, 0x32,
    0xFF, 0x32, 0xFF, 0x31, 0xFF, 0x53, 0xFF, 0xDE, 0xFF, 0xFF, 0xFF, 0xFF,
    0xFF, 0xFF, 0xFF, 0xFF, 0xFF, 0xFF, 0xFF, 0xFF, 0xFF, 0xFF, 0xFF, 0xFF,
    0xFF, 0xFF, 0xFF, 0xFF, 0xFF, 0xFF, 0xFF, 0xFF, 0xFF, 0xFF, 0xFF, 0xFF,
    0xF7, 0x9E, 0x9C, 0xD3, 0xFF, 0xFF, 0xFF, 0xFF, 0xFF, 0xFF, 0xFF, 0xFF,
    0xFF, 0xFF, 0xFF, 0xFF, 0xFF, 0xFF, 0xFF, 0xFF, 0xFF, 0xFF, 0xFF, 0xFF,
    0xFF, 0xFF, 0xFF, 0xFF, 0xFF, 0xFF, 0xFF, 0xFF, 0xFF, 0xFF, 0xFF, 0xFF,
    0xFF, 0xFF, 0xFF, 0xFF, 0xFF, 0xFF, 0xFF, 0xFF, 0xFF, 0xFF, 0xFF, 0xFF,
    0xFF, 0xFF, 0xFF, 0xFF, 0xFF, 0xFF, 0xFF, 0xFF, 0xFF, 0xFF, 0xFF, 0xFF,
    0xFF, 0xFF, 0xFF, 0xFF, 0xC6, 0x17, 0x52, 0x28, 0x8C, 0x0F, 0x94, 0x30,
    0x5A, 0x48, 0xEF, 0x7D, 0xFF, 0xFF, 0xFF, 0xFF, 0xFF, 0xBC, 0xF7, 0x74,
    0xF7, 0x72, 0xFF, 0x52, 0xFF, 0x32, 0xFF, 0x32, 0xFF, 0x32, 0xFF, 0x32,
    0xFF, 0x32, 0xFF, 0xDD, 0xFF, 0xFF, 0xFF, 0xFF, 0xFF, 0xFF, 0xFF, 0xFF,
    0xFF, 0xFF, 0xFF, 0xFF, 0xFF, 0xFF, 0xFF, 0xFF, 0xFF, 0xFF, 0xFF, 0xFF,
    0xFF, 0xFF, 0xFF, 0xFF, 0xFF, 0xFF, 0xFF, 0xFF, 0xF7, 0x9E, 0x9C, 0xD3,
    0xFF, 0xFF, 0xFF, 0xFF, 0xFF, 0xFF, 0xFF, 0xFF, 0xFF, 0xFF, 0xFF, 0xFF,
    0xFF, 0xFF, 0xFF, 0xFF, 0xFF, 0xFF, 0xFF, 0xFF, 0xFF, 0xFF, 0xFF, 0xFF,
    0xFF, 0xFF, 0xFF, 0xFF, 0xFF, 0xFF, 0xFF, 0xFF, 0xFF, 0xFF, 0xFF, 0xFF,
    0xFF, 0xFF, 0xFF, 0xFF, 0xFF, 0xFF, 0xFF, 0xFF, 0xFF, 0xFF, 0xFF, 0xFF,
    0xFF, 0xFF, 0xFF, 0xFF, 0xFF, 0xFF, 0xFF, 0xFF, 0xFF, 0xFF, 0xFF, 0xFF,
    0xFF, 0xFF, 0xE7, 0x1C, 0x73, 0x6D, 0x39, 0x65, 0xAD, 0x34, 0xFF, 0xFF,
    0xFF, 0xFF, 0xFF, 0xFF, 0xFF, 0xDD, 0xF7, 0x95, 0xF7, 0x72, 0xF7, 0x52,
    0xFF, 0x32, 0xFF, 0x32, 0xFF, 0x32, 0xFF, 0x32, 0xFF, 0x32, 0xFF, 0xBB,
    0xFF, 0xFF, 0xFF, 0xFF, 0xFF, 0xFF, 0xFF, 0xFF, 0xFF, 0xFF, 0xFF, 0xFF,
    0xFF, 0xFF, 0xFF, 0xFF, 0xFF, 0xFF, 0xFF, 0xFF, 0xFF, 0xFF, 0xFF, 0xFF,
    0xFF, 0xFF, 0xFF, 0xFF, 0xF7, 0x9E, 0x9C, 0xD3, 0xFF, 0xFF, 0xFF, 0xFF,
    0xFF, 0xFF, 0xFF, 0xFF, 0xFF, 0xFF, 0xFF, 0xFF, 0xFF, 0xFF, 0xFF, 0xFF,
    0xFF, 0xFF, 0xFF, 0xFF, 0xFF, 0xFF, 0xFF, 0xFF, 0xFF, 0xFF, 0xFF, 0xFF,
    0xFF, 0xFF, 0xFF, 0xFF, 0xFF, 0xFF, 0xFF, 0xFF, 0xFF, 0xFF, 0xFF, 0xFF,
    0xFF, 0xFF, 0xFF, 0xFF, 0xFF, 0xFF, 0xFF, 0xFF, 0xFF, 0xFF, 0xFF, 0xFF,
    0xFF, 0xFF, 0xFF, 0xFF, 0xFF, 0xFF, 0xFF, 0xFF, 0xFF, 0xFF, 0xFF, 0xFF,
    0xFF, 0xFF, 0xBD, 0xD7, 0xEF, 0x9D, 0xFF, 0xFF, 0xFF, 0xFF, 0xFF, 0xFF,
    0xFF, 0xFE, 0xFF, 0x98, 0xF7, 0x72, 0xF7, 0x52, 0xFF, 0x32, 0xFF, 0x32,
    0xFF, 0x32, 0xFF, 0x32, 0xFF, 0x31, 0xFF, 0x99, 0xFF, 0xFF, 0xFF, 0xFF,
    0xFF, 0xFF, 0xFF, 0xFF, 0xFF, 0xFF, 0xFF, 0xFF, 0xFF, 0xFF, 0xFF, 0xFF,
    0xFF, 0xFF, 0xFF, 0xFF, 0xFF, 0xFF, 0xFF, 0xFF, 0xFF, 0xFF, 0xFF, 0xFF,
    0xF7, 0x9E, 0x9C, 0xD3, 0xFF, 0xFF, 0xFF, 0xFF, 0xFF, 0xFF, 0xFF, 0xFF,
    0xFF, 0xFF, 0xFF, 0xFF, 0xFF, 0xFF, 0xFF, 0xFF, 0xFF, 0xFF, 0xFF, 0xFF,
    0xFF, 0xFF, 0xFF, 0xFF, 0xFF, 0xFF, 0xFF, 0xFF, 0xFF, 0xFE, 0xFF, 0xFE,
    0xFF, 0xDC, 0xFF, 0xDC, 0xFF, 0xDC, 0xFF, 0xFE, 0xFF, 0xFF, 0xFF, 0xFF,
    0xFF, 0xFF, 0xFF, 0xFF, 0xFF, 0xFF, 0xFF, 0xFF, 0xFF, 0xFF, 0xFF, 0xFF,
    0xFF, 0xFF, 0xFF, 0xFF, 0xFF, 0xFF, 0xFF, 0xFF, 0xFF, 0xFF, 0xFF, 0xFF,
    0xFF, 0xFF, 0xFF, 0xFF, 0xFF, 0xFF, 0xFF, 0xFF, 0xFF, 0xFF, 0xFF, 0xBA,
    0xF7, 0x73, 0xFF, 0x52, 0xFF, 0x32, 0xFF, 0x32, 0xFF, 0x32, 0xFF, 0x32,
    0xFF, 0x31, 0xFF, 0x77, 0xFF, 0xFF, 0xFF, 0xFF, 0xFF, 0xFF, 0xFF, 0xFF,
    0xFF, 0xFF, 0xFF, 0xFF, 0xFF, 0xFF, 0xFF, 0xFF, 0xFF, 0xFF, 0xFF, 0xFF,
    0xFF, 0xFF, 0xFF, 0xFF, 0xFF, 0xFF, 0xFF, 0xFF, 0xF7, 0x9E, 0x9C, 0xD3,
    0xFF, 0xFF, 0xFF, 0xFF, 0xFF, 0xFF, 0xFF, 0xFF, 0xFF, 0xFF, 0xFF, 0xFF,
    0xFF, 0xFF, 0xFF, 0xFF, 0xFF, 0xFF, 0xFF, 0xFF, 0xFF, 0xFF, 0xFF, 0xFF,
    0xFF, 0xFF, 0xFF, 0xFE, 0xFF, 0xFC, 0xFF, 0xB9, 0xF7, 0x95, 0xF7, 0x94,
    0xF7, 0x95, 0xF7, 0x96, 0xF7, 0xB8, 0xFF, 0xDB, 0xFF, 0xFE, 0xFF, 0xFF,
    0xFF, 0xFF, 0xFF, 0xFF, 0xFF, 0xFF, 0xFF, 0xFF, 0xFF, 0xFF, 0xFF, 0xFF,
    0xFF, 0xFF, 0xFF, 0xFF, 0xFF, 0xFF, 0xFF, 0xFF, 0xFF, 0xFF, 0xFF, 0xFF,
    0xFF, 0xFF, 0xFF, 0xFF, 0xFF, 0xFF, 0xFF, 0xDC, 0xF7, 0x74, 0xFF, 0x52,
    0xFF, 0x32, 0xFF, 0x32, 0xFF, 0x32, 0xFF, 0x32, 0xFF, 0x31, 0xFF, 0x55,
    0xFF, 0xFF, 0xFF, 0xFF, 0xFF, 0xFF, 0xFF, 0xFF, 0xFF, 0xFF, 0xFF, 0xFF,
    0xFF, 0xFF, 0xFF, 0xFF, 0xFF, 0xFF, 0xFF, 0xFF, 0xFF, 0xFF, 0xFF, 0xFF,
    0xFF, 0xFF, 0xFF, 0xFF, 0xF7, 0x9E, 0x9C, 0xD3, 0xFF, 0xFF, 0xFF, 0xFF,
    0xFF, 0xFF, 0xFF, 0xFF, 0xFF, 0xFF, 0xFF, 0xFF, 0xFF, 0xFF, 0xFF, 0xFF,
    0xFF, 0xFF, 0xFF, 0xFF, 0xFF, 0xFF, 0xFF, 0xFF, 0xFF, 0xFF, 0xFF, 0xFD,
    0xFF, 0xBA, 0xF7, 0x96, 0xF7, 0x93, 0xF7, 0x73, 0xF7, 0x73, 0xF7, 0x73,
    0xF7, 0x73, 0xF7, 0x93, 0xF7, 0xB5, 0xFF, 0xD9, 0xFF, 0xDD, 0xFF, 0xFF,
    0xFF, 0xFF, 0xFF, 0xFF, 0xFF, 0xFF, 0xFF, 0xFF, 0xFF, 0xFF, 0xFF, 0xFF,
    0xFF, 0xFF, 0xFF, 0xFF, 0xFF, 0xFF, 0xFF, 0xFF, 0xFF, 0xFF, 0xFF, 0xFF,
    0xFF, 0xFF, 0xFF, 0xDD, 0xFF, 0x74, 0xFF, 0x52, 0xFF, 0x32, 0xFF, 0x32,
    0xFF, 0x32, 0xFF, 0x32, 0xFF, 0x31, 0xFF, 0x54, 0xFF, 0xDF, 0xFF, 0xFF,
    0xFF, 0xFF, 0xFF, 0xFF, 0xFF, 0xFF, 0xFF, 0xFF, 0xFF, 0xFF, 0xFF, 0xFF,
    0xFF, 0xFF, 0xFF, 0xFF, 0xFF, 0xFF, 0xFF, 0xFF, 0xFF, 0xFF, 0xFF, 0xFF,
    0xF7, 0x9E, 0x9C, 0xD3, 0xFF, 0xFF, 0xFF, 0xFF, 0xFF, 0xFF, 0xFF, 0xFF,
    0xFF, 0xFF, 0xFF, 0xFF, 0xFF, 0xFF, 0xFF, 0xFF, 0xFF, 0xFF, 0xFF, 0xFF,
    0xFF, 0xFF, 0xFF, 0xFF, 0xFF, 0xFE, 0xFF, 0xBA, 0xF7, 0x96, 0xF7, 0x94,
    0xF7, 0x73, 0xF7, 0x73, 0xFF, 0x73, 0xFF, 0x52, 0xFF, 0x52, 0xFF, 0x72,
    0xFF, 0x72, 0xFF, 0x72, 0xF7, 0x94, 0xFF, 0xB8, 0xFF, 0xDC, 0xFF, 0xFF,
    0xFF, 0xFF, 0xFF, 0xFF, 0xFF, 0xFF, 0xFF, 0xFF, 0xFF, 0xFF, 0xFF, 0xFF,
    0xFF, 0xFF, 0xFF, 0xFF, 0xFF, 0xFF, 0xFF, 0xFF, 0xFF, 0xFF, 0xFF, 0xFE,
    0xFF, 0x75, 0xFF, 0x51, 0xFF, 0x32, 0xFF, 0x32, 0xFF, 0x32, 0xFF, 0x32,
    0xFF, 0x31, 0xFF, 0x33, 0xFF, 0xDE, 0xFF, 0xFF, 0xFF, 0xFF, 0xFF, 0xFF,
    0xFF, 0xFF, 0xFF, 0xFF, 0xFF, 0xFF, 0xFF, 0xFF, 0xFF, 0xFF, 0xFF, 0xFF,
    0xFF, 0xFF, 0xFF, 0xFF, 0xFF, 0xFF, 0xFF, 0xFF, 0xF7, 0x9E, 0x9C, 0xD3,
    0xFF, 0xFF, 0xFF, 0xFF, 0xFF, 0xFF, 0xFF, 0xFF, 0xFF, 0xFF, 0xFF, 0xFF,
    0xFF, 0xFF, 0xFF, 0xFF, 0xFF, 0xFF, 0xFF, 0xFF, 0xFF, 0xFF, 0xFF, 0xFE,
    0xFF, 0xDB, 0xF7, 0x97, 0xFF, 0x94, 0xF7, 0x73, 0xF7, 0x73, 0xFF, 0x73,
    0xFF, 0x52, 0xFF, 0x32, 0xFF, 0x32, 0xFF, 0x32, 0xFF, 0x32, 0xFF, 0x52,
    0xFF, 0x52, 0xFF, 0x72, 0xFF, 0x94, 0xFF, 0xB8, 0xFF, 0xFE, 0xFF, 0xFF,
    0xFF, 0xFF, 0xFF, 0xFF, 0xFF, 0xFF, 0xFF, 0xFF, 0xFF, 0xFF, 0xFF, 0xFF,
    0xFF, 0xFF, 0xFF, 0xDF, 0xFF, 0xFF, 0xFF, 0xFF, 0xFF, 0x97, 0xFF, 0x51,
    0xFF, 0x32, 0xFF, 0x32, 0xFF, 0x32, 0xFF, 0x32, 0xFF, 0x32, 0xFF, 0x32,
    0xFF, 0xDC, 0xFF, 0xFF, 0xFF, 0xFF, 0xFF, 0xFF, 0xFF, 0xFF, 0xFF, 0xFF,
    0xFF, 0xFF, 0xFF, 0xFF, 0xFF, 0xFF, 0xFF, 0xFF, 0xFF, 0xFF, 0xFF, 0xFF,
    0xFF, 0xFF, 0xFF, 0xFF, 0xF7, 0x9E, 0x9C, 0xD3, 0xFF, 0xFF, 0xFF, 0xFF,
    0xFF, 0xFF, 0xFF, 0xFF, 0xFF, 0xFF, 0xFF, 0xFF, 0xFF, 0xFF, 0xFF, 0xFF,
    0xFF, 0xFF, 0xFF, 0xFF, 0xFF, 0xFE, 0xFF, 0xDB, 0xF7, 0xB7, 0xF7, 0x94,
    0xF7, 0x73, 0xF7, 0x72, 0xF7, 0x72, 0xFF, 0x52, 0xFF, 0x32, 0xFF, 0x32,
    0xFF, 0x32, 0xFF, 0x32, 0xFF, 0x32, 0xFF, 0x32, 0xFF, 0x32, 0xFF, 0x52,
    0xFF, 0x52, 0xF7, 0x72, 0xF7, 0x95, 0xFF, 0xDA, 0xFF, 0xDE, 0xFF, 0xFF,
    0xFF, 0xFF, 0xFF, 0xFF, 0xFF, 0xFF, 0xFF, 0xFF, 0xFF, 0xFF, 0xFF, 0xFF,
    0xFF, 0xFF, 0xFF, 0xFF, 0xF7, 0x99, 0xFF, 0x52, 0xFF, 0x32, 0xFF, 0x32,
    0xFF, 0x32, 0xFF, 0x32, 0xFF, 0x32, 0xFF, 0x32, 0xFF, 0xDC, 0xFF, 0xFF,
    0xFF, 0xFF, 0xFF, 0xFF, 0xFF, 0xFF, 0xFF, 0xFF, 0xFF, 0xFF, 0xFF, 0xFF,
    0xFF, 0xFF, 0xFF, 0xFF, 0xFF, 0xFF, 0xFF, 0xFF, 0xFF, 0xFF, 0xFF, 0xFF,
    0xF7, 0x9E, 0x9C, 0xD3, 0xFF, 0xFF, 0xFF, 0xFF, 0xFF, 0xFF, 0xFF, 0xFF,
    0xFF, 0xFF, 0xFF, 0xFF, 0xFF, 0xFF, 0xFF, 0xFF, 0xFF, 0xFF, 0xFF, 0xFE,
    0xFF, 0xDB, 0xF7, 0x96, 0xF7, 0x94, 0xF7, 0x73, 0xF7, 0x73, 0xFF, 0x72,
    0xFF, 0x52, 0xFF, 0x32, 0xFF, 0x32, 0xFF, 0x32, 0xFF, 0x32, 0xFF, 0x32,
    0xFF, 0x32, 0xFF, 0x32, 0xFF, 0x32, 0xFF, 0x32, 0xFF, 0x32, 0xFF, 0x52,
    0xFF, 0x72, 0xF7, 0x72, 0xF7, 0x94, 0xFF, 0xD8, 0xFF, 0xFC, 0xFF, 0xFF,
    0xFF, 0xFF, 0xFF, 0xFF, 0xFF, 0xFF, 0xFF, 0xFF, 0xFF, 0xFF, 0xFF, 0xFF,
    0xFF, 0xBC, 0xFF, 0x72, 0xFF, 0x32, 0xFF, 0x32, 0xFF, 0x32, 0xFF, 0x32,
    0xFF, 0x32, 0xFF, 0x31, 0xFF, 0xBA, 0xFF, 0xFF, 0xFF, 0xFF, 0xFF, 0xFF,
    0xFF, 0xFF, 0xFF, 0xFF, 0xFF, 0xFF, 0xFF, 0xFF, 0xFF, 0xFF, 0xFF, 0xFF,
    0xFF, 0xFF, 0xFF, 0xFF, 0xFF, 0xFF, 0xFF, 0xFF, 0xF7, 0x9E, 0x9C, 0xD2,
    0xFF, 0xFF, 0xFF, 0xDE, 0xFF, 0xDE, 0xFF, 0xDE, 0xFF, 0xDE, 0xFF, 0xDE,
    0xFF, 0xDE, 0xFF, 0xDE, 0xFF, 0xDD, 0xFF, 0xDA, 0xFF, 0x96, 0xF7, 0x74,
    0xF7, 0x73, 0xF7, 0x73, 0xFF, 0x72, 0xFF, 0x52, 0xFF, 0x32, 0xFF, 0x32,
    0xFF, 0x32, 0xFF, 0x32, 0xFF, 0x32, 0xFF, 0x32, 0xFF, 0x32, 0xFF, 0x32,
    0xFF, 0x32, 0xFF, 0x32, 0xFF, 0x32, 0xFF, 0x32, 0xFF, 0x32, 0xFF, 0x52,
    0xFF, 0x52, 0xF7, 0x72, 0xFF, 0x94, 0xFF, 0xB7, 0xFF, 0xDA, 0xFF, 0xDD,
    0xFF, 0xFE, 0xFF, 0xDF, 0xFF, 0xDF, 0xFF, 0xFF, 0xFF, 0xDD, 0xF7, 0x74,
    0xFF, 0x32, 0xFF, 0x32, 0xFF, 0x32, 0xFF, 0x32, 0xFF, 0x32, 0xFF, 0x31,
    0xFF, 0x98, 0xFF, 0xFF, 0xFF, 0xDE, 0xFF, 0xDE, 0xFF, 0xDE, 0xFF, 0xDE,
    0xFF, 0xDE, 0xFF, 0xDE, 0xFF, 0xDE, 0xFF, 0xDE, 0xFF, 0xDE, 0xFF, 0xDE,
    0xFF, 0xDE, 0xFF, 0xFF, 0xF7, 0x9D, 0x9C, 0x90, 0xFF, 0xFB, 0xFF, 0x9A,
    0xFF, 0x9A, 0xFF, 0x9A, 0xFF, 0x9A, 0xFF, 0x9A, 0xFF, 0x9A, 0xFF, 0x99,
    0xFF, 0x97, 0xFF, 0x75, 0xFF, 0x73, 0xF7, 0x52, 0xF7, 0x52, 0xFF, 0x52,
    0xFF, 0x32, 0xFF, 0x32, 0xFF, 0x32, 0xFF, 0x32, 0xFF, 0x32, 0xFF, 0x32,
    0xFF, 0x32, 0xFF, 0x32, 0xFF, 0x32, 0xFF, 0x32, 0xFF, 0x32, 0xFF, 0x32,
    0xFF, 0x32, 0xFF, 0x32, 0xFF, 0x32, 0xFF, 0x32, 0xFF, 0x32, 0xFF, 0x32,
    0xFF, 0x52, 0xFF, 0x52, 0xFF, 0x52, 0xFF, 0x73, 0xFF, 0x75, 0xFF, 0x97,
    0xFF, 0x98, 0xFF, 0x9A, 0xFF, 0x99, 0xFF, 0x53, 0xFF, 0x32, 0xFF, 0x32,
    0xFF, 0x32, 0xFF, 0x32, 0xFF, 0x32, 0xFF, 0x31, 0xFF, 0x76, 0xFF, 0x9A,
    0xFF, 0x9A, 0xFF, 0x9A, 0xFF, 0x9A, 0xFF, 0x9A, 0xFF, 0x9A, 0xFF, 0x9A,
    0xFF, 0x9A, 0xFF, 0x9A, 0xFF, 0x9A, 0xFF, 0x9A, 0xFF, 0x9A, 0xFF, 0xBA,
    0xF7, 0x59, 0x9C, 0x8F, 0xFF, 0xFB, 0xFF, 0x99, 0xFF, 0x99, 0xFF, 0x99,
    0xFF, 0x99, 0xFF, 0x99, 0xFF, 0x99, 0xFF, 0x77, 0xFF, 0x75, 0xFF, 0x73,
    0xFF, 0x52, 0xFF, 0x52, 0xFF, 0x52, 0xFF, 0x32, 0xFF, 0x32, 0xFF, 0x32,
    0xFF, 0x32, 0xFF, 0x32, 0xFF, 0x32, 0xFF, 0x32, 0xFF, 0x31, 0xFF, 0x32,
    0xFF, 0x32, 0xFF, 0x32, 0xFF, 0x32, 0xFF, 0x32, 0xFF, 0x32, 0xFF, 0x32,
    0xFF, 0x32, 0xFF, 0x32, 0xFF, 0x32, 0xFF, 0x32, 0xFF, 0x32, 0xFF, 0x32,
    0xFF, 0x32, 0xFF, 0x32, 0xFF, 0x52, 0xFF, 0x52, 0xFF, 0x53, 0xFF, 0x54,
    0xFF, 0x54, 0xFF, 0x53, 0xFF, 0x32, 0xFF, 0x32, 0xFF, 0x32, 0xFF, 0x32,
    0xFF, 0x32, 0xFF, 0x31, 0xFF, 0x55, 0xFF, 0x9A, 0xFF, 0x99, 0xFF, 0x99,
    0xFF, 0x99, 0xFF, 0x99, 0xFF, 0x99, 0xFF, 0x99, 0xFF, 0x99, 0xFF, 0x99,
    0xFF, 0x99, 0xFF, 0x99, 0xFF, 0x99, 0xFF, 0xBA, 0xF7, 0x38, 0x9C, 0x8F,
    0xFF, 0xFB, 0xFF, 0x99, 0xFF, 0x99, 0xFF, 0x99, 0xFF, 0x99, 0xFF, 0x99,
    0xFF, 0x97, 0xFF, 0x75, 0xFF, 0x53, 0xFF, 0x53, 0xFF, 0x52, 0xFF, 0x52,
    0xFF, 0x32, 0xFF, 0x32, 0xFF, 0x32, 0xFF, 0x32, 0xFF, 0x32, 0xFF, 0x32,
    0xFF, 0x32, 0xFF, 0x32, 0xFF, 0x54, 0xFF, 0x54, 0xFF, 0x32, 0xFF, 0x32,
    0xFF, 0x31, 0xFF, 0x32, 0xFF, 0x32, 0xFF, 0x32, 0xFF, 0x32, 0xFF, 0x32,
    0xFF, 0x32, 0xFF, 0x32, 0xFF, 0x32, 0xFF, 0x32, 0xFF, 0x32, 0xFF, 0x32,
    0xFF, 0x32, 0xFF, 0x52, 0xFF, 0x52, 0xFF, 0x52, 0xFF, 0x52, 0xFF, 0x52,
    0xFF, 0x32, 0xFF, 0x32, 0xFF, 0x32, 0xFF, 0x32, 0xFF, 0x32, 0xFF, 0x31,
    0xFF, 0x55, 0xFF, 0x9A, 0xFF, 0x99, 0xFF, 0x99, 0xFF, 0x99, 0xFF, 0x99,
    0xFF, 0x99, 0xFF, 0x99, 0xFF, 0x99, 0xFF, 0x99, 0xFF, 0x99, 0xFF, 0x99,
    0xFF, 0x99, 0xFF, 0xBA, 0xF7, 0x38, 0x9C, 0x8F, 0xFF, 0xFB, 0xFF, 0x99,
    0xFF, 0x99, 0xFF, 0x99, 0xFF, 0x99, 0xFF, 0x97, 0xFF, 0x75, 0xFF, 0x53,
    0xFF, 0x52, 0xFF, 0x52, 0xFF, 0x52, 0xFF, 0x32, 0xFF, 0x32, 0xFF, 0x32,
    0xFF, 0x32, 0xFF, 0x32, 0xFF, 0x32, 0xFF, 0x31, 0xFF, 0x32, 0xFF, 0x77,
    0xFF, 0x9A, 0xFF, 0x9A, 0xFF, 0x99, 0xFF, 0x77, 0xFF, 0x54, 0xFF, 0x32,
    0xFF, 0x31, 0xFF, 0x31, 0xFF, 0x32, 0xFF, 0x32, 0xFF, 0x32, 0xFF, 0x32,
    0xFF, 0x32, 0xFF, 0x32, 0xFF, 0x32, 0xFF, 0x32, 0xFF, 0x32, 0xFF, 0x32,
    0xFF, 0x32, 0xFF, 0x52, 0xFF, 0x52, 0xFF, 0x52, 0xFF, 0x32, 0xFF, 0x32,
    0xFF, 0x32, 0xFF, 0x32, 0xFF, 0x32, 0xFF, 0x31, 0xFF, 0x54, 0xFF, 0x9A,
    0xFF, 0x99, 0xFF, 0x99, 0xFF, 0x99, 0xFF, 0x99, 0xFF, 0x99, 0xFF, 0x99,
    0xFF, 0x99, 0xFF, 0x99, 0xFF, 0x99, 0xFF, 0x99, 0xFF, 0x99, 0xFF, 0xBA,
    0xF7, 0x38, 0x9C, 0x8F, 0xFF, 0xFB, 0xFF, 0x99, 0xFF, 0x99, 0xFF, 0x99,
    0xFF, 0x76, 0xFF, 0x73, 0xFF, 0x53, 0xFF, 0x52, 0xFF, 0x52, 0xFF, 0x52,
    0xFF, 0x32, 0xFF, 0x32, 0xFF, 0x32, 0xFF, 0x32, 0xFF, 0x32, 0xFF, 0x32,
    0xFF, 0x31, 0xFF, 0x33, 0xFF, 0x78, 0xFF, 0x9A, 0xFF, 0x9A, 0xFF, 0x9A,
    0xFF, 0x9A, 0xFF, 0x9A, 0xFF, 0x9A, 0xFF, 0x78, 0xFF, 0x56, 0xFF, 0x53,
    0xFF, 0x32, 0xFF, 0x31, 0xFF, 0x32, 0xFF, 0x32, 0xFF, 0x32, 0xFF, 0x32,
    0xFF, 0x32, 0xFF, 0x32, 0xFF, 0x32, 0xFF, 0x32, 0xFF, 0x32, 0xFF, 0x32,
    0xFF, 0x32, 0xFF, 0x32, 0xFF, 0x32, 0xFF, 0x32, 0xFF, 0x32, 0xFF, 0x32,
    0xFF, 0x32, 0xFF, 0x31, 0xFF, 0x54, 0xFF, 0x9A, 0xFF, 0x99, 0xFF, 0x99,
    0xFF, 0x99, 0xFF, 0x99, 0xFF, 0x99, 0xFF, 0x99, 0xFF, 0x99, 0xFF, 0x99,
    0xFF, 0x99, 0xFF, 0x99, 0xFF, 0x99, 0xFF, 0xBA, 0xF7, 0x38, 0x9C, 0x8F,
    0xFF, 0xFB, 0xFF, 0x99, 0xFF, 0x98, 0xFF, 0x75, 0xFF, 0x53, 0xFF, 0x52,
    0xFF, 0x52, 0xFF, 0x52, 0xFF, 0x32, 0xFF, 0x32, 0xFF, 0x32, 0xFF, 0x32,
    0xFF, 0x32, 0xFF, 0x32, 0xFF, 0x32, 0xFF, 0x31, 0xFF, 0x55, 0xFF, 0x99,
    0xFF, 0x9A, 0xFF, 0x99, 0xFF, 0x99, 0xFF, 0x99, 0xFF, 0x99, 0xFF, 0x99,
    0xFF, 0x99, 0xFF, 0x9A, 0xFF, 0x9A, 0xFF, 0x99, 0xFF, 0x77, 0xFF, 0x55,
    0xFF, 0x32, 0xFF, 0x31, 0xFF, 0x32, 0xFF, 0x32, 0xFF, 0x32, 0xFF, 0x32,
    0xFF, 0x32, 0xFF, 0x32, 0xFF, 0x32, 0xFF, 0x32, 0xFF, 0x32, 0xFF, 0x32,
    0xFF, 0x32, 0xFF, 0x32, 0xFF, 0x32, 0xFF, 0x32, 0xFF, 0x32, 0xFF, 0x31,
    0xFF, 0x54, 0xFF, 0x9A, 0xFF, 0x99, 0xFF, 0x99, 0xFF, 0x99, 0xFF, 0x99,
    0xFF, 0x99, 0xFF, 0x99, 0xFF, 0x99, 0xFF, 0x99, 0xFF, 0x99, 0xFF, 0x99,
    0xFF, 0x99, 0xFF, 0xBA, 0xF7, 0x38, 0x9C, 0x8F, 0xFF, 0xFA, 0xFF, 0x97,
    0xFF, 0x74, 0xFF, 0x53, 0xFF, 0x52, 0xFF, 0x52, 0xFF, 0x52, 0xFF, 0x52,
    0xFF, 0x32, 0xFF, 0x32, 0xFF, 0x32, 0xFF, 0x32, 0xFF, 0x32, 0xFF, 0x32,
    0xFF, 0x32, 0xFF, 0x76, 0xFF, 0x9A, 0xFF, 0x9A, 0xFF, 0x99, 0xFF, 0x99,
    0xFF, 0x99, 0xFF, 0x99, 0xFF, 0x99, 0xFF, 0x99, 0xFF, 0x99, 0xFF, 0x99,
    0xFF, 0x99, 0xFF, 0x9A, 0xFF, 0x9A, 0xFF, 0x9A, 0xFF, 0x99, 0xFF, 0x75,
    0xFF, 0x32, 0xFF, 0x31, 0xFF, 0x32, 0xFF, 0x32, 0xFF, 0x32, 0xFF, 0x32,
    0xFF, 0x32, 0xFF, 0x32, 0xFF, 0x32, 0xFF, 0x32, 0xFF, 0x32, 0xFF, 0x32,
    0xFF, 0x32, 0xFF, 0x32, 0xFF, 0x32, 0xFF, 0x32, 0xFF, 0x55, 0xFF, 0x9A,
    0xFF, 0x99, 0xFF, 0x99, 0xFF, 0x99, 0xFF, 0x99, 0xFF, 0x99, 0xFF, 0x99,
    0xFF, 0x99, 0xFF, 0x99, 0xFF, 0x99, 0xFF, 0x99, 0xFF, 0x99, 0xFF, 0xBA,
    0xF7, 0x58, 0xA4, 0xCE, 0xFF, 0xF7, 0xFF, 0xB4, 0xFF, 0xB3, 0xFF, 0xB3,
    0xFF, 0xB3, 0xFF, 0x93, 0xFF, 0x93, 0xFF, 0x93, 0xFF, 0x93, 0xFF, 0x93,
    0xFF, 0x93, 0xFF, 0x93, 0xFF, 0x92, 0xFF, 0x94, 0xFF, 0xD9, 0xFF, 0xFB,
    0xFF, 0xFB, 0xFF, 0xFB, 0xFF, 0xFB, 0xFF, 0xFB, 0xFF, 0xFB, 0xFF, 0xFB,
    0xFF, 0xFB, 0xFF, 0xFB, 0xFF, 0xFB, 0xFF, 0xFB, 0xFF, 0xFB, 0xFF, 0xFB,
    0xFF, 0xFB, 0xFF, 0xFB, 0xFF, 0xFB, 0xFF, 0xFB, 0xFF, 0xDA, 0xFF, 0xB7,
    0xFF, 0x95, 0xFF, 0x93, 0xFF, 0x93, 0xFF, 0x93, 0xFF, 0x93, 0xFF, 0x93,
    0xFF, 0x93, 0xFF, 0x93, 0xFF, 0x93, 0xFF, 0x93, 0xFF, 0x93, 0xFF, 0x93,
    0xFF, 0x93, 0xFF, 0x92, 0xFF, 0xB6, 0xFF, 0xFB, 0xFF, 0xFB, 0xFF, 0xFB,
    0xFF, 0xFB, 0xFF, 0xFB, 0xFF, 0xFB, 0xFF, 0xFB, 0xFF, 0xFB, 0xFF, 0xFB,
    0xFF, 0xFB, 0xFF, 0xFB, 0xFF, 0xFB, 0xFF, 0xFB, 0xFF, 0x9A,
};

const unsigned char demo_qoi[4025] = {
    0x00, 0x40, 0x00, 0x60, 0x00, 0x36, 0x0D, 0x00, 0x60, 0x00, 0x36, 0x00,
    0x60, 0x00, 0x6C, 0x00, 0x00, 0x00, 0x00, 0x00, 0x00, 0x00, 0x08, 0x00,
    0x13, 0x00, 0x1E, 0x00, 0x29, 0x00, 0x44, 0x00, 0x70, 0x00, 0xAE, 0x00,
    0xE9, 0x01, 0x25, 0x01, 0x78, 0x01, 0xC8, 0x02, 0x0D, 0x02, 0x5A, 0x02,
    0xAA, 0x02, 0xF6, 0x03, 0x3D, 0x03, 0x7C, 0x03, 0xBD, 0x04, 0x15, 0x04,
    0x5F, 0x04, 0xA7, 0x05, 0x05, 0x05, 0x67, 0x05, 0xC1, 0x06, 0x27, 0x06,
    0x81, 0x06, 0xDC, 0x07, 0x3D, 0x07, 0x9C, 0x07, 0xFC, 0x08, 0x57, 0x08,
    0xA7, 0x08, 0xF1, 0x09, 0x40, 0x09, 0x97, 0x09, 0xDE, 0x0A, 0x27, 0x0A,
    0x73, 0x0A, 0xBA, 0x0B, 0x0D, 0x0B, 0x6C, 0x0B, 0xCD, 0x0C, 0x23, 0x0C,
    0x7A, 0x0C, 0xCA, 0x0D, 0x0F, 0x0D, 0x4C, 0x0D, 0x93, 0x0D, 0xE2, 0x0E,
    0x1F, 0x0E, 0x63, 0x0E, 0xA2, 0x0E, 0xE8, 0xFE, 0xAD, 0x75, 0xFE, 0xFF,
    0xFF, 0xFD, 0xDF, 0xFE, 0xAD, 0x75, 0xFE, 0xFF, 0xFF, 0xFA, 0x66, 0xC0,
    0x6E, 0xDF, 0xFE, 0xAD, 0x75, 0xFE, 0xFF, 0xFF, 0xFA, 0x66, 0xC0, 0x6E,
    0xDF, 0xFE, 0xAD, 0x75, 0xFE, 0xFF, 0xFF, 0xFD, 0xC5, 0x66, 0x6E, 0xD7,
    0xFE, 0xAD, 0x75, 0xFE, 0xFF, 0xFF, 0xD5, 0x9D, 0xAA, 0x9A, 0xBA, 0x9A,
    0xBC, 0x50, 0xA3, 0x67, 0xA3, 0x77, 0xA3, 0x66, 0xA2, 0x77, 0xA2, 0x77,
    0xA4, 0x66, 0xFD, 0xFE, 0xAD, 0x75, 0xFE, 0xFF, 0xFF, 0xD4, 0xFE, 0xA5,
    0x34, 0xFE, 0x52, 0x8A, 0x9D, 0xA9, 0x55, 0x66, 0x51, 0x66, 0xC0, 0xA2,
    0x76, 0xA3, 0x67, 0xA6, 0x56, 0xA5, 0x65, 0xA8, 0x34, 0xA9, 0x33, 0xA7,
    0x55, 0xA8, 0x44, 0xA3, 0x66, 0xDC, 0x56, 0xC2, 0x6E, 0x7A, 0xD4, 0xFE,
    0xAD, 0x75, 0xFE, 0xFF, 0xFF, 0xD4, 0x97, 0xCC, 0xFE, 0x7B, 0xCF, 0xFE,
    0x39, 0xA6, 0xA5, 0x56, 0xA5, 0x65, 0xB0, 0x00, 0xA3, 0x67, 0x9C, 0xAA,
    0x9C, 0xAA, 0x9A, 0xBB, 0x99, 0xCC, 0x9A, 0xBA, 0x9A, 0xBB, 0x7F, 0xA4,
    0x56, 0xA8, 0x44, 0xAD, 0x21, 0xAC, 0x12, 0xAE, 0x11, 0xA2, 0x77, 0xD7,
    0x9E, 0x69, 0x46, 0x59, 0x5A, 0xC0, 0x7A, 0xC0, 0xA2, 0x97, 0xA1, 0xB8,
    0xD3, 0xFE, 0xAD, 0x75, 0xFE, 0xFF, 0xFF, 0xD5, 0x9B, 0xBB, 0xFE, 0x84,
    0x10, 0x92, 0xFF, 0x65, 0xAB, 0x22, 0xFE, 0xD6, 0x9A, 0xAB, 0x22, 0xC1,
    0x66, 0x9B, 0xAA, 0x96, 0xED, 0x95, 0xDE, 0x94, 0xEE, 0x96, 0xED, 0x9C,
    0xAA, 0xA3, 0x67, 0xAC, 0x21, 0xFE, 0xB5, 0xB6, 0xFE, 0xFF, 0xFF, 0xD5,
    0x9E, 0x59, 0x9E, 0x69, 0x7A, 0xC5, 0xA2, 0x97, 0xA2, 0xA7, 0x7A, 0xD1,
    0xFE, 0xAD, 0x75, 0xFE, 0xFF, 0xFF, 0xD6, 0x9A, 0xBB, 0xFE, 0x62, 0xEB,
    0x99, 0xBB, 0x9D, 0xAA, 0x62, 0xFE, 0xB5, 0x96, 0xFE, 0xFF, 0xFF, 0xC5,
    0x95, 0xEE, 0xFE, 0x94, 0x71, 0xFE, 0x5A, 0x8A, 0x98, 0xCC, 0x6E, 0xAD,
    0x12, 0xFE, 0xDE, 0xDB, 0xA9, 0x33, 0xD2, 0x45, 0x9E, 0x49, 0x66, 0xC0,
    0x5A, 0x7A, 0xC0, 0x7A, 0xC0, 0x5A, 0xC0, 0xA2, 0xA7, 0xA2, 0xA7, 0xD1,
    0xFE, 0xAD, 0x75, 0xFE, 0xFF, 0xFF, 0xD4, 0x9D, 0xA9, 0xFE, 0x9C, 0xD3,
    0xFE, 0x52, 0x6A, 0x9A, 0xBB, 0xA3, 0x76, 0xA2, 0x77, 0x6E, 0xA2, 0x77,
    0xFE, 0xBD, 0xF7, 0xAF, 0x00, 0x7F, 0xC5, 0x9C, 0xAA, 0xFE, 0xA4, 0xF3,
    0xFE, 0x52, 0x69, 0x98, 0xCC, 0xA5, 0x66, 0xFE, 0xC6, 0x18, 0x9A, 0xBB,
    0xFE, 0x63, 0x0C, 0xAC, 0x22, 0xFE, 0xD6, 0xBA, 0xAA, 0x33, 0xCD, 0x41,
    0x9E, 0x49, 0xC0, 0xA1, 0xA7, 0xA0, 0xA9, 0x9F, 0x68, 0xA0, 0x58, 0xA2,
    0xA7, 0xA0, 0xA8, 0x9E, 0x59, 0xC0, 0x7E, 0xA2, 0xC8, 0x7E, 0xD0, 0xFE,
    0xAD, 0x75, 0xFE, 0xFF, 0xFF, 0xD3, 0x92, 0xFF, 0xFE, 0x62, 0xEB, 0x93,
    0xFF, 0xA6, 0x55, 0xFE, 0x8C, 0x51, 0xAF, 0x00, 0xA8, 0x44, 0xA2, 0x77,
    0x51, 0x66, 0xA5, 0x55, 0xA2, 0x77, 0xC7, 0x98, 0xCC, 0xFE, 0x9C, 0xB2,
    0xFE, 0x5A, 0xAA, 0x97, 0xDC, 0xA4, 0x67, 0x55, 0x51, 0xA2, 0x77, 0xAE,
    0x11, 0xFE, 0xD6, 0x79, 0xAC, 0x12, 0xCB, 0x41, 0x9E, 0x49, 0xC0, 0xA2,
    0xA7, 0x7E, 0xA0, 0xA9, 0x9E, 0x58, 0x46, 0xA3, 0xD7, 0x9E, 0x58, 0x9F,
    0x69, 0xC0, 0xA3, 0xB7, 0xA1, 0x97, 0xD0, 0xFE, 0xAD, 0x75, 0xFE, 0xFF,
    0xFF, 0xD2, 0xFE, 0xAD, 0x54, 0xFE, 0x42, 0x08, 0x9C, 0xBA, 0xAD, 0x11,
    0xFE, 0xDE, 0xDB, 0xA9, 0x33, 0xD0, 0x9D, 0xAA, 0xFE, 0x9C, 0xD3, 0xFE,
    0x4A, 0x08, 0x55, 0xA7, 0x44, 0x7F, 0x96, 0xDD, 0x7E, 0xFE, 0x8C, 0x30,
    0xFE, 0xDE, 0xFB, 0xA8, 0x44, 0xC9, 0x9E, 0x79, 0x9E, 0x59, 0xC1, 0x55,
    0xA3, 0x97, 0xA1, 0xB8, 0x45, 0xA1, 0x98, 0x55, 0x9E, 0x49, 0xC0, 0xA2,
    0xA7, 0xA2, 0xA7, 0xD0, 0xFE, 0xAD, 0x75, 0xAF, 0x11, 0x98, 0xCC, 0xA9,
    0x33, 0xA4, 0x66, 0xCE, 0x94, 0xEE, 0xFE, 0x41, 0xE7, 0x6B, 0xAC, 0x21,
    0xFE, 0xEF, 0x7D, 0xA4, 0x66, 0xD3, 0xFE, 0xCE, 0x38, 0xFE, 0x41, 0xA6,
    0xAD, 0x02, 0xFE, 0xF7, 0xDE, 0x95, 0xEE, 0xFE, 0x73, 0x6D, 0xFE, 0x31,
    0x44, 0xA8, 0x34, 0xFE, 0xC6, 0x18, 0xAF, 0x00, 0xC8, 0x9E, 0x79, 0x9E,
    0x59, 0xC1, 0x7A, 0xA2, 0x97, 0xA2, 0xA7, 0x9E, 0x69, 0x9E, 0x69, 0xA3,
    0xA6, 0x9E, 0x69, 0x46, 0xA2, 0xA7, 0xA2, 0xB7, 0xD0, 0xFE, 0xAD, 0x75,
    0x62, 0xFE, 0x31, 0x66, 0xAB, 0x22, 0xAF, 0x11, 0xFE, 0xDE, 0xFB, 0xA8,
    0x44, 0xCC, 0xFE, 0x8C, 0x30, 0xFE, 0x39, 0x86, 0xAA, 0x33, 0xFE, 0xE7,
    0x5C, 0xA5, 0x66, 0xD0, 0x66, 0x6E, 0xC2, 0xFE, 0xC6, 0x18, 0xFE, 0x6B,
    0x0C, 0xFE, 0xEF, 0x7D, 0xA4, 0x66, 0xC0, 0xFE, 0xA4, 0xF3, 0xFE, 0x39,
    0xA6, 0x7F, 0xFE, 0xC5, 0xF7, 0xFE, 0xFF, 0xFF, 0xC7, 0x45, 0x9D, 0x5A,
    0xC1, 0xA2, 0xA7, 0x6E, 0xA0, 0xA8, 0x41, 0x9F, 0x49, 0x7E, 0x66, 0x5A,
    0xA2, 0xA7, 0xA2, 0xB7, 0xD0, 0xFE, 0xAD, 0x75, 0xA3, 0x77, 0xFE, 0x62,
    0xEC, 0x99, 0xCB, 0x9B, 0xAB, 0xA6, 0x55, 0xFE, 0x94, 0xB2, 0xFE, 0xEF,
    0x7D, 0xA4, 0x66, 0xC9, 0x97, 0xDD, 0xFE, 0x41, 0xE8, 0xC0, 0xFE, 0xC6,
    0x18, 0xAF, 0x00, 0xD0, 0x66, 0xC0, 0x6E, 0xC3, 0x51, 0xC0, 0xA2, 0x77,
    0xC1, 0xFE, 0xBD, 0xB6, 0xFE, 0x41, 0xC7, 0xC0, 0xFE, 0xBD, 0xF7, 0xB0,
    0x00, 0xC7, 0x9D, 0x69, 0x9F, 0x59, 0x7A, 0xC0, 0x6E, 0xA1, 0xB8, 0x7A,
    0x9E, 0x59, 0xC1, 0x5A, 0xA2, 0xA7, 0xA2, 0xB7, 0xD0, 0xFE, 0xAD, 0x75,
    0xFE, 0xFF, 0xFF, 0xC0, 0x96, 0xDD, 0xFE, 0x94, 0x92, 0xFE, 0x4A, 0x49,
    0x98, 0xCC, 0xAC, 0x22, 0xFE, 0xC5, 0xF8, 0xFE, 0xFF, 0xFF, 0xC8, 0xFE,
    0x9C, 0xD3, 0xFE, 0x29, 0x25, 0xFE, 0x84, 0x10, 0xFE, 0xFF, 0xFF, 0xD1,
    0x66, 0x6E, 0xCA, 0xFE, 0xBD, 0xF7, 0xFE, 0x39, 0xA6, 0xC0, 0xFE, 0xCE,
    0x59, 0xAD, 0x11, 0xC6, 0x66, 0x9E, 0x48, 0x9F, 0x69, 0x7A, 0xC0, 0x7E,
    0xC0, 0x56, 0xC2, 0xA2, 0xB7, 0xA2, 0x97, 0xD0, 0xFE, 0xAD, 0x75, 0xFE,
    0xFF, 0xFF, 0xC2, 0x9A, 0xBB, 0xFE, 0x94, 0x92, 0xFE, 0x39, 0xA7, 0xC0,
    0xFE, 0xA5, 0x34, 0xFE, 0xFF, 0xFF, 0xC6, 0x66, 0xFE, 0x63, 0x0C, 0x96,
    0xDD, 0xFE, 0xD6, 0x9A, 0xAB, 0x22, 0xDF, 0xFE, 0xC6, 0x18, 0xFE, 0x41,
    0xC7, 0xA2, 0x77, 0xFE, 0xD6, 0xBA, 0xAA, 0x33, 0xC7, 0x9D, 0x69, 0x9F,
    0x69, 0xC0, 0x5A, 0xC0, 0x7A, 0xC1, 0xA2, 0xA7, 0xA2, 0xA7, 0xD1, 0xFE,
    0xAD, 0x75, 0xFE, 0xFF, 0xFF, 0xC4, 0xFE, 0xC6, 0x18, 0xFE, 0x4A, 0x69,
    0x97, 0xDD, 0xFE, 0x7B, 0xCF, 0xFE, 0xF7, 0x9E, 0xA3, 0x66, 0xC4, 0x9C,
    0xAA, 0xFE, 0x41, 0xE8, 0xAC, 0x22, 0xFE, 0xFF, 0xFF, 0xC5, 0x66, 0x51,
    0x6E, 0x7E, 0x6F, 0xD6, 0x93, 0xFF, 0xFE, 0x41, 0xA6, 0xA4, 0x56, 0xFE,
    0xDE, 0xDB, 0xA9, 0x33, 0xC7, 0x9E, 0x79, 0x45, 0x56, 0x5A, 0xC1, 0xA2,
    0xA7, 0xA2, 0x97, 0xD2, 0xFE, 0xAD, 0x75, 0xFE, 0xFF, 0xFF, 0xC5, 0x9A,
    0xBB, 0xFE, 0x6B, 0x0C, 0xFE, 0x21, 0x04, 0xAE, 0x11, 0xB0, 0x00, 0xAE,
    0x11, 0xA3, 0x66, 0x94, 0xFE, 0x5A, 0xA9, 0x44, 0xC0, 0xFE, 0x4A, 0x08,
    0xFE, 0x94, 0x71, 0xFE, 0xDE, 0xDA, 0x99, 0xBC, 0x9A, 0xCB, 0x9D, 0x99,
    0x9C, 0xAB, 0x9C, 0xAA, 0x50, 0xA8, 0x45, 0xAC, 0x22, 0x65, 0x51, 0xA2,
    0x77, 0xA2, 0x77, 0xA3, 0x67, 0xA4, 0x55, 0xA3, 0x77, 0xA3, 0x77, 0x6E,
    0xD1, 0xFE, 0xB5, 0x96, 0xFE, 0x31, 0x24, 0xAD, 0x12, 0xFE, 0xEF, 0x7D,
    0xA4, 0x66, 0xC9, 0x56, 0xC1, 0x7A, 0x6E, 0xD2, 0xFE, 0xAD, 0x75, 0xFE,
    0xFF, 0xFF, 0xC6, 0x9D, 0xAA, 0xFE, 0x83, 0xF0, 0xFE, 0x39, 0xA7, 0x55,
    0x7F, 0xA2, 0x77, 0x9D, 0x98, 0x7F, 0xA3, 0x77, 0xA5, 0x55, 0x52, 0x69,
    0x51, 0x51, 0x51, 0xC0, 0x7E, 0x51, 0x6B, 0xAC, 0x12, 0xFE, 0xD6, 0x9A,
    0xAB, 0x22, 0x65, 0x56, 0x9D, 0x99, 0x9D, 0xAA, 0x51, 0x9D, 0xAA, 0x55,
    0xA2, 0x77, 0xA4, 0x66, 0xA5, 0x55, 0xA3, 0x77, 0xCF, 0xFE, 0x8C, 0x30,
    0xFE, 0x29, 0x03, 0xFE, 0x84, 0x0F, 0xFE, 0xFF, 0xFF, 0xE1, 0xFE, 0xAD,
    0x75, 0xFE, 0xFF, 0xFF, 0xC8, 0xFE, 0xBD, 0xF7, 0xFE, 0x84, 0x10, 0x9D,
    0xA9, 0x9D, 0x9A, 0xA4, 0x66, 0x9D, 0xA9, 0x9A, 0xBB, 0x99, 0xCC, 0xA3,
    0x67, 0x7E, 0x55, 0xC1, 0x66, 0x51, 0xAA, 0x33, 0xFE, 0xAD, 0x55, 0xAF,
    0x00, 0xA6, 0x55, 0xC5, 0x9C, 0xAA, 0xC0, 0x51, 0x9B, 0xBB, 0x94, 0xEE,
    0x9A, 0xCB, 0xFE, 0xDE, 0xBB, 0xAA, 0x22, 0xCD, 0x55, 0xFE, 0x73, 0x4D,
    0xFE, 0x31, 0x45, 0xFE, 0xBD, 0xD7, 0xFE, 0xFF, 0xFF, 0xE0, 0xFE, 0xAD,
    0x75, 0xFE, 0xFF, 0xFF, 0xC6, 0x66, 0x6E, 0xC0, 0x94, 0xFE, 0x6F, 0xAB,
    0x22, 0x51, 0xA2, 0x77, 0x9C, 0xAA, 0x92, 0xFF, 0xFE, 0x62, 0xCB, 0x98,
    0xCC, 0xA2, 0x77, 0xC0, 0x55, 0xA2, 0x77, 0xFE, 0xA4, 0xF3, 0xFE, 0xF7,
    0xDE, 0x7F, 0xC0, 0xFE, 0xBD, 0xD7, 0xFE, 0x8B, 0xF0, 0xA6, 0x45, 0xA4,
    0x65, 0x9A, 0xCC, 0x9D, 0x89, 0x51, 0xA8, 0x44, 0xFE, 0xE7, 0x3C, 0xA6,
    0x55, 0xC0, 0x94, 0xFE, 0xFE, 0x39, 0x86, 0xFE, 0x8C, 0x31, 0xFE, 0xC6,
    0x38, 0x51, 0xAB, 0x33, 0xA5, 0x55, 0xCB, 0x9A, 0xBB, 0xFE, 0x41, 0xE7,
    0xA3, 0x76, 0xFE, 0xEF, 0x5C, 0xA5, 0x56, 0xDF, 0xFE, 0xAD, 0x75, 0xFE,
    0xFF, 0xFF, 0xCA, 0xFE, 0xBD, 0xF7, 0xA5, 0x66, 0xA7, 0x44, 0x9D, 0xAA,
    0xA2, 0x66, 0xA4, 0x77, 0x9C, 0xA9, 0x95, 0xDE, 0xA6, 0x55, 0x7A, 0xFE,
    0x73, 0x8E, 0xFE, 0xC6, 0x38, 0xAE, 0x11, 0xC1, 0xFE, 0xAD, 0x55, 0xFE,
    0x39, 0x45, 0xFE, 0x83, 0xAF, 0xFE, 0xC6, 0x18, 0x65, 0x9D, 0xAA, 0xA5,
    0x55, 0xA7, 0x45, 0xA7, 0x44, 0xC2, 0x99, 0xCB, 0xFE, 0x4A, 0x08, 0xFE,
    0xB5, 0x75, 0xFE, 0xF7, 0xBE, 0xFE, 0x9C, 0xF3, 0x94, 0xFE, 0xC0, 0xFE,
    0xAD, 0x75, 0xA8, 0x54, 0xA6, 0x45, 0xA6, 0x55, 0xC8, 0xFE, 0xAD, 0x55,
    0xFE, 0x31, 0x44, 0xFE, 0x84, 0x0F, 0xFE, 0xFF, 0xFF, 0xDF, 0xFE, 0xAD,
    0x75, 0xFE, 0xFF, 0xFF, 0xCA, 0x55, 0xFE, 0x94, 0xB2, 0xA8, 0x44, 0xA7,
    0x55, 0x51, 0x9D, 0xAA, 0x6E, 0xA5, 0x65, 0xA8, 0x34, 0xA2, 0x77, 0x9A,
    0xBB, 0x96, 0xDD, 0xB0, 0x00, 0xC0, 0xFE, 0xC6, 0x18, 0xFE, 0x41, 0xC7,
    0xFE, 0xBD, 0xD7, 0xFE, 0xFF, 0xFF, 0xC0, 0x66, 0x65, 0xA2, 0x67, 0xC4,
    0x9D, 0xAA, 0xFE, 0x52, 0x69, 0xFE, 0xAD, 0x55, 0xFE, 0xFF, 0xFF, 0xC1,
    0xFE, 0xCE, 0x38, 0x96, 0xDD, 0xA5, 0x56, 0x6E, 0x66, 0xA6, 0x55, 0xA9,
    0x33, 0xA4, 0x66, 0xC6, 0xFE, 0x8C, 0x0F, 0xFE, 0x29, 0x44, 0xFE, 0xBD,
    0xF7, 0xB0, 0x00, 0xDE, 0xFE, 0xAD, 0x75, 0xFE, 0xFF, 0xFF, 0xCB, 0x98,
    0xCC, 0x97, 0xDD, 0xFE, 0xFF, 0xFF, 0xC1, 0x9D, 0xA9, 0x97, 0xCD, 0x99,
    0xCC, 0x6E, 0xAE, 0x11, 0x96, 0xDD, 0xA8, 0x44, 0xA3, 0x66, 0xFE, 0x5A,
    0x6A, 0xFE, 0xC5, 0xF7, 0xFE, 0xFF, 0xFF, 0xC0, 0x61, 0x99, 0xDC, 0xC0,
    0xA8, 0x24, 0x55, 0xFE, 0xBD, 0xD7, 0x9C, 0x9A, 0xA2, 0x77, 0xC0, 0xA2,
    0x87, 0xFE, 0x52, 0x69, 0xFE, 0xBD, 0xB6, 0xFE, 0xFF, 0xFF, 0x99, 0xCC,
    0x96, 0xDD, 0x55, 0x61, 0x9B, 0xAB, 0xFE, 0xFF, 0xDF, 0x40, 0x96, 0xEE,
    0x99, 0xCB, 0xA4, 0x66, 0xAE, 0x01, 0xA2, 0x77, 0xC4, 0x9A, 0xBB, 0xFE,
    0x49, 0xE7, 0xA5, 0x56, 0xFE, 0xEF, 0x9D, 0xA3, 0x77, 0xDD, 0xFE, 0xAD,
    0x75, 0xFE, 0xFF, 0xFF, 0xCC, 0xFE, 0xAD, 0x55, 0xFE, 0xEF, 0x5C, 0xA5,
    0x56, 0xC3, 0x95, 0xEE, 0x96, 0xDC, 0x6B, 0xAB, 0x22, 0x95, 0xEE, 0x9B,
    0xBA, 0xFE, 0xFF, 0xFF, 0xC1, 0x51, 0x61, 0xC0, 0xA2, 0x67, 0xFE, 0x94,
    0xB2, 0xA3, 0x36, 0xAB, 0x13, 0xA3, 0x66, 0x7A, 0x9B, 0xCB, 0xFE, 0x4A,
    0x89, 0xFE, 0xAD, 0x75, 0x65, 0x9A, 0xBC, 0xAB, 0x22, 0xAA, 0x33, 0xA5,
    0x55, 0x7A, 0x6B, 0x6E, 0xC0, 0x66, 0x95, 0xDD, 0x96, 0xDD, 0xAC, 0x22,
    0xAA, 0x33, 0xC4, 0xFE, 0x94, 0x71, 0xFE, 0x31, 0x24, 0xFE, 0xA5, 0x14,
    0xFE, 0xFF, 0xFF, 0xDD, 0xFE, 0xAD, 0x75, 0xFE, 0xFF, 0xFF, 0xC5, 0x98,
    0xCC, 0xFE, 0xA4, 0xF3, 0xA9, 0x34, 0xAF, 0x00, 0xC2, 0xFE, 0xA5, 0x34,
    0xAD, 0x21, 0xA9, 0x34, 0xC5, 0xFE, 0xB5, 0x96, 0x9A, 0xBB, 0xA3, 0x76,
    0xFE, 0xF7, 0x9E, 0xA3, 0x66, 0xC1, 0x51, 0x9D, 0xBA, 0xA3, 0x56, 0xFE,
    0xC5, 0xF8, 0x9B, 0x6A, 0xFE, 0xCF, 0xFF, 0x51, 0x55, 0x7F, 0x9D, 0xA9,
    0xFE, 0x4A, 0x69, 0xA8, 0x44, 0xFE, 0xD6, 0x99, 0xAB, 0x23, 0xC8, 0x9D,
    0xA9, 0xFE, 0xB5, 0x76, 0xA3, 0x66, 0xFE, 0xFF, 0xFF, 0xC3, 0x98, 0xCC,
    0xFE, 0x41, 0xC7, 0xA6, 0x55, 0xFE, 0xEF, 0x7D, 0xA4, 0x66, 0xDC, 0xFE,
    0xAD, 0x75, 0xB0, 0x00, 0x98, 0xCC, 0x9D, 0xAA, 0x9D, 0x99, 0xC0, 0x66,
    0x55, 0x9D, 0xAA, 0xA6, 0x55, 0x55, 0x9D, 0xAA, 0xFE, 0xF7, 0xDE, 0x7F,
    0xC0, 0xFE, 0x9C, 0xB2, 0xFE, 0xE7, 0x5C, 0xA5, 0x66, 0xC6, 0xFE, 0xB5,
    0x96, 0x9C, 0xAA, 0xFE, 0xFF, 0xFF, 0xC5, 0xFE, 0xB5, 0xD7, 0xA7, 0x04,
    0xA8, 0x23, 0x62, 0xC0, 0xA2, 0x77, 0x99, 0xDB, 0xFE, 0x42, 0x28, 0xFE,
    0xCE, 0x59, 0xAD, 0x11, 0xC3, 0x45, 0x9F, 0x69, 0xC3, 0xA2, 0x97, 0xA0,
    0xA8, 0xFE, 0xBD, 0xF7, 0x9C, 0xBA, 0xFE, 0xFF, 0xDF, 0x6E, 0xC2, 0xFE,
    0x7B, 0xAE, 0xFE, 0x31, 0x24, 0xFE, 0xAD, 0x34, 0xFE, 0xFF, 0xFF, 0xDC,
    0xFE, 0xAD, 0x75, 0xAF, 0x00, 0x9D, 0xAA, 0xC3, 0xA4, 0x66, 0xA4, 0x66,
    0xC1, 0xFE, 0xB5, 0x96, 0x66, 0xFE, 0xFF, 0xDF, 0xFE, 0xB5, 0x76, 0xA2,
    0x76, 0xFE, 0xFF, 0xFF, 0xC8, 0xFE, 0x9C, 0xF3, 0xA9, 0x44, 0xAF, 0x00,
    0xC4, 0x91, 0xFF, 0x9F, 0x59, 0xFE, 0xC7, 0xDE, 0x66, 0x55, 0xA3, 0x77,
    0xFE, 0x95, 0x54, 0xFE, 0x42, 0x08, 0xFE, 0xEF, 0x7D, 0xA4, 0x66, 0xC2,
    0x46, 0x9E, 0x68, 0xA2, 0xA7, 0x7B, 0xC0, 0x59, 0x56, 0x9F, 0x68, 0x7F,
    0xA2, 0xB7, 0xFE, 0xB5, 0x75, 0xA6, 0x45, 0xAE, 0x11, 0xC2, 0x98, 0xCC,
    0xFE, 0x41, 0xC6, 0xA7, 0x45, 0xFE, 0xF7, 0xBE, 0xA2, 0x77, 0xDB, 0xFE,
    0xAD, 0x75, 0xFE, 0xFF, 0xFF, 0xC9, 0x95, 0xEE, 0xFE, 0x7B, 0xCF, 0xB0,
    0x00, 0xFE, 0xFF, 0xFF, 0xC0, 0x66, 0x55, 0xA2, 0x77, 0xC2, 0x55, 0x99,
    0xCC, 0xA8, 0x44, 0x9A, 0xBB, 0xFE, 0x94, 0x71, 0xFE, 0xFF, 0xDF, 0x6E,
    0xC3, 0x9D, 0xA9, 0xFE, 0xA5, 0x34, 0xA1, 0x47, 0xA8, 0x35, 0xA5, 0x55,
    0xC0, 0xFE, 0x63, 0x8E, 0xFE, 0xB5, 0xB6, 0xFE, 0xFF, 0xFF, 0xC2, 0x66,
    0x9E, 0x48, 0xA2, 0xA7, 0xA1, 0x98, 0xC0, 0x9E, 0x79, 0x6E, 0xA1, 0xA8,
    0x66, 0x9E, 0x69, 0x4D, 0xA1, 0xC9, 0x9D, 0xA9, 0xA4, 0x66, 0xC3, 0xFE,
    0x9C, 0xB2, 0xFE, 0x39, 0x65, 0xFE, 0xCE, 0x79, 0xAC, 0x22, 0xDB, 0xFE,
    0xAD, 0x75, 0xFE, 0xFF, 0xFF, 0xC8, 0x66, 0x9D, 0x99, 0xFE, 0x9C, 0xB2,
    0xAA, 0x23, 0xB0, 0x00, 0xC0, 0x66, 0x95, 0xDD, 0x97, 0xDD, 0xAB, 0x22,
    0xAA, 0x33, 0xC0, 0x55, 0xFE, 0x94, 0xB2, 0xFE, 0xF7, 0x9E, 0xA3, 0x66,
    0xFE, 0x9C, 0xB2, 0xFE, 0xDE, 0xDB, 0xA9, 0x33, 0xC5, 0x96, 0xDD, 0x9A,
    0xBB, 0xA3, 0x67, 0x99, 0xCC, 0x99, 0xCB, 0xFE, 0xFF, 0xFF, 0xC3, 0x45,
    0x9E, 0x79, 0xA3, 0xA7, 0xC1, 0x45, 0x9E, 0x79, 0x7F, 0xA2, 0xA7, 0xC0,
    0x9D, 0x6A, 0x7E, 0xA2, 0xA7, 0xC4, 0x95, 0xEE, 0xFE, 0x39, 0x65, 0xFE,
    0x9C, 0xB2, 0xFE, 0xFF, 0xFF, 0xDB, 0xFE, 0xAD, 0x75, 0xFE, 0xFF, 0xFF,
    0xCB, 0xFE, 0xAD, 0x75, 0xAF, 0x11, 0xA5, 0x55, 0xC1, 0x99, 0xBB, 0xFE,
    0xB5, 0x75, 0xA7, 0x45, 0xAD, 0x11, 0xC0, 0xFE, 0xB5, 0x96, 0xAD, 0x11,
    0xA6, 0x55, 0xFE, 0xB5, 0xB6, 0xC0, 0xFE, 0xFF, 0xFF, 0xC8, 0x97, 0xDD,
    0xA3, 0x66, 0xA6, 0x55, 0xC3, 0x41, 0xA0, 0x58, 0xA2, 0xB7, 0x9E, 0x59,
    0xC0, 0x7E, 0xA0, 0xA8, 0x9E, 0x69, 0xA2, 0xA8, 0x55, 0x6E, 0x41, 0xA2,
    0xA8, 0x7E, 0xC3, 0x9D, 0xAA, 0xFE, 0x5A, 0x69, 0xA6, 0x55, 0xFE, 0xFF,
    0xFF, 0xDB, 0xFE, 0xAD, 0x75, 0xFE, 0xFF, 0xFF, 0xCB, 0x9D, 0x99, 0x93,
    0xFF, 0xB0, 0x00, 0xC3, 0xFE, 0xBD, 0xD7, 0xFE, 0xF7, 0xDE, 0x7F, 0xFE,
    0xBD, 0xF7, 0xA9, 0x33, 0xA7, 0x55, 0x93, 0xFE, 0x98, 0xBC, 0xFE, 0xFF,
    0xFF, 0xC8, 0x93, 0xFF, 0xAA, 0x22, 0xA3, 0x77, 0xC3, 0x56, 0x9E, 0x69,
    0xA3, 0xA6, 0x56, 0x59, 0x56, 0x5A, 0x9E, 0x79, 0x7E, 0x5A, 0xA2, 0xB7,
    0x46, 0x7E, 0xA1, 0xA8, 0xC4, 0xFE, 0x73, 0x2C, 0x98, 0xCC, 0xFE, 0xEF,
    0x7D, 0xA4, 0x66, 0xDA, 0xFE, 0xAD, 0x75, 0xFE, 0xFF, 0xFF, 0xCC, 0x96,
    0xDD, 0x93, 0xFE, 0xA8, 0x45, 0x59, 0x66, 0xA2, 0x77, 0x93, 0xFF, 0xA9,
    0x33, 0xAA, 0x33, 0xFE, 0xA5, 0x14, 0xAE, 0x11, 0xA9, 0x33, 0x97, 0xCC,
    0x94, 0xFF, 0xFE, 0xFF, 0xFF, 0xC8, 0xFE, 0xC6, 0x18, 0x6E, 0xAE, 0x11,
    0xC3, 0x66, 0x9E, 0x58, 0xA2, 0xA8, 0x7E, 0x45, 0x6B, 0xC0, 0x9E, 0x68,
    0xA2, 0xA7, 0x9E, 0x79, 0xA2, 0x97, 0x46, 0x7A, 0xA2, 0x97, 0xC4, 0xFE,
    0x94, 0x30, 0xFE, 0x39, 0x24, 0xFE, 0xD6, 0x79, 0xAC, 0x12, 0xDA, 0xFE,
    0xAD, 0x75, 0xFE, 0xFF, 0xFF, 0xCD, 0xFE, 0xB5, 0x96, 0xAA, 0x32, 0xA4,
    0x56, 0xC0, 0x6B, 0xFE, 0xA4, 0xF3, 0xAA, 0x23, 0xA6, 0x55, 0xFE, 0x9C,
    0xD3, 0xFE, 0xD6, 0xDA, 0xA9, 0x44, 0x94, 0xEE, 0x94, 0xEE, 0xFE, 0xFF,
    0xFF, 0xC8, 0x9C, 0xAA, 0xFE, 0x9C, 0xF3, 0xFE, 0xF7, 0xBE, 0xA2, 0x77,
    0xC3, 0x9E, 0x79, 0x5A, 0xA2, 0xA7, 0x9E, 0x79, 0x45, 0x6B, 0xA2, 0x96,
    0xA1, 0x98, 0x9E, 0x79, 0xA1, 0x98, 0x9E, 0x69, 0xA2, 0x96, 0xA1, 0x98,
    0xC4, 0xFE, 0xAD, 0x34, 0xFE, 0x30, 0xE3, 0xFE, 0xBD, 0xB6, 0xFE, 0xFF,
    0xFF, 0xDA, 0xFE, 0xAD, 0x75, 0xFE, 0xFF, 0xFF, 0xCD, 0xFE, 0xBD, 0xF7,
    0xA6, 0x55, 0xAA, 0x33, 0xC1, 0xFE, 0xAD, 0x34, 0xFE, 0xF7, 0xDE, 0x7F,
    0xFE, 0xB5, 0x96, 0xAE, 0x00, 0xA5, 0x66, 0xFE, 0xB5, 0x96, 0x51, 0xFE,
    0xFF, 0xFF, 0xC9, 0xFE, 0xB5, 0xB6, 0xFE, 0xF7, 0xDE, 0x7F, 0xC4, 0x9E,
    0x69, 0x5A, 0xA2, 0xA7, 0x7A, 0xC3, 0x9F, 0x68, 0x41, 0xA3, 0xA7, 0xC5,
    0xFE, 0xC5, 0xF7, 0xFE, 0x31, 0x03, 0xFE, 0xB5, 0x75, 0xFE, 0xFF, 0xFF,
    0xDA, 0xFE, 0xAD, 0x75, 0xFE, 0xFF, 0xFF, 0xCD, 0xFE, 0x94, 0xD2, 0xB2,
    0x00, 0xA7, 0x44, 0xC0, 0xFE, 0xB5, 0x96, 0xC0, 0xFE, 0xFF, 0xFF, 0x66,
    0x9A, 0xAA, 0xA7, 0x55, 0xC0, 0xFE, 0x8C, 0x30, 0xFE, 0xE7, 0x1C, 0xA7,
    0x44, 0xC9, 0xFE, 0xBD, 0xF7, 0xAD, 0x22, 0xA2, 0x77, 0x6E, 0xC4, 0x9E,
    0x79, 0x45, 0x7F, 0xA1, 0x97, 0x7F, 0x56, 0x45, 0x55, 0xA2, 0xA8, 0x7E,
    0xC5, 0xFE, 0xC5, 0xF7, 0xFE, 0x31, 0x03, 0xFE, 0xAD, 0x34, 0xFE, 0xFF,
    0xFF, 0xDA, 0xFE, 0xAD, 0x75, 0xFE, 0xFF, 0xFF, 0xCC, 0x95, 0xEE, 0x95,
    0xDD, 0xFE, 0xFF, 0xFF, 0x9C, 0xAA, 0xFE, 0xAD, 0x55, 0x9D, 0xA9, 0xFE,
    0xFF, 0xDE, 0x6F, 0xC2, 0xFE, 0xC6, 0x17, 0x97, 0xDD, 0xFE, 0xFF, 0xFF,
    0xCA, 0x94, 0xEE, 0x99, 0xCC, 0xA2, 0x77, 0x6E, 0xA2, 0x77, 0xA5, 0x66,
    0xA5, 0x55, 0xA4, 0x66, 0xC1, 0x66, 0x9E, 0x79, 0x59, 0x6E, 0x57, 0xA1,
    0x97, 0xA1, 0x98, 0x7E, 0xC6, 0xFE, 0xA4, 0xF4, 0xFE, 0x31, 0x24, 0xFE,
    0xA4, 0xF3, 0xFE, 0xFF, 0xFF, 0xDA, 0xFE, 0xAD, 0x75, 0xFE, 0xFF, 0xFF,
    0xCB, 0x51, 0xFE, 0x9C, 0xD2, 0xFE, 0xEF, 0x5D, 0xA5, 0x55, 0x96, 0xDD,
    0x51, 0xAC, 0x22, 0xC3, 0x9A, 0xBB, 0xFE, 0x83, 0xEF, 0xFE, 0xEF, 0x7D,
    0xA4, 0x66, 0xCA, 0x95, 0xEE, 0xA8, 0x33, 0xA2, 0x77, 0x51, 0x9C, 0xBB,
    0x9D, 0x99, 0x9C, 0xAA, 0x66, 0xA5, 0x55, 0xA5, 0x66, 0xA5, 0x55, 0xC1,
    0x66, 0x6E, 0xC8, 0x51, 0xFE, 0x6B, 0x2C, 0xFE, 0x39, 0x45, 0xFE, 0xA5,
    0x13, 0xFE, 0xFF, 0xFF, 0xDA, 0xFE, 0xAD, 0x75, 0xFE, 0xFF, 0xFF, 0xCB,
    0xFE, 0xAD, 0x55, 0xA7, 0x44, 0xAE, 0x11, 0xC6, 0x96, 0xDD, 0xFE, 0x83,
    0xCF, 0xFE, 0xD6, 0xBA, 0xAA, 0x33, 0xC0, 0x9B, 0xCB, 0xFE, 0xEE, 0x3A,
    0xA4, 0x45, 0xA6, 0x34, 0xA4, 0x56, 0xC0, 0x9B, 0xBB, 0x9C, 0xAA, 0xA2,
    0x77, 0xA7, 0x44, 0xC0, 0xFE, 0x63, 0x0C, 0xFE, 0xBD, 0xF7, 0xB0, 0x00,
    0xC3, 0x9D, 0xAA, 0x9B, 0xAA, 0x9D, 0x99, 0x7B, 0xA3, 0x66, 0xA5, 0x66,
    0xA3, 0x66, 0xCA, 0xFE, 0x73, 0x4D, 0xFE, 0x39, 0x24, 0xFE, 0xAD, 0x54,
    0xFE, 0xFF, 0xFF, 0xDA, 0xFE, 0xAD, 0x75, 0xFE, 0xFF, 0xFF, 0xCA, 0xFE,
    0xBD, 0xD7, 0x9B, 0xAA, 0xFE, 0xFF, 0xFF, 0xC0, 0x9C, 0xAA, 0x98, 0xCC,
    0xAA, 0x33, 0xA2, 0x77, 0x66, 0x99, 0xBB, 0x94, 0xFE, 0x56, 0x9D, 0x99,
    0xFE, 0xFF, 0xDF, 0x6E, 0xC0, 0x61, 0x9B, 0xCB, 0x55, 0xA3, 0x57, 0xA2,
    0x77, 0xFE, 0x9C, 0xF3, 0x9D, 0x7A, 0xA6, 0x55, 0x51, 0x71, 0xFE, 0xDF,
    0x1C, 0xFE, 0x52, 0xAA, 0xFE, 0xB5, 0xB6, 0xFE, 0xFF, 0xFF, 0xC5, 0x9B,
    0xBB, 0x95, 0xED, 0x92, 0xEF, 0x9C, 0xAA, 0xAD, 0x22, 0xAE, 0x11, 0xA7,
    0x44, 0xC8, 0xFE, 0x7B, 0xAE, 0xFE, 0x30, 0xE3, 0xFE, 0xBD, 0x96, 0xFE,
    0xFF, 0xFF, 0xDA, 0xFE, 0xAD, 0x75, 0xFE, 0xFF, 0xFF, 0xC9, 0x97, 0xDD,
    0x96, 0xDD, 0xFE, 0xFF, 0xFF, 0xC1, 0x9C, 0xAA, 0x94, 0xEE, 0xA2, 0x77,
    0x66, 0xA4, 0x66, 0x9D, 0x99, 0xA7, 0x55, 0xA7, 0x44, 0x94, 0xEE, 0xA7,
    0x44, 0xA5, 0x66, 0xC0, 0x65, 0x98, 0xED, 0x6F, 0xA6, 0x34, 0xFE, 0x9C,
    0xF3, 0xA6, 0x15, 0xFE, 0xBF, 0x9D, 0x7F, 0xC0, 0x99, 0xCC, 0x9D, 0xC9,
    0xFE, 0x63, 0x2C, 0xFE, 0xEF, 0x5D, 0xA5, 0x55, 0xC3, 0x95, 0xEE, 0x94,
    0xEE, 0x7E, 0xA7, 0x45, 0xA9, 0x33, 0xA2, 0x77, 0x9A, 0xBB, 0xA4, 0x66,
    0xA6, 0x55, 0xC7, 0x55, 0xFE, 0x6B, 0x2C, 0xFE, 0x41, 0x65, 0xFE, 0xD6,
    0x79, 0xAC, 0x12, 0xDA, 0xFE, 0xAD, 0x75, 0xFE, 0xFF, 0xFF, 0xC8, 0x99,
    0xCC, 0x95, 0xDD, 0xC0, 0xA5, 0x66, 0xA5, 0x55, 0x6E, 0x95, 0xFE, 0xA2,
    0x77, 0xFE, 0xFF, 0xFF, 0x96, 0xDD, 0x9A, 0xBB, 0x61, 0x6F, 0xA5, 0x55,
    0x99, 0xCC, 0xA4, 0x66, 0xAF, 0x00, 0xC3, 0x98, 0xDC, 0x92, 0xCF, 0xFE,
    0xC7, 0xFF, 0x9C, 0xBA, 0xC1, 0xA3, 0x67, 0xFE, 0x9E, 0x17, 0xFE, 0x7B,
    0xCF, 0xFE, 0xFF, 0xFF, 0xC2, 0x9A, 0xBB, 0xFE, 0x9C, 0xB2, 0xA3, 0x67,
    0xAF, 0x00, 0xA8, 0x44, 0xCD, 0x66, 0xFE, 0x83, 0xCE, 0xFE, 0x52, 0x07,
    0xFE, 0xF7, 0x9E, 0xA3, 0x66, 0xDA, 0xFE, 0xAD, 0x75, 0xFE, 0xFF, 0xFF,
    0xC7, 0x9C, 0xAA, 0xFE, 0xAD, 0x54, 0xAE, 0x01, 0x51, 0x99, 0xCC, 0xA2,
    0x77, 0x51, 0x9A, 0xBB, 0xA3, 0x76, 0xFE, 0xFF, 0xFF, 0xC1, 0x51, 0x99,
    0xCC, 0x9D, 0x99, 0x9A, 0xCB, 0x9D, 0xAA, 0xA4, 0x56, 0x61, 0xA3, 0x66,
    0x6F, 0xA5, 0x55, 0x9D, 0xAA, 0x97, 0xAC, 0xFE, 0xBF, 0x9D, 0x66, 0x6E,
    0x6B, 0xA3, 0x76, 0xFE, 0x74, 0x30, 0xAD, 0x42, 0xFE, 0xFF, 0xFF, 0xC0,
    0x9B, 0xBA, 0x93, 0xEF, 0xC0, 0x61, 0xA3, 0x66, 0xFE, 0xFF, 0xFF, 0xCF,
    0xFE, 0x7B, 0x6C, 0x95, 0xFF, 0xFE, 0xFF, 0xFF, 0xDB, 0xFE, 0xAD, 0x75,
    0xFE, 0xFF, 0xFF, 0xC7, 0x9D, 0x99, 0x62, 0x93, 0xEE, 0xFE, 0xFF, 0xFF,
    0xC3, 0xFE, 0xBD, 0xF7, 0xB0, 0x00, 0xC6, 0x51, 0x9C, 0xAA, 0x9C, 0xAA,
    0x9C, 0xBB, 0x50, 0x9C, 0xAA, 0x9C, 0x9A, 0xAC, 0x02, 0xA2, 0x67, 0x51,
    0x56, 0x9B, 0xBA, 0xFE, 0x4A, 0x69, 0xFE, 0xCE, 0x59, 0xA6, 0x44, 0x99,
    0xCC, 0x96, 0xED, 0x9D, 0xAA, 0xFE, 0xF7, 0x9E, 0xA3, 0x66, 0xFE, 0xB5,
    0x96, 0xA7, 0x44, 0xAC, 0x22, 0xCD, 0x99, 0xCB, 0xFE, 0x49, 0xE7, 0xAC,
    0x22, 0xFE, 0xFF, 0xFF, 0xDB, 0xFE, 0xAD, 0x75, 0xFE, 0xFF, 0xFF, 0xC8,
    0x9B, 0xBB, 0x94, 0xDD, 0xB1, 0x00, 0xC3, 0x91, 0xFF, 0xAB, 0x33, 0xA4,
    0x66, 0xCC, 0x66, 0x65, 0x55, 0x56, 0xFE, 0x73, 0xAE, 0xA5, 0x66, 0xFE,
    0xDE, 0xDA, 0x9B, 0xAB, 0x99, 0xCC, 0xA4, 0x66, 0xA6, 0x45, 0x9A, 0xBB,
    0xFE, 0xFF, 0xFF, 0x51, 0xFE, 0xA5, 0x34, 0xB1, 0x00, 0xA5, 0x55, 0xCB,
    0x65, 0xFE, 0x9C, 0xD2, 0xFE, 0x39, 0x85, 0xFE, 0x94, 0x30, 0xFE, 0xFF,
    0xFF, 0xDB, 0xFE, 0xAD, 0x75, 0xFE, 0xFF, 0xFF, 0xC8, 0x95, 0xEE, 0x9D,
    0x99, 0xAE, 0x11, 0xC3, 0x97, 0xDD, 0x9D, 0x99, 0xAC, 0x22, 0xCF, 0x97,
    0xDD, 0xFE, 0x52, 0xAB, 0xFE, 0xF7, 0xBE, 0xA2, 0x77, 0xC3, 0x94, 0xEE,
    0xA2, 0x77, 0xAA, 0x33, 0x99, 0xCC, 0x93, 0xEE, 0xFE, 0xFF, 0xFF, 0xCB,
    0xFE, 0xC6, 0x17, 0x9A, 0xBB, 0xFE, 0x41, 0xA6, 0xFE, 0x94, 0x71, 0xFE,
    0xFF, 0xFF, 0xDB, 0xFE, 0xAD, 0x75, 0xFE, 0xFF, 0xFF, 0xC8, 0xFE, 0xBD,
    0xB6, 0xAA, 0x23, 0xA8, 0x44, 0xC1, 0x51, 0x51, 0xA4, 0x66, 0xFE, 0xBD,
    0xF7, 0xA8, 0x44, 0xA8, 0x44, 0xCD, 0x9C, 0xAA, 0xFE, 0x63, 0x0C, 0xFE,
    0xB5, 0xB6, 0xFE, 0xFF, 0xFF, 0xC4, 0x55, 0xFE, 0xBD, 0xD7, 0xAE, 0x00,
    0xA3, 0x77, 0xFE, 0xC6, 0x18, 0xA2, 0x77, 0xAD, 0x11, 0xC9, 0x96, 0xDD,
    0x9B, 0xBA, 0x9B, 0xBB, 0xFE, 0x30, 0xE3, 0xFE, 0xA4, 0xB2, 0xFE, 0xFF,
    0xFF, 0xDB, 0xFE, 0xAD, 0x75, 0xFE, 0xFF, 0xFF, 0xC7, 0x55, 0xFE, 0xAD,
    0x55, 0xFE, 0xF7, 0xBE, 0xA2, 0x77, 0xC1, 0x99, 0xBB, 0xFE, 0x94, 0xB2,
    0xFE, 0xE7, 0x3C, 0xA3, 0x77, 0xFE, 0xB5, 0x96, 0xA9, 0x33, 0xAA, 0x33,
    0xCC, 0x9C, 0xAA, 0x99, 0xBB, 0xAB, 0x33, 0xC6, 0x99, 0xCC, 0x96, 0xDC,
    0xFE, 0xFF, 0xFF, 0x98, 0xCC, 0xFE, 0x8C, 0x92, 0xFE, 0xFF, 0xFF, 0xC8,
    0x9B, 0xBA, 0xFE, 0xAD, 0x34, 0xFE, 0xF7, 0xBE, 0xFE, 0x6B, 0x0B, 0xFE,
    0x39, 0x45, 0xFE, 0xBD, 0xD6, 0xFE, 0xFF, 0xFF, 0xDB, 0xFE, 0xAD, 0x75,
    0xFE, 0xFF, 0xFF, 0xC7, 0x97, 0xDD, 0x94, 0xEE, 0xFE, 0xFF, 0xFF, 0xC2,
    0x51, 0xFE, 0xB5, 0xB6, 0xAB, 0x22, 0x9B, 0xBB, 0xA5, 0x66, 0x91, 0xFF,
    0xAC, 0x22, 0xAA, 0x33, 0xD6, 0x93, 0xEE, 0x9B, 0xBB, 0x97, 0xDD, 0xAF,
    0x00, 0xAC, 0x22, 0xC7, 0x66, 0xFE, 0xA5, 0x13, 0xB1, 0x00, 0x9A, 0xAB,
    0xFE, 0x41, 0xA6, 0x7E, 0xFE, 0xDE, 0xFB, 0xA8, 0x44, 0xDB, 0xFE, 0xAD,
    0x75, 0xFE, 0xFF, 0xFF, 0xC5, 0x65, 0x9C, 0xAA, 0xFE, 0xA5, 0x14, 0xAE,
    0x11, 0xA9, 0x33, 0xC3, 0x92, 0xFF, 0xA8, 0x44, 0xA3, 0x77, 0x99, 0xBB,
    0x9A, 0xBB, 0xFE, 0x73, 0x8E, 0xFE, 0xB5, 0xB6, 0xB0, 0x00, 0xA2, 0x77,
    0xD5, 0xFE, 0x94, 0xB3, 0xA8, 0x43, 0xFE, 0xFF, 0xFF, 0xC8, 0xFE, 0xB5,
    0x95, 0xA4, 0x66, 0xAF, 0x01, 0xFE, 0x73, 0x6D, 0xFE, 0x39, 0x65, 0xAB,
    0x33, 0xFE, 0xFF, 0xDF, 0x6E, 0xDB, 0xFE, 0x63, 0x0C, 0x7F, 0x6E, 0x7E,
    0x6B, 0x6E, 0x65, 0x56, 0x9D, 0xAA, 0x97, 0xDC, 0xFE, 0x8C, 0x30, 0xFE,
    0xFF, 0xFF, 0xC4, 0x9C, 0xAA, 0x93, 0xFF, 0xB0, 0x00, 0x6E, 0x66, 0x9A,
    0xAA, 0x95, 0xEE, 0x9B, 0xBB, 0xA7, 0x54, 0xAF, 0x01, 0x6E, 0xDE, 0x94,
    0xEE, 0x95, 0xED, 0xFE, 0xFF, 0xFF, 0xFE, 0xBD, 0xD7, 0xFE, 0x52, 0x69,
    0x99, 0xDC, 0xFE, 0x94, 0x30, 0xFE, 0xFF, 0xFF, 0xDC, 0xFE, 0x5A, 0xAB,
    0x97, 0xDC, 0x6F, 0xC2, 0x6E, 0x7A, 0x5A, 0xA8, 0x44, 0xFE, 0xEF, 0x5D,
    0xA5, 0x55, 0xC5, 0x98, 0xCC, 0x9B, 0xBB, 0xAC, 0x11, 0x7F, 0xC1, 0x51,
    0x99, 0xCB, 0xA7, 0x45, 0xA2, 0x77, 0xC0, 0x66, 0x9B, 0xAA, 0x9D, 0xAA,
    0x6E, 0xA2, 0x77, 0xA5, 0x66, 0x6E, 0xD5, 0x99, 0xCB, 0xFE, 0x9C, 0xB2,
    0xFE, 0xF7, 0xBE, 0x51, 0xFE, 0x8C, 0x30, 0x99, 0xCC, 0xFE, 0x39, 0x44,
    0xFE, 0xC5, 0xD7, 0xFE, 0xFF, 0xFF, 0xDC, 0xFE, 0x83, 0xEF, 0x51, 0x9D,
    0x9A, 0x9D, 0xAA, 0x40, 0x9B, 0xCB, 0x51, 0xA3, 0x66, 0x9D, 0xAA, 0xFE,
    0x94, 0x92, 0xFE, 0xFF, 0xFF, 0xC5, 0x66, 0x6E, 0x9B, 0xBB, 0x9D, 0x99,
    0xA6, 0x55, 0xA2, 0x77, 0xC3, 0x9D, 0xAA, 0xFE, 0xAD, 0x34, 0x9D, 0x9A,
    0xA3, 0x66, 0x7E, 0x6B, 0x59, 0x66, 0xA3, 0x77, 0xA7, 0x44, 0xAA, 0x33,
    0xA2, 0x77, 0xD1, 0x9A, 0xBB, 0xFE, 0x9C, 0xB2, 0xFE, 0xE7, 0x3C, 0xA6,
    0x55, 0xFE, 0xAD, 0x34, 0xA2, 0x77, 0xFE, 0x5A, 0x69, 0x9A, 0xCB, 0xFE,
    0xDE, 0xDA, 0xA9, 0x34, 0xDC,
};

const unsigned char demo_overlay[7037] = {
    0x00, 0x48, 0x00, 0x50, 0x00, 0x50, 0x0D, 0x00, 0x50, 0x00, 0x50, 0x00,
    0x50, 0x00, 0xA0, 0x00, 0x00, 0x00, 0x00, 0x00, 0x00, 0x00, 0x06, 0x00,
    0x0C, 0x00, 0x49, 0x00, 0x8C, 0x00, 0xBB, 0x00, 0xE6, 0x01, 0x0D, 0x01,
    0x34, 0x01, 0x59, 0x01, 0x7C, 0x01, 0x9F, 0x01, 0xBE, 0x01, 0xDD, 0x01,
    0xFC, 0x02, 0x1B, 0x02, 0x46, 0x02, 0x82, 0x02, 0xB5, 0x02, 0xE7, 0x03,
    0x1A, 0x03, 0x5A, 0x03, 0xA1, 0x03, 0xDD, 0x04, 0x26, 0x04, 0x6E, 0x04,
    0xBD, 0x05, 0x09, 0x05, 0x53, 0x05, 0xA0, 0x05, 0xE9, 0x06, 0x34, 0x06,
    0x92, 0x06, 0xE3, 0x07, 0x23, 0x07, 0x60, 0x07, 0x97, 0x07, 0xD2, 0x08,
    0x0D, 0x08, 0x47, 0x08, 0x80, 0x08, 0xB8, 0x08, 0xF0, 0x09, 0x28, 0x09,
    0x65, 0x09, 0xA3, 0x09, 0xDF, 0x0A, 0x1F, 0x0A, 0x68, 0x0A, 0xB7, 0x0B,
    0x0B, 0x0B, 0x60, 0x0B, 0xBC, 0x0C, 0x1A, 0x0C, 0x78, 0x0C, 0xD9, 0x0D,
    0x40, 0x0D, 0xAA, 0x0E, 0x16, 0x0E, 0x87, 0x0E, 0xFB, 0x0F, 0x71, 0x0F,
    0xF8, 0x10, 0x84, 0x11, 0x1A, 0x11, 0xB8, 0x12, 0x6A, 0x13, 0x19, 0x13,
    0xCA, 0x14, 0x88, 0x15, 0x55, 0x16, 0x28, 0x16, 0xF1, 0x17, 0xBA, 0x18,
    0x83, 0x19, 0x5B, 0x1A, 0x1C, 0x1A, 0x81, 0x1A, 0xBE, 0x1A, 0xC4, 0xFF,
    0x00, 0x00, 0x00, 0xFD, 0xD0, 0xFF, 0x00, 0x00, 0x00, 0xFD, 0xD0, 0xFF,
    0x00, 0x00, 0x00, 0xDF, 0xFE, 0x28, 0x0A, 0xFF, 0x1A, 0x29, 0x0B, 0xFF,
    0x32, 0x31, 0x2B, 0xFF, 0x54, 0x31, 0x2B, 0xFF, 0x63, 0x31, 0x2B, 0xFF,
    0x69, 0x31, 0x4B, 0xFF, 0x73, 0x31, 0x4B, 0xFF, 0x70, 0x31, 0x4B, 0xFF,
    0x66, 0x31, 0x4B, 0xFF, 0x60, 0x31, 0x2B, 0xFF, 0x4A, 0x31, 0x2B, 0xFF,
    0x2B, 0x31, 0x2B, 0xFF, 0x0E, 0x28, 0xEA, 0xFF, 0x00, 0x00, 0x00, 0xE0,
    0xFF, 0x00, 0x00, 0x00, 0xDB, 0xFF, 0x0C, 0x31, 0x2B, 0xFF, 0x41, 0x31,
    0x2B, 0xFF, 0x82, 0x31, 0x4B, 0xFF, 0xB9, 0x31, 0x4B, 0xFF, 0xEA, 0x31,
    0x4B, 0xFF, 0xFB, 0x31, 0x4B, 0xFF, 0xFF, 0x31, 0x4B, 0xC7, 0xFF, 0xFE,
    0x31, 0x4B, 0xFF, 0xF7, 0x31, 0x4B, 0xFF, 0xDB, 0x31, 0x4B, 0xFF, 0xA8,
    0x31, 0x4B, 0xFF, 0x6D, 0x31, 0x2B, 0xFF, 0x2C, 0x31, 0x2B, 0xFF, 0x05,
    0x29, 0x0B, 0xFF, 0x00, 0x00, 0x00, 0xDB, 0xFF, 0x00, 0x00, 0x00, 0xD8,
    0xFF, 0x08, 0x29, 0x0B, 0xFF, 0x53, 0x31, 0x2B, 0xFF, 0xAB, 0x31, 0x4B,
    0xFF, 0xEE, 0x31, 0x4B, 0xFF, 0xFF, 0x31, 0x4B, 0xD1, 0xFF, 0xFE, 0x31,
    0x4B, 0xFF, 0xDE, 0x31, 0x4B, 0xFF, 0x8E, 0x31, 0x4B, 0xFF, 0x37, 0x31,
    0x2B, 0xFF, 0x00, 0x00, 0x00, 0xD9, 0xFF, 0x00, 0x00, 0x00, 0xD6, 0xFF,
    0x21, 0x31, 0x2B, 0xFF, 0x8A, 0x31, 0x4B, 0xFF, 0xEA, 0x31, 0x4B, 0xFF,
    0xFF, 0x31, 0x4B, 0xD7, 0xFF, 0xFE, 0x31, 0x4B, 0xFF, 0xD1, 0x31, 0x4B,
    0xFF, 0x66, 0x31, 0x2B, 0xFF, 0x0B, 0x31, 0x0B, 0xFF, 0x00, 0x00, 0x00,
    0xD6, 0xFF, 0x00, 0x00, 0x00, 0xD4, 0xFF, 0x1F, 0x31, 0x2B, 0xFF, 0x9C,
    0x31, 0x4B, 0xFF, 0xF6, 0x31, 0x4B, 0xFF, 0xFF, 0x31, 0x4B, 0xDC, 0xFF,
    0xE4, 0x31, 0x4B, 0xFF, 0x72, 0x31, 0x2B, 0xFF, 0x09, 0x29, 0x0B, 0xFF,
    0x00, 0x00, 0x00, 0xD4, 0xFF, 0x00, 0x00, 0x00, 0xD2, 0xFF, 0x0F, 0x31,
    0x2B, 0xFF, 0x87, 0x31, 0x4B, 0xFF, 0xF7, 0x31, 0x4B, 0xFF, 0xFF, 0x31,
    0x4B, 0xE0, 0xFF, 0xE0, 0x31, 0x4B, 0xFF, 0x56, 0x31, 0x2B, 0xFF, 0x02,
    0x29, 0x0B, 0xFF, 0x00, 0x00, 0x00, 0xD2, 0xFF, 0x00, 0x00, 0x00, 0xD0,
    0xA9, 0x5A, 0xFF, 0x47, 0x31, 0x2B, 0xFF, 0xDE, 0x31, 0x4B, 0xFF, 0xFF,
    0x31, 0x4B, 0xE3, 0xFF, 0xFE, 0x31, 0x4B, 0xFF, 0xB5, 0x31, 0x4B, 0xFF,
    0x1E, 0x31, 0x2B, 0xFF, 0x00, 0x00, 0x00, 0xD1, 0xFF, 0x00, 0x00, 0x00,
    0xCF, 0xFF, 0x09, 0x31, 0x2B, 0xFF, 0x95, 0x31, 0x4B, 0xFF, 0xFD, 0x31,
    0x4B, 0xFF, 0xFF, 0x31, 0x4B, 0xE6, 0xFF, 0xEE, 0x31, 0x4B, 0xFF, 0x5A,
    0x31, 0x2B, 0xFF, 0x00, 0x00, 0x00, 0xD0, 0xFF, 0x00, 0x00, 0x00, 0xCE,
    0xFF, 0x20, 0x31, 0x2B, 0xFF, 0xC9, 0x31, 0x4B, 0xFF, 0xFF, 0x31, 0x4B,
    0xE9, 0xFF, 0xFD, 0x31, 0x4B, 0xFF, 0x91, 0x31, 0x4B, 0xFF, 0x07, 0x31,
    0x2B, 0xFF, 0x00, 0x00, 0x00, 0xCE, 0xFF, 0x00, 0x00, 0x00, 0xCD, 0xFF,
    0x37, 0x31, 0x2B, 0xFF, 0xE6, 0x31, 0x4B, 0xFF, 0xFF, 0x31, 0x4B, 0xEC,
    0xFF, 0xB9, 0x31, 0x4B, 0xFF, 0x10, 0x31, 0x2B, 0xFF, 0x00, 0x00, 0x00,
    0xCD, 0xFF, 0x00, 0x00, 0x00, 0xCC, 0xFF, 0x45, 0x31, 0x4B, 0xFF, 0xF1,
    0x31, 0x4B, 0xFF, 0xFF, 0x31, 0x4B, 0xEE, 0xFF, 0xCC, 0x31, 0x4B, 0xFF,
    0x18, 0x31, 0x2B, 0xFF, 0x00, 0x00, 0x00, 0xCC, 0xFF, 0x00, 0x00, 0x00,
    0xCB, 0xFF, 0x46, 0x31, 0x4B, 0xFF, 0xF4, 0x31, 0x4B, 0xFF, 0xFF, 0x31,
    0x4B, 0xF0, 0xFF, 0xD2, 0x31, 0x4B, 0xFF, 0x17, 0x31, 0x2B, 0xFF, 0x00,
    0x00, 0x00, 0xCB, 0xFF, 0x00, 0x00, 0x00, 0xCA, 0xFF, 0x3B, 0x31, 0x4B,
    0xFF, 0xF2, 0x31, 0x4B, 0xFF, 0xFF, 0x31, 0x4B, 0xF2, 0xFF, 0xCA, 0x31,
    0x4B, 0xFF, 0x0F, 0x31, 0x2B, 0xFF, 0x00, 0x00, 0x00, 0xCA, 0xFF, 0x00,
    0x00, 0x00, 0xC9, 0xFF, 0x23, 0x31, 0x4C, 0xFF, 0xE8, 0x31, 0x4B, 0xFF,
    0xFF, 0x31, 0x4B, 0xD2, 0x7F, 0xA2, 0x77, 0x6F, 0x6B, 0xC0, 0x69, 0x66,
    0x55, 0x60, 0x5A, 0xD7, 0xFF, 0xB4, 0x31, 0x4B, 0xFF, 0x05, 0x31, 0x2C,
    0xFF, 0x00, 0x00, 0x00, 0xC9, 0xFF, 0x00, 0x00, 0x00, 0xC8, 0xFF, 0x0D,
    0x31, 0x4C, 0xFF, 0xD2, 0x31, 0x4B, 0xFF, 0xFF, 0x31, 0x4B, 0xCD, 0x7F,
    0xA4, 0x68, 0xA5, 0x46, 0xA3, 0x78, 0xA3, 0x67, 0xA2, 0x78, 0x6F, 0x7A,
    0xC4, 0x5A, 0xC0, 0x61, 0x50, 0x50, 0x9D, 0xA8, 0x9D, 0x99, 0x9D, 0xA8,
    0x9D, 0xA9, 0x55, 0xD1, 0xFF, 0x8A, 0x31, 0x4B, 0xFF, 0x01, 0x31, 0x2C,
    0xFF, 0x00, 0x00, 0x00, 0xC8, 0xFF, 0x00, 0x00, 0x00, 0xC7, 0xFE, 0x00,
    0x10, 0xFF, 0x9F, 0x31, 0x4B, 0xFF, 0xFF, 0x31, 0x4B, 0xCB, 0xA3, 0x78,
    0xA6, 0x47, 0xA6, 0x56, 0xA3, 0x68, 0x7F, 0xD2, 0x55, 0x9D, 0xA9, 0x9C,
    0xA8, 0x9B, 0xB9, 0x9C, 0xA8, 0x51, 0xCD, 0xFF, 0xFC, 0x31, 0x4B, 0xFF,
    0x4E, 0x31, 0x4B, 0xFF, 0x00, 0x00, 0x00, 0xC8, 0xFF, 0x00, 0x00, 0x00,
    0xC7, 0xFF, 0x58, 0x31, 0x4C, 0xFF, 0xFE, 0x31, 0x4B, 0xFF, 0xFF, 0x31,
    0x4B, 0xC8, 0xA2, 0x78, 0xA6, 0x57, 0xA8, 0x36, 0xA3, 0x78, 0xDB, 0x9C,
    0xA9, 0x9B, 0xB8, 0x9A, 0xBA, 0x9C, 0xB8, 0x5A, 0xCA, 0xFF, 0xE8, 0x31,
    0x4B, 0xFF, 0x19, 0x31, 0x4C, 0xFF, 0x00, 0x00, 0x00, 0xC7, 0xFF, 0x00,
    0x00, 0x00, 0xC6, 0xFF, 0x14, 0x31, 0x4C, 0xFF, 0xE8, 0x31, 0x4B, 0xFF,
    0xFF, 0x31, 0x4B, 0xC7, 0xA3, 0x78, 0xA8, 0x37, 0xA7, 0x46, 0x7F, 0xCC,
    0x5A, 0xC2, 0x7A, 0xCE, 0x50, 0x9A, 0xB9, 0x99, 0xCA, 0x9C, 0xA8, 0xC9,
    0xFF, 0xA8, 0x31, 0x4B, 0xFF, 0x01, 0x31, 0x4C, 0xFF, 0x00, 0x00, 0x00,
    0xC6, 0xFF, 0x00, 0x00, 0x00, 0xC6, 0xFF, 0x9A, 0x31, 0x4B, 0xFF, 0xFF,
    0x31, 0x4B, 0xC6, 0xA3, 0x78, 0xA9, 0x37, 0xA7, 0x36, 0x7A, 0xCA, 0x9D,
    0x99, 0x99, 0xBB, 0x9A, 0xCB, 0x9C, 0x99, 0x9D, 0xAA, 0x51, 0xC0, 0x7E,
    0xA2, 0x78, 0xA4, 0x66, 0xA5, 0x56, 0xA7, 0x55, 0xA5, 0x56, 0x7E, 0xCC,
    0x40, 0xA0, 0x93, 0x95, 0xED, 0x9A, 0xBB, 0xC7, 0xFF, 0x47, 0x31, 0x4C,
    0xFF, 0x00, 0x00, 0x00, 0xC6, 0xFF, 0x00, 0x00, 0x00, 0xC5, 0xFF, 0x31,
    0x31, 0x4C, 0xFF, 0xF9, 0x31, 0x4B, 0xFF, 0xFF, 0x31, 0x4B, 0xC4, 0xA2,
    0x78, 0xA9, 0x37, 0xA8, 0x36, 0x7A, 0xC9, 0x55, 0x96, 0xDD, 0x96, 0xDC,
    0x9A, 0xBB, 0xCA, 0xA3, 0x76, 0xA9, 0x34, 0xAB, 0x24, 0xA4, 0x76, 0xCB,
    0xA3, 0x65, 0xFE, 0xDE, 0xBE, 0x97, 0xDC, 0xFE, 0x6A, 0xF0, 0xFE, 0x39,
    0x4B, 0x5A, 0xC4, 0xFF, 0xD1, 0x31, 0x4B, 0xFF, 0x06, 0x31, 0x4C, 0xFF,
    0x00, 0x00, 0x00, 0xC5, 0xFF, 0x00, 0x00, 0x00, 0xC5, 0xFF, 0xB3, 0x31,
    0x4B, 0xFF, 0xFF, 0x31, 0x4B, 0xC4, 0xA8, 0x47, 0xAA, 0x26, 0x7F, 0xC9,
    0x55, 0x95, 0xED, 0x93, 0xEE, 0x51, 0xCF, 0xA9, 0x44, 0xAE, 0x12, 0xA4,
    0x66, 0xCA, 0xA4, 0x65, 0xFE, 0xF7, 0x3F, 0xA2, 0x76, 0x97, 0xCD, 0xFE,
    0x7B, 0x92, 0xFE, 0x39, 0x6C, 0x55, 0xC3, 0xFF, 0x5F, 0x31, 0x4C, 0xFF,
    0x00, 0x00, 0x00, 0xC5, 0xFF, 0x00, 0x00, 0x00, 0xC4, 0xFF, 0x31, 0x31,
    0x4C, 0xFF, 0xFE, 0x31, 0x4B, 0xFF, 0xFF, 0x31, 0x4B, 0xC2, 0xA6, 0x55,
    0xA9, 0x38, 0xA4, 0x68, 0xC8, 0xA3, 0x65, 0x7E, 0x97, 0xCE, 0xFE, 0x18,
    0xCE, 0x9C, 0xAA, 0xD2, 0x7E, 0xAD, 0x13, 0xAC, 0x23, 0x7E, 0xC9, 0xA9,
    0x40, 0xFE, 0xFF, 0x5F, 0x6E, 0xC0, 0x99, 0xCC, 0xFE, 0x8B, 0xD3, 0xFE,
    0x39, 0x8C, 0x51, 0xC1, 0xFF, 0xD9, 0x31, 0x4B, 0xFF, 0x02, 0x31, 0x6C,
    0xFF, 0x00, 0x00, 0x00, 0xC4, 0xFF, 0x00, 0x00, 0x00, 0xC4, 0xFF, 0xA4,
    0x31, 0x4B, 0xFF, 0xFF, 0x31, 0x4B, 0xC1, 0x7E, 0xFE, 0x8C, 0x14, 0xA4,
    0x5B, 0x99, 0xCF, 0xC7, 0xA5, 0x53, 0xFE, 0xD6, 0xBE, 0xA9, 0x40, 0x6E,
    0x9A, 0xBC, 0xFE, 0x73, 0x94, 0xFE, 0x08, 0x4C, 0xD4, 0xA7, 0x44, 0xB1,
    0x02, 0xA3, 0x76, 0xC9, 0xFE, 0xC5, 0xFD, 0xFE, 0xFF, 0x5F, 0xC2, 0x9A,
    0xBC, 0xFE, 0x7B, 0x72, 0xFE, 0x31, 0x4B, 0xC1, 0xFF, 0x50, 0x31, 0x4C,
    0xFF, 0x00, 0x00, 0x00, 0xC4, 0xFF, 0x00, 0x00, 0x00, 0xC3, 0xFF, 0x19,
    0x31, 0x4C, 0xFF, 0xF4, 0x31, 0x4B, 0xFF, 0xFF, 0x31, 0x4B, 0xC0, 0xA5,
    0x65, 0xFE, 0xC5, 0xBA, 0xA2, 0x7A, 0xFE, 0x7B, 0xBB, 0xC7, 0xA3, 0x65,
    0xFE, 0xEF, 0x7F, 0xA4, 0x64, 0xC3, 0xFE, 0x83, 0xF5, 0xFE, 0x08, 0x4C,
    0xD4, 0xA3, 0x77, 0xFE, 0x63, 0x18, 0xA5, 0x66, 0xC8, 0xA2, 0x76, 0xFE,
    0xEE, 0xFF, 0xA3, 0x75, 0xC2, 0x9D, 0x9A, 0xFE, 0x39, 0xAF, 0x9D, 0xA9,
    0x68, 0xFF, 0xBB, 0x31, 0x4B, 0xFF, 0x00, 0x39, 0x6D, 0x95, 0xC6, 0xC3,
    0xFF, 0x00, 0x00, 0x00, 0xC3, 0xFF, 0x6F, 0x31, 0x4C, 0xFF, 0xFF, 0x31,
    0x4B, 0xC0, 0xAC, 0x31, 0xFE, 0xE6, 0xBD, 0xA3, 0x77, 0xFE, 0x84, 0x1B,
    0x9D, 0xAB, 0xC7, 0xFE, 0xBD, 0xDD, 0xFE, 0xFF, 0xFF, 0xC4, 0x51, 0xFE,
    0x18, 0xCD, 0x9C, 0xAB, 0xD4, 0xA2, 0x77, 0xFE, 0x63, 0x38, 0xA4, 0x77,
    0xC8, 0xFE, 0xAD, 0x1D, 0xFE, 0xFF, 0x5F, 0xC3, 0xFE, 0x73, 0x55, 0xFE,
    0x31, 0x4F, 0x69, 0xFF, 0xF9, 0x31, 0x4C, 0xFF, 0x22, 0x31, 0x4C, 0xFF,
    0x00, 0x00, 0x00, 0xC3, 0xFF, 0x00, 0x00, 0x00, 0xC3, 0xFF, 0xCA, 0x31,
    0x4B, 0xFF, 0xFF, 0x39, 0x4B, 0xFE, 0x8C, 0x14, 0xFE, 0xF7, 0x1F, 0xA2,
    0x76, 0xFE, 0xBD, 0x9D, 0xFE, 0x7B, 0xBB, 0xC8, 0xFE, 0xDE, 0xFE, 0xA8,
    0x41, 0xC5, 0xFE, 0x52, 0x91, 0xFE, 0x10, 0x6C, 0x56, 0xD4, 0xA3, 0x76,
    0xFE, 0x6B, 0x59, 0xA3, 0x77, 0xC7, 0x6E, 0xFE, 0xE6, 0x9E, 0xA6, 0x53,
    0xC2, 0xFE, 0xBD, 0x5A, 0xFE, 0x31, 0x70, 0xC0, 0x69, 0xFF, 0x6F, 0x31,
    0x6F, 0xFF, 0x00, 0x00, 0x00, 0xC3, 0xFF, 0x00, 0x00, 0x00, 0xC2, 0xFF,
    0x1C, 0x31, 0x6D, 0xFF, 0xFC, 0x31, 0x4B, 0xFF, 0xFF, 0xAC, 0xD7, 0xFE,
    0xFF, 0x3F, 0xC0, 0x56, 0xFE, 0x84, 0x1B, 0x9D, 0xAB, 0xC8, 0xFE, 0xDE,
    0xFE, 0xA8, 0x41, 0xC5, 0xFE, 0xCE, 0x5B, 0xA7, 0x43, 0xFE, 0xAD, 0x79,
    0xFE, 0x18, 0xAD, 0x9D, 0x9A, 0xD3, 0xA6, 0x55, 0xFE, 0x73, 0x9B, 0x7E,
    0xC7, 0xFE, 0xA4, 0xFC, 0xFE, 0xFF, 0x3F, 0xC2, 0x41, 0xFE, 0x39, 0x90,
    0x56, 0xC0, 0xFF, 0xBC, 0x31, 0x70, 0xFF, 0x00, 0x00, 0x00, 0xC3, 0xFF,
    0x00, 0x00, 0x00, 0xC2, 0xFF, 0x63, 0x39, 0x6D, 0xFF, 0xFF, 0x4A, 0x11,
    0xFE, 0xF6, 0xFF, 0xA2, 0x76, 0xC0, 0xFE, 0xC5, 0xBD, 0xFE, 0x7B, 0xBB,
    0xC8, 0x9B, 0xAA, 0xFE, 0x94, 0x76, 0xFE, 0xFF, 0xFF, 0xC8, 0xFE, 0x84,
    0x35, 0xFE, 0x08, 0x4C, 0xD4, 0xAD, 0x22, 0xAE, 0x12, 0xC7, 0x6E, 0xFE,
    0xEE, 0xDF, 0xA3, 0x75, 0xC2, 0xFE, 0x62, 0xD4, 0x95, 0xDF, 0xC0, 0xFF,
    0xF8, 0x31, 0x70, 0xFF, 0x0E, 0x31, 0x70, 0xFF, 0x00, 0x00, 0x00, 0xC2,
    0xFF, 0x00, 0x00, 0x00, 0xC2, 0xFF, 0x9B, 0x39, 0xB1, 0xFF, 0xFF, 0x73,
    0x35, 0xFE, 0xFF, 0x3F, 0xC1, 0xFE, 0x94, 0x5C, 0x9B, 0xAC, 0xC7, 0x5A,
    0xFE, 0x21, 0x0F, 0x68, 0xFE, 0xE7, 0x3D, 0xA6, 0x54, 0xC3, 0x98, 0xCD,
    0xA8, 0x43, 0xC1, 0xFE, 0x9C, 0xD7, 0xFE, 0x08, 0x4C, 0xD5, 0xFE, 0x63,
    0x18, 0xA5, 0x66, 0xC7, 0xFE, 0xBD, 0x7D, 0xFE, 0xFF, 0x3F, 0xC2, 0xFE,
    0x94, 0x37, 0xFE, 0x39, 0x90, 0xC1, 0xFF, 0x47, 0x39, 0x90, 0xFF, 0x00,
    0x00, 0x00, 0xC2, 0xFF, 0x00, 0x00, 0x00, 0xC1, 0xFF, 0x01, 0x39, 0xB2,
    0xFF, 0xD3, 0x39, 0xB1, 0xFF, 0xFF, 0x9C, 0x78, 0xFE, 0xFF, 0x1F, 0xC0,
    0x9C, 0x9B, 0xFE, 0x7B, 0xBB, 0xC8, 0x97, 0xCC, 0xFE, 0x08, 0x4C, 0xC0,
    0xAA, 0x31, 0xFE, 0xC6, 0x3B, 0xFE, 0xFF, 0xFF, 0xC0, 0x9C, 0xAB, 0xFE,
    0x84, 0x15, 0xFE, 0x21, 0x0E, 0xFE, 0xDE, 0xFD, 0xA8, 0x42, 0x9C, 0xAB,
    0xFE, 0x39, 0xCF, 0xFE, 0x08, 0x4C, 0xD5, 0xA7, 0x55, 0xFE, 0x73, 0xBB,
    0x7A, 0xC6, 0xA5, 0x54, 0xFE, 0xF7, 0x1F, 0x7E, 0xC1, 0xFE, 0xBD, 0x7B,
    0xFE, 0x39, 0x91, 0xC1, 0xFF, 0x81, 0x39, 0x91, 0xFF, 0x00, 0x00, 0x00,
    0xC2, 0xFF, 0x00, 0x00, 0x00, 0xC1, 0xFF, 0x10, 0x39, 0xB2, 0xFF, 0xF5,
    0x39, 0xB2, 0xFF, 0xFF, 0xBD, 0x7B, 0xFE, 0xFF, 0x1F, 0xC0, 0xFE, 0xBD,
    0x7D, 0xFE, 0x7B, 0xBB, 0xC7, 0x56, 0xFE, 0x18, 0xCE, 0x9C, 0xAA, 0xC2,
    0xA7, 0x53, 0xA4, 0x65, 0x98, 0xCE, 0x9D, 0x9A, 0xC0, 0xA3, 0x76, 0xAC,
    0x20, 0x96, 0xDE, 0x9B, 0xAC, 0xD7, 0xFE, 0x5A, 0xD7, 0xA7, 0x55, 0xC7,
    0xFE, 0xE6, 0x9E, 0xA4, 0x75, 0xC1, 0x9B, 0xAB, 0xFE, 0x39, 0xB1, 0x66,
    0xC0, 0xFF, 0xB2, 0x39, 0x91, 0xFF, 0x00, 0x00, 0x00, 0xC2, 0xFF, 0x00,
    0x00, 0x00, 0xC1, 0xFF, 0x31, 0x39, 0xB2, 0xFF, 0xFF, 0x39, 0xB2, 0xFE,
    0xDE, 0x3D, 0xA7, 0x53, 0xC0, 0xFE, 0x94, 0x7C, 0x9A, 0xBD, 0xC7, 0x98,
    0xBB, 0xFE, 0x08, 0x4C, 0xE4, 0xA8, 0x44, 0xFE, 0x7B, 0xBB, 0xC7, 0xFE,
    0xBD, 0x9D, 0xFE, 0xFF, 0x1F, 0xC1, 0x52, 0xFE, 0x4A, 0x12, 0x9D, 0x9A,
    0xC0, 0xFF, 0xDA, 0x39, 0xB1, 0xFF, 0x02, 0x39, 0xB1, 0xFF, 0x00, 0x00,
    0x00, 0xC1, 0xFF, 0x00, 0x00, 0x00, 0xC1, 0xFF, 0x54, 0x41, 0xD2, 0xFF,
    0xFF, 0x41, 0xD2, 0xFE, 0xF6, 0xDF, 0xA2, 0x76, 0x52, 0xFE, 0x83, 0xFB,
    0x52, 0xC7, 0xFE, 0x29, 0x30, 0x99, 0xBB, 0xE5, 0xFE, 0x6B, 0x59, 0xA3,
    0x77, 0xC6, 0xA9, 0x40, 0xFE, 0xFF, 0x1F, 0xC2, 0xFE, 0x5A, 0x94, 0x99,
    0xBC, 0xC0, 0xFF, 0xF2, 0x39, 0xB1, 0xFF, 0x0D, 0x39, 0xB1, 0xFF, 0x00,
    0x00, 0x00, 0xC1, 0xFF, 0x00, 0x00, 0x00, 0xC1, 0xFF, 0x70, 0x41, 0xD2,
    0xFF, 0xFF, 0x52, 0x54, 0xFE, 0xF6, 0xFF, 0x7A, 0x9B, 0x9C, 0xFE, 0x7B,
    0xBB, 0xC7, 0x41, 0xFE, 0x08, 0x4C, 0xE6, 0xAF, 0x01, 0xAC, 0x33, 0xC6,
    0xA3, 0x65, 0xFE, 0xFE, 0xFF, 0xC2, 0xFE, 0x6B, 0x35, 0xFE, 0x39, 0xB2,
    0xC1, 0xFF, 0x1D, 0x39, 0xB2, 0xFF, 0x00, 0x00, 0x00, 0xC1, 0xFF, 0x00,
    0x00, 0x00, 0xC1, 0xFF, 0x85, 0x41, 0xD3, 0xFF, 0xFF, 0x5A, 0xB5, 0xFE,
    0xF6, 0xFF, 0x7A, 0xFE, 0xCD, 0xBE, 0xFE, 0x7B, 0xBB, 0xC7, 0x96, 0xDC,
    0xFE, 0x08, 0x4C, 0xE6, 0xA6, 0x55, 0xFE, 0x7B, 0xBB, 0xC6, 0x6E, 0xFE,
    0xEE, 0xBF, 0xA2, 0x86, 0xC1, 0xFE, 0x7B, 0x96, 0xFE, 0x39, 0xB2, 0xC1,
    0xFF, 0x31, 0x39, 0xB2, 0xFF, 0x00, 0x00, 0x00, 0xC1, 0xFF, 0x00, 0x00,
    0x00, 0xC1, 0xFF, 0x92, 0x41, 0xF3, 0xFF, 0xFF, 0x6A, 0xF5, 0xFE, 0xFE,
    0xFF, 0xC0, 0xFE, 0xB5, 0x5D, 0xFE, 0x7B, 0xBB, 0xC7, 0xFE, 0x31, 0x91,
    0x96, 0xDD, 0xE6, 0x7E, 0xFE, 0x73, 0x7A, 0xA2, 0x77, 0xC6, 0xFE, 0xE6,
    0x5E, 0xA5, 0x64, 0xC1, 0xFE, 0x8B, 0xD7, 0xFE, 0x41, 0xD2, 0xC1, 0xFF,
    0x3F, 0x39, 0xD2, 0xFF, 0x00, 0x00, 0x00, 0xC1, 0xFF, 0x00, 0x00, 0x00,
    0xC1, 0xFF, 0x99, 0x41, 0xF3, 0xFF, 0xFF, 0x6B, 0x16, 0xFE, 0xFE, 0xDF,
    0xC0, 0xFE, 0xAD, 0x1D, 0xFE, 0x7B, 0xBB, 0xC7, 0xFE, 0x18, 0xCE, 0x9C,
    0xAA, 0xE7, 0xFE, 0x5A, 0xF7, 0xA6, 0x66, 0xC6, 0xFE, 0xD6, 0x1E, 0xA7,
    0x62, 0xC1, 0xFE, 0x8B, 0xF8, 0xFE, 0x41, 0xD2, 0xC1, 0xFF, 0x46, 0x41,
    0xD2, 0xFF, 0x00, 0x00, 0x00, 0xC1, 0xFF, 0x00, 0x00, 0x00, 0xC1, 0xFF,
    0x9A, 0x41, 0xF3, 0xFF, 0xFF, 0x6B, 0x16, 0xFE, 0xFE, 0xDF, 0xC0, 0xFE,
    0xA4, 0xDC, 0xFE, 0x7B, 0xBB, 0xC6, 0x51, 0xFE, 0x10, 0x6C, 0x56, 0xE7,
    0xB0, 0x01, 0xAB, 0x33, 0xC6, 0xFE, 0xCD, 0xDE, 0xA8, 0x61, 0xC1, 0xFE,
    0x8B, 0xF8, 0xFE, 0x41, 0xD3, 0xC1, 0xFF, 0x46, 0x41, 0xD3, 0xFF, 0x00,
    0x00, 0x00, 0xC1, 0xFF, 0x00, 0x00, 0x00, 0xC1, 0xFF, 0x92, 0x42, 0x14,
    0xFF, 0xFF, 0x6A, 0xF6, 0xFE, 0xF6, 0xDF, 0xC0, 0xFE, 0xA4, 0xBC, 0x98,
    0xBF, 0xC6, 0x9C, 0xAA, 0xFE, 0x08, 0x4C, 0xE8, 0xAD, 0x12, 0xAE, 0x22,
    0xC6, 0xFE, 0xCD, 0xBE, 0xA9, 0x40, 0xC1, 0xFE, 0x8B, 0xD8, 0xFE, 0x41,
    0xF3, 0xC1, 0xFF, 0x3F, 0x41, 0xF3, 0xFF, 0x00, 0x00, 0x00, 0xC1, 0xFF,
    0x00, 0x00, 0x00, 0xC1, 0xFF, 0x85, 0x4A, 0x14, 0xFF, 0xFF, 0x62, 0xD6,
    0xFE, 0xF6, 0xBF, 0x6E, 0xFE, 0xA4, 0xBC, 0x98, 0xBF, 0xC6, 0x9A, 0xBB,
    0xFE, 0x08, 0x4C, 0xE8, 0xAA, 0x34, 0xB1, 0x00, 0xC6, 0xFE, 0xCD, 0xBE,
    0xA9, 0x40, 0xC1, 0xFE, 0x83, 0x97, 0xFE, 0x41, 0xF3, 0xC1, 0xFF, 0x32,
    0x41, 0xF3, 0xFF, 0x00, 0x00, 0x00, 0xC1, 0xFF, 0x00, 0x00, 0x00, 0xC1,
    0xFF, 0x70, 0x4A, 0x14, 0xFF, 0xFF, 0x5A, 0x95, 0xFE, 0xF6, 0xBF, 0xC0,
    0xFE, 0xA4, 0xDD, 0x97, 0xCF, 0xC6, 0x99, 0xBB, 0xFE, 0x08, 0x4C, 0xE8,
    0xA9, 0x44, 0xFE, 0x7B, 0xBB, 0xC6, 0xFE, 0xD5, 0xDE, 0xA7, 0x52, 0xC1,
    0xFE, 0x73, 0x36, 0x96, 0xCF, 0xC1, 0xFF, 0x1D, 0x41, 0xF3, 0xFF, 0x00,
    0x00, 0x00, 0xC1, 0xFF, 0x00, 0x00, 0x00, 0xC1, 0xFF, 0x55, 0x4A, 0x34,
    0xFF, 0xFF, 0x4A, 0x35, 0xFE, 0xF6, 0x9F, 0x6E, 0xFE, 0xB5, 0x1D, 0xFE,
    0x7B, 0xBB, 0xC6, 0x99, 0xBB, 0xFE, 0x08, 0x4C, 0xE8, 0xA9, 0x44, 0xFE,
    0x7B, 0xBB, 0xC6, 0xFE, 0xDE, 0x1E, 0xA5, 0x64, 0xC1, 0xFE, 0x62, 0xD6,
    0x9A, 0xAC, 0xC0, 0xFF, 0xF3, 0x42, 0x14, 0xFF, 0x0E, 0x42, 0x14, 0xFF,
    0x00, 0x00, 0x00, 0xC1, 0xFF, 0x00, 0x00, 0x00, 0xC1, 0xFF, 0x32, 0x4A,
    0x35, 0xFF, 0xFF, 0x4A, 0x35, 0xFE, 0xDD, 0xFD, 0xA6, 0x54, 0xFE, 0xBD,
    0x5D, 0xFE, 0x7B, 0xBB, 0xC6, 0x99, 0xBB, 0xFE, 0x08, 0x4C, 0xE8, 0xAA,
    0x33, 0xB1, 0x01, 0xC6, 0xFE, 0xE6, 0x5F, 0xA3, 0x75, 0xC0, 0x62, 0xFE,
    0x52, 0x75, 0x9D, 0xAA, 0x5A, 0xFF, 0xDB, 0x42, 0x14, 0xFF, 0x02, 0x42,
    0x14, 0xFF, 0x00, 0x00, 0x00, 0xC1, 0xFF, 0x00, 0x00, 0x00, 0xC0, 0xFE,
    0xF8, 0x1F, 0xFF, 0x11, 0x4A, 0x35, 0xFF, 0xF6, 0x4A, 0x35, 0xFF, 0xFF,
    0xC5, 0x5C, 0xAA, 0x41, 0x99, 0xBE, 0xFE, 0x7B, 0xBB, 0xC6, 0x9C, 0x99,
    0xFE, 0x08, 0x4C, 0xE8, 0xAC, 0x22, 0xAF, 0x12, 0xC5, 0x6E, 0xFE, 0xF6,
    0x9F, 0x6E, 0xC0, 0x9B, 0xBC, 0xFE, 0x4A, 0x14, 0xC1, 0xFF, 0xB3, 0x4A,
    0x14, 0xFF, 0x00, 0x00, 0x00, 0xC2, 0xFF, 0x00, 0xF8, 0x1F, 0xC0, 0xFF,
    0x01, 0xF9, 0xD8, 0xFF, 0x04, 0xB2, 0x95, 0xFF, 0xD4, 0x4A, 0x35, 0xFF,
    0xFF, 0xA4, 0x7A, 0xFE, 0xF6, 0x9F, 0x9C, 0xAB, 0xFE, 0x7B, 0xBB, 0xC6,
    0x41, 0xFE, 0x08, 0x4C, 0xE8, 0xAF, 0x11, 0xAC, 0x23, 0xC5, 0xA5, 0x64,
    0xFE, 0xF6, 0x7F, 0x6E, 0xC0, 0xFE, 0xC5, 0x3C, 0xFE, 0x4A, 0x34, 0x66,
    0xC0, 0xFF, 0x82, 0x4A, 0x14, 0xFF, 0x00, 0x00, 0x00, 0xC2, 0xFF, 0x01,
    0xF9, 0x5A, 0xFF, 0x02, 0xFA, 0xD4, 0xFF, 0x04, 0xFA, 0x96, 0xFF, 0x06,
    0xFA, 0xB7, 0xFF, 0x9F, 0x52, 0x55, 0xFF, 0xFF, 0x83, 0x78, 0xFE, 0xF6,
    0x5F, 0x65, 0xFE, 0x8C, 0x1B, 0x9D, 0x9B, 0xC5, 0x5A, 0xFE, 0x18, 0xAD,
    0x9D, 0x9A, 0xE7, 0xFE, 0x5A, 0xB7, 0xA8, 0x44, 0xC5, 0xA9, 0x50, 0xFE,
    0xF6, 0x5E, 0x6F, 0xC0, 0xFE, 0xA4, 0x5A, 0xFE, 0x4A, 0x35, 0xC1, 0xFF,
    0x49, 0x4A, 0x35, 0xFF, 0x00, 0xF8, 0x1F, 0xFE, 0x00, 0x00, 0xC1, 0xFF,
    0x03, 0xFA, 0x95, 0xFF, 0x05, 0xFA, 0x97, 0xFF, 0x08, 0xFA, 0xB6, 0xFF,
    0x0D, 0xFA, 0xB6, 0xFF, 0x67, 0x6A, 0x76, 0xFF, 0xFF, 0x6A, 0xB6, 0xFE,
    0xF5, 0xFE, 0xC0, 0xFE, 0xA4, 0x7C, 0x9A, 0x9D, 0xC6, 0xFE, 0x29, 0x50,
    0x98, 0xCC, 0xE7, 0xFE, 0x6B, 0x59, 0xA3, 0x77, 0xC5, 0xFE, 0xCD, 0x3D,
    0xA7, 0x62, 0x6E, 0xC0, 0xFE, 0x7B, 0x37, 0x98, 0xBE, 0xC0, 0xFF, 0xF8,
    0x4A, 0x35, 0xFF, 0x12, 0x62, 0x55, 0xFF, 0x01, 0xF9, 0x7A, 0xFF, 0x00,
    0xF8, 0x1F, 0xFE, 0x00, 0x00, 0xC0, 0xFF, 0x07, 0xFA, 0xB6, 0xFF, 0x0C,
    0xFA, 0xB6, 0xFF, 0x12, 0xFA, 0xB6, 0xFF, 0x1A, 0xFA, 0xD6, 0xFF, 0x37,
    0xBA, 0x96, 0xFF, 0xFB, 0x6A, 0x76, 0xFF, 0xFF, 0xDC, 0xFB, 0xA5, 0x75,
    0x9A, 0x8D, 0xFE, 0x7B, 0xBB, 0xC6, 0x94, 0xED, 0x91, 0xFF, 0xE6, 0xA4,
    0x66, 0xFE, 0x7B, 0xBB, 0xC5, 0x6E, 0xFE, 0xED, 0x5C, 0xA2, 0x77, 0xA2,
    0x66, 0x56, 0xFE, 0x62, 0x76, 0x55, 0x5A, 0xFF, 0xC1, 0x52, 0x55, 0xFF,
    0x06, 0xFA, 0xB7, 0xFF, 0x03, 0xFA, 0xB5, 0xFF, 0x01, 0xFA, 0x56, 0xFF,
    0x00, 0xF8, 0x3F, 0xFE, 0x00, 0x00, 0xFF, 0x0F, 0xFA, 0xB6, 0xFF, 0x17,
    0xFA, 0xD6, 0xFF, 0x21, 0xFA, 0xD6, 0xFF, 0x2C, 0xFA, 0xB6, 0xFF, 0x39,
    0xFA, 0xD6, 0xFF, 0xD3, 0x8A, 0x96, 0xFF, 0xFF, 0xBB, 0xD9, 0xAA, 0x61,
    0x51, 0xFE, 0x7B, 0xDB, 0x66, 0xC5, 0x9C, 0x99, 0xFE, 0x08, 0x4C, 0xE6,
    0xAC, 0x22, 0xAF, 0x12, 0xC5, 0xA3, 0xA5, 0xA7, 0xC1, 0xA2, 0x67, 0x6E,
    0x9A, 0x8C, 0xFE, 0x72, 0x76, 0x56, 0x59, 0xFF, 0x79, 0x6A, 0x55, 0xFF,
    0x0C, 0xFA, 0xB6, 0xFF, 0x07, 0xFA, 0xB6, 0xFF, 0x04, 0xFA, 0x96, 0xFF,
    0x02, 0xFA, 0x95, 0xFF, 0x00, 0xF8, 0x1F, 0xFF, 0x1B, 0xFA, 0xD6, 0xFF,
    0x28, 0xFA, 0xD6, 0xFF, 0x36, 0xFA, 0xB6, 0xFF, 0x46, 0xFA, 0xD6, 0xFF,
    0x56, 0xFA, 0xB6, 0xFF, 0xA4, 0xBA, 0xB6, 0xFF, 0xFF, 0xAA, 0xF7, 0xFE,
    0xFC, 0x9A, 0x66, 0x9C, 0x2D, 0x9E, 0x4A, 0xC6, 0xFE, 0x20, 0xEE, 0x9B,
    0xAB, 0xE5, 0xFE, 0x62, 0xF8, 0xA6, 0x55, 0xC5, 0xFE, 0xD4, 0x1A, 0xA3,
    0xA5, 0xA2, 0x67, 0xA2, 0x66, 0xFE, 0xB3, 0x58, 0x99, 0x9D, 0x5A, 0xFF,
    0xF9, 0x6A, 0x76, 0xFF, 0x3B, 0xB2, 0x96, 0xFF, 0x16, 0xFA, 0xD6, 0xFF,
    0x0E, 0xFA, 0xB6, 0xFF, 0x07, 0xFA, 0xB6, 0xFF, 0x04, 0xFA, 0x76, 0xFF,
    0x02, 0xFA, 0x95, 0xFF, 0x2C, 0xFA, 0xB6, 0xFF, 0x3D, 0xFA, 0xB6, 0xFF,
    0x4F, 0xFA, 0xB6, 0xFF, 0x62, 0xFA, 0xB6, 0xFF, 0x74, 0xFA, 0xD6, 0xFF,
    0x90, 0xF2, 0xB6, 0xFF, 0xFA, 0xB2, 0xB6, 0xFF, 0xFF, 0xEB, 0xD9, 0xA1,
    0x97, 0x9F, 0x59, 0xFE, 0x7B, 0xBB, 0xC6, 0x94, 0xED, 0x91, 0xFF, 0xE4,
    0xA5, 0x65, 0xFE, 0x73, 0xBB, 0x7A, 0xC4, 0xA0, 0xA8, 0xFE, 0xF3, 0xD9,
    0xA2, 0x76, 0x6F, 0x5E, 0xFE, 0xAA, 0xB6, 0x46, 0x46, 0xFF, 0xC8, 0x8A,
    0x96, 0xFF, 0x35, 0xFA, 0xB6, 0xFF, 0x25, 0xFA, 0xD6, 0xFF, 0x18, 0xFA,
    0xB6, 0xFF, 0x0E, 0xFA, 0xB6, 0xFF, 0x07, 0xFA, 0xB6, 0xFF, 0x03, 0xFA,
    0x96, 0xFF, 0x41, 0xFA, 0xD6, 0xFF, 0x56, 0xFA, 0xB6, 0xFF, 0x6C, 0xFA,
    0xD6, 0xFF, 0x80, 0xFA, 0xD6, 0xFF, 0x93, 0xFA, 0xD6, 0xFF, 0xA3, 0xFA,
    0xB6, 0xFF, 0xE0, 0xDA, 0xB6, 0xFF, 0xFF, 0xDB, 0x17, 0xA5, 0x74, 0x66,
    0xFE, 0x9B, 0xBA, 0xA0, 0x49, 0xC5, 0x51, 0xFE, 0x10, 0x8D, 0x51, 0xE3,
    0xFE, 0x4A, 0x75, 0xAA, 0x44, 0xC5, 0xFE, 0xC3, 0x99, 0xA0, 0xF7, 0x6E,
    0x6F, 0x9D, 0x8A, 0x99, 0xAD, 0x4A, 0x5A, 0xFF, 0x8E, 0xC2, 0xB6, 0xFF,
    0x4C, 0xFA, 0xD6, 0xFF, 0x38, 0xFA, 0xB6, 0xFF, 0x26, 0xFA, 0xB6, 0xFF,
    0x17, 0xFA, 0xD6, 0xFF, 0x0C, 0xFA, 0xB6, 0xFF, 0x06, 0xFA, 0x96, 0xFF,
    0x58, 0xFA, 0xD6, 0xFF, 0x70, 0xFA, 0xD6, 0xFF, 0x87, 0xFA, 0xD6, 0xFF,
    0x9C, 0xFA, 0xD6, 0xFF, 0xAD, 0xFA, 0xD6, 0xFF, 0xBA, 0xFA, 0xD6, 0xFF,
    0xCE, 0xF2, 0xB6, 0xFF, 0xFF, 0xDA, 0xB6, 0xA5, 0x74, 0xC0, 0xA1, 0x38,
    0xFE, 0x7B, 0xBB, 0xC6, 0x93, 0xED, 0x92, 0xFF, 0xE2, 0xA4, 0x66, 0xFE,
    0x73, 0x9B, 0x7E, 0xC4, 0xA0, 0xA8, 0xFE, 0xF3, 0x58, 0x7E, 0xC0, 0x6E,
    0x9A, 0xAC, 0x46, 0x5A, 0xFF, 0xEC, 0xBA, 0xB6, 0xFF, 0x7E, 0xFA, 0xD6,
    0xFF, 0x65, 0xFA, 0xB6, 0xFF, 0x4C, 0xFA, 0xD6, 0xFF, 0x35, 0xFA, 0xB6,
    0xFF, 0x22, 0xFA, 0xB6, 0xFF, 0x13, 0xFA, 0xB6, 0xFF, 0x09, 0xFA, 0xD6,
    0xFF, 0x6E, 0xFA, 0xB6, 0xFF, 0x89, 0xFA, 0xB6, 0xFF, 0xA0, 0xFA, 0xD6,
    0xFF, 0xB5, 0xFA, 0xF6, 0xFF, 0xC3, 0xFB, 0x16, 0xFF, 0xCC, 0xFA, 0xD6,
    0xFF, 0xD2, 0xFA, 0xD6, 0xFF, 0xF2, 0xEA, 0xB6, 0xFF, 0xFF, 0xEA, 0xF7,
    0xA2, 0x86, 0xC0, 0xFE, 0xA3, 0x9A, 0xA1, 0x28, 0xC5, 0x55, 0xFE, 0x18,
    0xAD, 0x9D, 0x9A, 0xE1, 0xFE, 0x52, 0x96, 0xA9, 0x44, 0xC5, 0xFE, 0xCB,
    0x79, 0xFE, 0xFB, 0x37, 0x6E, 0xC0, 0x56, 0x9C, 0x9B, 0x5A, 0x5A, 0xFF,
    0xC7, 0xE2, 0xB6, 0xFF, 0x96, 0xFA, 0xD6, 0xFF, 0x7D, 0xFA, 0xD6, 0xFF,
    0x61, 0xFA, 0xB6, 0xFF, 0x46, 0xFA, 0xD6, 0xFF, 0x2D, 0xFA, 0xB6, 0xFF,
    0x1B, 0xFA, 0xD6, 0xFF, 0x0E, 0xFA, 0xB6, 0xFF, 0x9D, 0xFC, 0xB9, 0xFF,
    0xA2, 0xFB, 0x37, 0xFF, 0xB5, 0xFA, 0xF6, 0xFF, 0xCB, 0xFB, 0xB7, 0xFF,
    0xD6, 0xFB, 0xB8, 0xFF, 0xD8, 0xFB, 0x16, 0xFF, 0xDB, 0xFA, 0xD6, 0xFF,
    0xE3, 0xFA, 0xB6, 0xFF, 0xFE, 0xEA, 0xB6, 0xFF, 0xFF, 0xFB, 0x37, 0xC0,
    0x4F, 0xFE, 0x83, 0xBB, 0x5A, 0xC5, 0x98, 0xBB, 0xFE, 0x08, 0x4C, 0xE0,
    0xA8, 0x44, 0xFE, 0x73, 0xBB, 0x7A, 0xC4, 0x9F, 0xD8, 0xFE, 0xFB, 0x37,
    0xC2, 0x9D, 0x9A, 0x56, 0x5A, 0xFF, 0xF4, 0xDA, 0xB6, 0xFF, 0xBE, 0xFA,
    0xB6, 0xFF, 0xA9, 0xFA, 0xB6, 0xFF, 0x90, 0xFA, 0xD6, 0xFF, 0x73, 0xFA,
    0xD6, 0xFF, 0x55, 0xFA, 0xB6, 0xFF, 0x39, 0xFA, 0xB6, 0xFF, 0x22, 0xFA,
    0xD6, 0xFF, 0x12, 0xFA, 0xB6, 0xFF, 0xBE, 0xFD, 0xBB, 0xFF, 0xB3, 0xFB,
    0x77, 0xFF, 0xC3, 0xFB, 0x37, 0xFF, 0xDA, 0xFC, 0x59, 0xFF, 0xE2, 0xFC,
    0x79, 0xFF, 0xDF, 0xFB, 0x57, 0x9C, 0xCB, 0xFF, 0xE0, 0xFA, 0xB6, 0xFF,
    0xF2, 0xF2, 0xB6, 0xFF, 0xFF, 0xF2, 0xF7, 0xA2, 0x76, 0xC0, 0xFE, 0xC3,
    0x79, 0xFE, 0x7B, 0xBB, 0xC6, 0x90, 0xFF, 0x95, 0xED, 0xDE, 0xA2, 0x77,
    0xFE, 0x6B, 0x59, 0xA3, 0x77, 0xC4, 0x7A, 0xFE, 0xEB, 0x58, 0x9F, 0xB8,
    0xC1, 0x56, 0x9D, 0x9A, 0xC1, 0xFF, 0xDE, 0xF2, 0xB6, 0xFF, 0xC8, 0xFA,
    0xD6, 0xFF, 0xB6, 0xFA, 0xB6, 0xFF, 0x9E, 0xFA, 0xD6, 0xFF, 0x81, 0xFA,
    0xD6, 0xFF, 0x60, 0xFA, 0xB6, 0xFF, 0x41, 0xFA, 0xB6, 0xFF, 0x28, 0xFA,
    0xB6, 0xFF, 0x15, 0xFA, 0xD6, 0xFF, 0xCE, 0xFE, 0x3C, 0xFF, 0xBB, 0xFB,
    0xB7, 0xFF, 0xC9, 0xFB, 0x57, 0xFF, 0xE0, 0xFC, 0xB9, 0xFF, 0xE7, 0xFC,
    0xDA, 0xFF, 0xE2, 0xFB, 0x77, 0xFF, 0xE0, 0xFA, 0xD6, 0x66, 0xFF, 0xE2,
    0xFA, 0xB6, 0xFF, 0xFC, 0xEA, 0xD6, 0xFF, 0xFF, 0xFB, 0x17, 0x6E, 0xC0,
    0xFE, 0xA3, 0x9A, 0xA1, 0x28, 0xC5, 0x55, 0xFE, 0x21, 0x0F, 0x9A, 0xBB,
    0xDC, 0x7E, 0xFE, 0x5A, 0xD7, 0xA7, 0x55, 0xC5, 0xFE, 0xCB, 0x59, 0x9F,
    0xF7, 0xC2, 0x9D, 0x9A, 0x56, 0xC0, 0xFF, 0xF2, 0xEA, 0xB6, 0xFF, 0xD7,
    0xFA, 0xB6, 0xFF, 0xCD, 0xFA, 0xD6, 0xFF, 0xBC, 0xFA, 0xB6, 0xFF, 0xA5,
    0xFA, 0xD6, 0xFF, 0x87, 0xFA, 0xD6, 0xFF, 0x66, 0xFA, 0xB6, 0xFF, 0x46,
    0xFA, 0xB6, 0xFF, 0x2B, 0xFA, 0xB6, 0xFF, 0x17, 0xFA, 0xD6, 0xFF, 0xCA,
    0xFD, 0xFC, 0xFF, 0xBB, 0xFB, 0x97, 0xFF, 0xC9, 0xFB, 0x57, 0xFF, 0xE0,
    0xFC, 0xB9, 0xFF, 0xE7, 0xFC, 0xDA, 0xFF, 0xE2, 0xFB, 0x77, 0xFF, 0xE0,
    0xFA, 0xD6, 0x66, 0xC0, 0xFF, 0xEA, 0xF2, 0xB6, 0xFF, 0xFF, 0xEA, 0xD7,
    0xA3, 0x75, 0xC0, 0x5A, 0xFE, 0x93, 0x9A, 0xA1, 0x48, 0xC5, 0x9D, 0x99,
    0xFE, 0x18, 0xCE, 0x9C, 0xAA, 0xDB, 0xFE, 0x52, 0x96, 0xA9, 0x44, 0xC5,
    0xFE, 0xB3, 0x79, 0xFE, 0xFB, 0x37, 0xC2, 0x52, 0x51, 0xC0, 0xFF, 0xFC,
    0xEA, 0xB6, 0xFF, 0xDF, 0xFA, 0xB6, 0xFF, 0xD7, 0xFA, 0xB6, 0xFF, 0xCD,
    0xFA, 0xD6, 0xFF, 0xBC, 0xFA, 0xB6, 0xFF, 0xA5, 0xFA, 0xD6, 0xFF, 0x87,
    0xFA, 0xB6, 0xFF, 0x66, 0xFA, 0xB6, 0xFF, 0x46, 0xFA, 0xB6, 0xFF, 0x2B,
    0xFA, 0xD6, 0xFF, 0x17, 0xFA, 0xD6, 0xFF, 0xB2, 0xFD, 0x3A, 0xFF, 0xB1,
    0xFB, 0x57, 0xFF, 0xC3, 0xFB, 0x37, 0xFF, 0xDB, 0xFC, 0x79, 0xFF, 0xE3,
    0xFC, 0xB9, 0xFF, 0xE0, 0xFB, 0x57, 0xFF, 0xDF, 0xFA, 0xD6, 0xFF, 0xE0,
    0xFA, 0xB6, 0xC1, 0xFF, 0xF2, 0xF2, 0xB6, 0xFF, 0xFF, 0xF2, 0xF7, 0xA2,
    0x76, 0xC0, 0x4B, 0xFE, 0x8B, 0xBB, 0x4A, 0xC5, 0x9D, 0x99, 0xFE, 0x20,
    0xEE, 0x9B, 0xAB, 0xD8, 0x7E, 0xB0, 0x01, 0xAA, 0x34, 0xC5, 0x9F, 0xE8,
    0xFE, 0xFB, 0x37, 0xC2, 0x56, 0x9D, 0xAA, 0xC1, 0xFF, 0xE7, 0xF2, 0xB6,
    0xFF, 0xDA, 0xFA, 0xB6, 0xFF, 0xD3, 0xFA, 0xD6, 0xFF, 0xC8, 0xFA, 0xD6,
    0xFF, 0xB6, 0xFA, 0xB6, 0xFF, 0x9E, 0xFA, 0xD6, 0xFF, 0x80, 0xFA, 0xB6,
    0xFF, 0x60, 0xFA, 0xB6, 0xFF, 0x41, 0xFA, 0xB6, 0xFF, 0x28, 0xFA, 0xB6,
    0xFF, 0x15, 0xFA, 0xD6, 0xFF, 0x8C, 0xFB, 0x97, 0xFF, 0x9F, 0xFA, 0xF6,
    0xFF, 0xB6, 0xFB, 0x16, 0xFF, 0xCD, 0xFB, 0xF8, 0xFF, 0xD8, 0xFB, 0xF8,
    0xFF, 0xD9, 0xFB, 0x37, 0xFF, 0xDB, 0xFA, 0xD6, 0xFF, 0xDD, 0xFA, 0xB6,
    0xFF, 0xDF, 0xFA, 0xB6, 0xFF, 0xE0, 0xFA, 0xB6, 0xFF, 0xE1, 0xFA, 0xB6,
    0xFF, 0xF9, 0xEA, 0xD6, 0xFF, 0xFF, 0xF3, 0x17, 0x7E, 0xC0, 0xA1, 0x48,
    0xFE, 0x83, 0xBB, 0x5A, 0xC5, 0x41, 0xFE, 0x29, 0x30, 0x99, 0xBB, 0xD6,
    0xA2, 0x77, 0xFE, 0x5A, 0xD7, 0xA7, 0x55, 0xC5, 0x9F, 0xE8, 0xFE, 0xF3,
    0x37, 0x7A, 0xC2, 0x9D, 0x9A, 0x66, 0x5A, 0xFF, 0xEE, 0xF2, 0xB6, 0xFF,
    0xD9, 0xFA, 0xB6, 0xFF, 0xD3, 0xFA, 0xD6, 0xFF, 0xCA, 0xFA, 0xD6, 0xFF,
    0xBD, 0xFA, 0xB6, 0xFF, 0xA9, 0xFA, 0xB6, 0xFF, 0x91, 0xFA, 0xB6, 0xFF,
    0x73, 0xFA, 0xB6, 0xFF, 0x55, 0xFA, 0xB6, 0xFF, 0x39, 0xFA, 0xB6, 0xFF,
    0x22, 0xFA, 0xD6, 0xFF, 0x12, 0xFA, 0xB6, 0xFF, 0x6E, 0xFA, 0xB6, 0xFF,
    0x88, 0xFA, 0xD6, 0xFF, 0xA1, 0xFA, 0xD6, 0xFF, 0xB6, 0xFB, 0x37, 0xFF,
    0xC4, 0xFB, 0x37, 0xFF, 0xCC, 0xFA, 0xD6, 0xFF, 0xD2, 0xFA, 0xD6, 0xFF,
    0xD7, 0xFA, 0xB6, 0xFF, 0xDA, 0xFA, 0xB6, 0xFF, 0xDD, 0xFA, 0xB6, 0xFF,
    0xDE, 0xFA, 0xB6, 0xFF, 0xE3, 0xFA, 0xB6, 0xFF, 0xFC, 0xEA, 0xD6, 0xFF,
    0xFF, 0xFB, 0x37, 0xC1, 0x4B, 0xFE, 0x8B, 0x9A, 0x4F, 0xC5, 0x5A, 0x93,
    0xFD, 0x93, 0xFE, 0x56, 0xD3, 0xA7, 0x55, 0xFE, 0x6B, 0x59, 0xA3, 0x77,
    0xC5, 0x9F, 0xF8, 0xFE, 0xFB, 0x37, 0xC3, 0x9D, 0x9B, 0x55, 0xC0, 0xFF,
    0xF2, 0xEA, 0xB6, 0xFF, 0xD6, 0xFA, 0xD6, 0xFF, 0xCF, 0xFA, 0xD6, 0xFF,
    0xC7, 0xFA, 0xD6, 0xFF, 0xBB, 0xFA, 0xB6, 0xFF, 0xAB, 0xFA, 0xB6, 0xFF,
    0x96, 0xFA, 0xB6, 0xFF, 0x7D, 0xFA, 0xB6, 0xFF, 0x61, 0xFA, 0xB6, 0xFF,
    0x46, 0xFA, 0xD6, 0xFF, 0x2D, 0xFA, 0xD6, 0xFF, 0x1B, 0xFA, 0xB6, 0xFF,
    0x0E, 0xFA, 0xB6, 0xFF, 0x58, 0xFA, 0xB6, 0xFF, 0x71, 0xFA, 0xB6, 0xFF,
    0x88, 0xFA, 0xD6, 0xFF, 0x9C, 0xFA, 0xD6, 0xFF, 0xAD, 0xFA, 0xD6, 0xFF,
    0xBA, 0xFA, 0xD6, 0xFF, 0xC4, 0xFA, 0xD6, 0xFF, 0xCC, 0xFA, 0xD6, 0xFF,
    0xD2, 0xFA, 0xD6, 0xFF, 0xD6, 0xFA, 0xB6, 0xFF, 0xD9, 0xFA, 0xB6, 0xFF,
    0xDB, 0xFA, 0xB6, 0xFF, 0xE4, 0xF2, 0xD6, 0xFF, 0xFD, 0xEA, 0xF7, 0xFF,
    0xFF, 0xFB, 0x37, 0xC1, 0x5A, 0xFE, 0x9B, 0x9A, 0xA1, 0x38, 0xC6, 0x9B,
    0xAA, 0xFE, 0x29, 0x30, 0x99, 0xBB, 0xD0, 0xA3, 0x76, 0xAE, 0x02, 0xAA,
    0x34, 0x7A, 0xC5, 0xFE, 0xBB, 0x79, 0xFE, 0xFB, 0x37, 0xC3, 0x42, 0x55,
    0xC0, 0xFF, 0xF5, 0xE2, 0xB6, 0xFF, 0xD2, 0xFA, 0xD6, 0xFF, 0xC9, 0xFA,
    0xD6, 0xFF, 0xC0, 0xFA, 0xB6, 0xFF, 0xB4, 0xFA, 0xB6, 0xFF, 0xA5, 0xFA,
    0xD6, 0xFF, 0x93, 0xFA, 0xB6, 0xFF, 0x7D, 0xFA, 0xD6, 0xFF, 0x66, 0xFA,
    0xD6, 0xFF, 0x4C, 0xFA, 0xD6, 0xFF, 0x35, 0xFA, 0xB6, 0xFF, 0x22, 0xFA,
    0xD6, 0xFF, 0x13, 0xFA, 0xB6, 0xFF, 0x09, 0xFA, 0xB6, 0xFF, 0x41, 0xFA,
    0xB6, 0xFF, 0x56, 0xFA, 0xB6, 0xFF, 0x6C, 0xFA, 0xD6, 0xFF, 0x80, 0xFA,
    0xD6, 0xFF, 0x92, 0xFA, 0xB6, 0xFF, 0xA2, 0xFA, 0xD6, 0xFF, 0xAF, 0xFA,
    0xD6, 0xFF, 0xBA, 0xFA, 0xB6, 0xFF, 0xC3, 0xFA, 0xD6, 0xFF, 0xC9, 0xFA,
    0xD6, 0xFF, 0xCF, 0xFA, 0xD6, 0xFF, 0xD3, 0xFA, 0xD6, 0xFF, 0xD6, 0xFA,
    0xB6, 0xFF, 0xE2, 0xF2, 0xD6, 0xFF, 0xFD, 0xEA, 0xF7, 0xFF, 0xFF, 0xFB,
    0x37, 0xC2, 0xFE, 0xB3, 0x79, 0xFE, 0x7B, 0xBB, 0xC7, 0x99, 0xBB, 0x95,
    0xDD, 0x98, 0xDB, 0x56, 0xCB, 0xA5, 0x65, 0xAB, 0x24, 0xAA, 0x33, 0x7F,
    0xC5, 0x7A, 0xFE, 0xD3, 0x58, 0x9F, 0xE8, 0xC3, 0x46, 0x51, 0x5B, 0xFF,
    0xF4, 0xE2, 0xD6, 0xFF, 0xCA, 0xFA, 0xB6, 0xFF, 0xBF, 0xFA, 0xD6, 0xFF,
    0xB6, 0xFA, 0xB6, 0xFF, 0xAA, 0xFA, 0xB6, 0xFF, 0x9C, 0xFA, 0xB6, 0xFF,
    0x8A, 0xFA, 0xB6, 0xFF, 0x77, 0xFA, 0xB6, 0xFF, 0x62, 0xFA, 0xB6, 0xFF,
    0x4C, 0xFA, 0xD6, 0xFF, 0x37, 0xFA, 0xB6, 0xFF, 0x25, 0xFA, 0xD6, 0xFF,
    0x17, 0xFA, 0xD6, 0xFF, 0x0C, 0xFA, 0xB6, 0xFF, 0x06, 0xFA, 0x96, 0xFF,
    0x2C, 0xFA, 0xB6, 0xFF, 0x3D, 0xFA, 0xB6, 0xFF, 0x4F, 0xFA, 0xB6, 0xFF,
    0x62, 0xFA, 0xB6, 0xFF, 0x75, 0xFA, 0xB6, 0xFF, 0x85, 0xFA, 0xD6, 0xFF,
    0x94, 0xFA, 0xD6, 0xFF, 0xA2, 0xFA, 0xB6, 0xFF, 0xAD, 0xFA, 0xB6, 0xFF,
    0xB6, 0xFA, 0xB6, 0xFF, 0xBE, 0xFA, 0xD6, 0xFF, 0xC4, 0xFA, 0xD6, 0xFF,
    0xC9, 0xFA, 0xD6, 0xFF, 0xCE, 0xFA, 0xD6, 0xFF, 0xDC, 0xF2, 0xD6, 0xFF,
    0xFC, 0xEA, 0xF7, 0xFF, 0xFF, 0xFB, 0x57, 0xC0, 0x66, 0xC0, 0xA1, 0x38,
    0xFE, 0x8B, 0xBA, 0x4B, 0xC7, 0x9D, 0x9A, 0x99, 0xBA, 0x98, 0xDC, 0x9A,
    0xBB, 0x9D, 0x99, 0xC4, 0xA2, 0x77, 0xA5, 0x66, 0xA7, 0x44, 0xA8, 0x45,
    0xA5, 0x56, 0x7A, 0xC6, 0x9F, 0xE8, 0xFE, 0xEB, 0x58, 0x9F, 0xB8, 0x6E,
    0xC1, 0x6B, 0x41, 0x42, 0xC0, 0xFF, 0xF0, 0xDA, 0xD7, 0xFF, 0xC0, 0xFA,
    0xB6, 0xFF, 0xB2, 0xFA, 0xB6, 0xFF, 0xA8, 0xFA, 0xD6, 0xFF, 0x9C, 0xFA,
    0xB6, 0xFF, 0x8E, 0xFA, 0xB6, 0xFF, 0x7E, 0xFA, 0xD6, 0xFF, 0x6C, 0xFA,
    0xD6, 0xFF, 0x5A, 0xFA, 0xB6, 0xFF, 0x47, 0xFA, 0xD6, 0xFF, 0x35, 0xFA,
    0xB6, 0xFF, 0x25, 0xFA, 0xD6, 0xFF, 0x18, 0xFA, 0xD6, 0xFF, 0x0E, 0xFA,
    0xB6, 0xFF, 0x07, 0xFA, 0xB6, 0xFF, 0x03, 0xFA, 0x96, 0xFF, 0x1B, 0xFA,
    0xD6, 0xFF, 0x27, 0xFA, 0xB6, 0xFF, 0x36, 0xFA, 0xB6, 0xFF, 0x45, 0xFA,
    0xD6, 0xFF, 0x55, 0xFA, 0xD6, 0xFF, 0x65, 0xFA, 0xB6, 0xFF, 0x75, 0xFA,
    0xD6, 0xFF, 0x83, 0xFA, 0xD6, 0xFF, 0x90, 0xFA, 0xB6, 0xFF, 0x9C, 0xFA,
    0xD6, 0xFF, 0xA6, 0xFA, 0xD6, 0xFF, 0xAF, 0xFA, 0xB6, 0xFF, 0xB6, 0xFA,
    0xB6, 0xFF, 0xBC, 0xFA, 0xB6, 0xFF, 0xC2, 0xFA, 0xD6, 0xFF, 0xD0, 0xF2,
    0xD6, 0xFF, 0xF8, 0xEA, 0xF7, 0xFF, 0xFF, 0xFB, 0x58, 0xC2, 0x5A, 0xA1,
    0x08, 0xFE, 0x83, 0xBB, 0x5A, 0xC9, 0x55, 0x9D, 0xAA, 0x55, 0xC1, 0xA3,
    0x67, 0xA2, 0x77, 0x7A, 0xC8, 0xA0, 0xB7, 0xFE, 0xD3, 0x79, 0x9F, 0xE7,
    0x6B, 0xC1, 0x6E, 0xC0, 0x9D, 0x8A, 0x42, 0xC0, 0xFF, 0xE6, 0xDA, 0xD7,
    0xFF, 0xAF, 0xFA, 0xD6, 0xFF, 0xA1, 0xFA, 0xD6, 0xFF, 0x96, 0xFA, 0xD6,
    0xFF, 0x8A, 0xFA, 0xB6, 0xFF, 0x7D, 0xFA, 0xB6, 0xFF, 0x6E, 0xFA, 0xB6,
    0xFF, 0x5E, 0xFA, 0xB6, 0xFF, 0x4E, 0xFA, 0xB6, 0xFF, 0x3E, 0xFA, 0xD6,
    0xFF, 0x2F, 0xFA, 0xB6, 0xFF, 0x22, 0xFA, 0xD6, 0xFF, 0x16, 0xFA, 0xB6,
    0xFF, 0x0E, 0xFA, 0xB6, 0xFF, 0x07, 0xFA, 0xB6, 0xFF, 0x04, 0xFA, 0x96,
    0xFF, 0x02, 0xFA, 0x76, 0xFF, 0x0F, 0xFA, 0xB6, 0xFF, 0x17, 0xFA, 0xB6,
    0xFF, 0x21, 0xFA, 0xD6, 0xFF, 0x2C, 0xFA, 0xB6, 0xFF, 0x39, 0xFA, 0xB6,
    0xFF, 0x47, 0xFA, 0xD6, 0xFF, 0x54, 0xFA, 0xB6, 0xFF, 0x62, 0xFA, 0xB6,
    0xFF, 0x6F, 0xFA, 0xB6, 0xFF, 0x7C, 0xFA, 0xD6, 0xFF, 0x87, 0xFA, 0xB6,
    0xFF, 0x92, 0xFA, 0xD6, 0xFF, 0x9B, 0xFA, 0xD6, 0xFF, 0xA3, 0xFA, 0xB6,
    0xFF, 0xAB, 0xFA, 0xB6, 0xFF, 0xB1, 0xFA, 0xB6, 0xFF, 0xBE, 0xF2, 0xD6,
    0xFF, 0xEE, 0xE2, 0xF7, 0xFF, 0xFF, 0xF3, 0x78, 0x7E, 0x66, 0xC1, 0x4A,
    0xA1, 0x08, 0xA1, 0x19, 0x5A, 0xD6, 0xA0, 0xB7, 0xFE, 0xCB, 0x99, 0x9F,
    0xE8, 0x7A, 0xC1, 0x6E, 0xC0, 0x5A, 0x9C, 0x9C, 0x41, 0xFF, 0xFE, 0xC2,
    0xD7, 0xFF, 0xD1, 0xDA, 0xD7, 0xFF, 0x99, 0xFA, 0xD6, 0xFF, 0x8D, 0xFA,
    0xB6, 0xFF, 0x82, 0xFA, 0xB6, 0xFF, 0x76, 0xFA, 0xD6, 0xFF, 0x69, 0xFA,
    0xB6, 0xFF, 0x5C, 0xFA, 0xB6, 0xFF, 0x4E, 0xFA, 0xD6, 0xFF, 0x40, 0xFA,
    0xB6, 0xFF, 0x33, 0xFA, 0xB6, 0xFF, 0x27, 0xFA, 0xD6, 0xFF, 0x1C, 0xFA,
    0xD6, 0xFF, 0x13, 0xFA, 0xD6, 0xFF, 0x0C, 0xFA, 0xB6, 0xFF, 0x07, 0xFA,
    0xB6, 0xFF, 0x04, 0xFA, 0x96, 0xFF, 0x02, 0xFA, 0xD4, 0xFF, 0x00, 0xF8,
    0x5E, 0xFF, 0x07, 0xFA, 0xB6, 0xFF, 0x0C, 0xFA, 0xB6, 0xFF, 0x12, 0xFA,
    0xB6, 0xFF, 0x1A, 0xFA, 0xD6, 0xFF, 0x22, 0xFA, 0xD6, 0xFF, 0x2D, 0xFA,
    0xB6, 0xFF, 0x37, 0xFA, 0xB6, 0xFF, 0x43, 0xFA, 0xB6, 0xFF, 0x4F, 0xFA,
    0xB6, 0xFF, 0x5A, 0xFA, 0xD6, 0xFF, 0x65, 0xFA, 0xB6, 0xFF, 0x70, 0xFA,
    0xD6, 0xFF, 0x7A, 0xFA, 0xB6, 0xFF, 0x83, 0xFA, 0xD6, 0xFF, 0x8C, 0xFA,
    0xB6, 0xFF, 0x94, 0xFA, 0xD6, 0xFF, 0x9B, 0xFA, 0xD6, 0xFF, 0xA4, 0xFA,
    0xD6, 0xFF, 0xD6, 0xDA, 0xF7, 0xFF, 0xFE, 0xEB, 0x78, 0xFF, 0xFF, 0xFB,
    0xB9, 0xC1, 0x65, 0xC0, 0x5A, 0xA0, 0x39, 0xA1, 0x18, 0xA0, 0x49, 0xD1,
    0x7A, 0xA0, 0xD7, 0x9F, 0xF8, 0xA0, 0xC7, 0xC1, 0x6F, 0xC0, 0x6E, 0xC0,
    0x46, 0x9B, 0x9C, 0x42, 0xFF, 0xF5, 0xBA, 0xD8, 0xFF, 0xAD, 0xDA, 0xD7,
    0xFF, 0x7F, 0xFA, 0xB6, 0xFF, 0x76, 0xFA, 0xD6, 0xFF, 0x6B, 0xFA, 0xD6,
    0xFF, 0x60, 0xFA, 0xB6, 0xFF, 0x55, 0xFA, 0xB6, 0xFF, 0x49, 0xFA, 0xD6,
    0xFF, 0x3E, 0xFA, 0xB6, 0xFF, 0x32, 0xFA, 0xB6, 0xFF, 0x28, 0xFA, 0xB6,
    0xFF, 0x1E, 0xFA, 0xB6, 0xFF, 0x16, 0xFA, 0xD6, 0xFF, 0x0F, 0xFA, 0xB6,
    0xFF, 0x0A, 0xFA, 0xB6, 0xFF, 0x05, 0xFA, 0x97, 0xFF, 0x03, 0xFA, 0xB6,
    0xFF, 0x01, 0xFA, 0x37, 0xFF, 0x00, 0xF8, 0x1F, 0xFE, 0x00, 0x00, 0xFF,
    0x03, 0xFA, 0xB5, 0xFF, 0x05, 0xFA, 0x97, 0xFF, 0x09, 0xFA, 0xB6, 0xFF,
    0x0D, 0xFA, 0xB6, 0xFF, 0x12, 0xFA, 0xB6, 0xFF, 0x19, 0xFA, 0xB6, 0xFF,
    0x21, 0xFA, 0xD6, 0xFF, 0x29, 0xFA, 0xD6, 0xFF, 0x32, 0xFA, 0xB6, 0xFF,
    0x3B, 0xFA, 0xB6, 0xFF, 0x45, 0xFA, 0xB6, 0xFF, 0x4E, 0xFA, 0xD6, 0xFF,
    0x58, 0xFA, 0xB6, 0xFF, 0x61, 0xFA, 0xB6, 0xFF, 0x6A, 0xFA, 0xD6, 0xFF,
    0x72, 0xFA, 0xD6, 0xFF, 0x7A, 0xFA, 0xB6, 0xFF, 0x81, 0xFA, 0xB6, 0xFF,
    0x88, 0xFA, 0xB6, 0xFF, 0xAA, 0xE2, 0xD7, 0xFF, 0xEE, 0xDB, 0x79, 0xFF,
    0xFF, 0xF3, 0xFA, 0x7A, 0x69, 0x66, 0xC1, 0x66, 0x4A, 0xA0, 0x49, 0xA0,
    0x48, 0xA0, 0x49, 0x4A, 0xC9, 0x7A, 0xA0, 0xA8, 0xA0, 0xC7, 0xA0, 0xC8,
    0xA0, 0xC7, 0x7E, 0xC2, 0x6E, 0x6B, 0x6E, 0x5A, 0x9C, 0x9B, 0x9B, 0x8C,
    0xFF, 0xFE, 0xAA, 0xF8, 0xFF, 0xD2, 0xBA, 0xD8, 0xFF, 0x7D, 0xEA, 0xD6,
    0xFF, 0x66, 0xFA, 0xB6, 0xFF, 0x5D, 0xFA, 0xB6, 0xFF, 0x54, 0xFA, 0xB6,
    0xFF, 0x4A, 0xFA, 0xD6, 0xFF, 0x40, 0xFA, 0xD6, 0xFF, 0x37, 0xFA, 0xB6,
    0xFF, 0x2E, 0xFA, 0xB6, 0xFF, 0x25, 0xFA, 0xD6, 0xFF, 0x1D, 0xFA, 0xD6,
    0xFF, 0x16, 0xFA, 0xB6, 0xFF, 0x10, 0xFA, 0xB6, 0xFF, 0x0B, 0xFA, 0xB6,
    0xFF, 0x07, 0xFA, 0xB6, 0xFF, 0x04, 0xFA, 0x96, 0xFF, 0x02, 0xFA, 0xD4,
    0xFF, 0x01, 0xF9, 0x99, 0xFF, 0x00, 0xF8, 0x1F, 0xFE, 0x00, 0x00, 0xC0,
    0xFF, 0x01, 0xF9, 0x7A, 0xFF, 0x02, 0xFA, 0xB5, 0xFF, 0x04, 0xFA, 0x96,
    0xFF, 0x06, 0xFA, 0x96, 0xFF, 0x09, 0xFA, 0xB6, 0xFF, 0x0D, 0xFA, 0xB6,
    0xFF, 0x11, 0xFA, 0xB6, 0xFF, 0x17, 0xFA, 0xB6, 0xFF, 0x1C, 0xFA, 0xD6,
    0xFF, 0x23, 0xFA, 0xD6, 0xFF, 0x2A, 0xFA, 0xB6, 0xFF, 0x32, 0xFA, 0xB6,
    0xFF, 0x39, 0xFA, 0xB6, 0xFF, 0x41, 0xFA, 0xB6, 0xFF, 0x48, 0xFA, 0xD6,
    0xFF, 0x50, 0xFA, 0xD6, 0xFF, 0x58, 0xFA, 0xB6, 0xFF, 0x5E, 0xFA, 0xB6,
    0xFF, 0x65, 0xFA, 0xB6, 0xFF, 0x6C, 0xFA, 0xD6, 0xFF, 0x78, 0xF2, 0xD6,
    0xFF, 0xB9, 0xD3, 0x18, 0xFF, 0xF9, 0xE3, 0xFA, 0xFF, 0xFF, 0xF4, 0x5B,
    0x75, 0xC1, 0x66, 0xC2, 0x66, 0x4A, 0x4A, 0x5A, 0x4A, 0x56, 0xC1, 0x6E,
    0xA0, 0xA8, 0x7A, 0xA0, 0xA8, 0xA0, 0xA8, 0x7A, 0x6E, 0xC2, 0x6E, 0xC0,
    0x6E, 0x5B, 0xC0, 0x41, 0x99, 0x9E, 0x42, 0xFF, 0xE8, 0xA2, 0xF8, 0xFF,
    0x8D, 0xC2, 0xD7, 0xFF, 0x55, 0xFA, 0xD6, 0xFF, 0x4D, 0xFA, 0xD6, 0xFF,
    0x45, 0xFA, 0xB6, 0xFF, 0x3D, 0xFA, 0xB6, 0xFF, 0x36, 0xFA, 0xB6, 0xFF,
    0x2E, 0xFA, 0xB6, 0xFF, 0x27, 0xFA, 0xD6, 0xFF, 0x20, 0xFA, 0xD6, 0xFF,
    0x1A, 0xFA, 0xD6, 0xFF, 0x14, 0xFA, 0xB6, 0xFF, 0x0F, 0xFA, 0xB6, 0xFF,
    0x0B, 0xFA, 0xB6, 0xFF, 0x07, 0xFA, 0xB6, 0xFF, 0x05, 0xFA, 0x97, 0xFF,
    0x03, 0xFA, 0xB5, 0xFF, 0x02, 0xFA, 0x56, 0xFF, 0x01, 0xF8, 0x7E, 0xFF,
    0x00, 0xF8, 0x1F, 0xFE, 0x00, 0x00, 0xC1, 0xFF, 0x00, 0xF8, 0x1F, 0xC0,
    0xFF, 0x01, 0xF9, 0x99, 0xFF, 0x02, 0xFA, 0xB5, 0xFF, 0x03, 0xFA, 0xB6,
    0xFF, 0x05, 0xFA, 0x97, 0xFF, 0x07, 0xFA, 0xB6, 0xFF, 0x0B, 0xFA, 0xB6,
    0xFF, 0x0E, 0xFA, 0xB6, 0xFF, 0x12, 0xFA, 0xB6, 0xFF, 0x17, 0xFA, 0xD6,
    0xFF, 0x1C, 0xFA, 0xD6, 0xFF, 0x21, 0xFA, 0xD6, 0xFF, 0x26, 0xFA, 0xD6,
    0xFF, 0x2C, 0xFA, 0xB6, 0xFF, 0x32, 0xFA, 0xB6, 0xFF, 0x38, 0xFA, 0xD6,
    0xFF, 0x3E, 0xFA, 0xB6, 0xFF, 0x44, 0xFA, 0xD6, 0xFF, 0x49, 0xFA, 0xD6,
    0xFF, 0x4F, 0xFA, 0xD6, 0xFF, 0x54, 0xFA, 0xB6, 0xFF, 0x6B, 0xE2, 0xD7,
    0xFF, 0xBA, 0xCB, 0x79, 0xFF, 0xF8, 0xE4, 0x3B, 0xFF, 0xFF, 0xF4, 0x9B,
    0xC0, 0x66, 0xC2, 0x66, 0xCB, 0x6E, 0xC2, 0x6E, 0xC0, 0x6B, 0x6E, 0x41,
    0x99, 0x9E, 0x9B, 0x9C, 0xFF, 0xE9, 0x92, 0xF9, 0xFF, 0x93, 0xAA, 0xD8,
    0xFF, 0x47, 0xEA, 0xD6, 0xFF, 0x3B, 0xFA, 0xD6, 0xFF, 0x35, 0xFA, 0xB6,
    0xFF, 0x2F, 0xFA, 0xB6, 0xFF, 0x2A, 0xFA, 0xB6, 0xFF, 0x24, 0xFA, 0xB6,
    0xFF, 0x1F, 0xFA, 0xD6, 0xFF, 0x19, 0xFA, 0xD6, 0xFF, 0x15, 0xFA, 0xD6,
    0xFF, 0x10, 0xFA, 0xB6, 0xFF, 0x0C, 0xFA, 0xB6, 0xFF, 0x09, 0xFA, 0xB6,
    0xFF, 0x06, 0xFA, 0xB6, 0xFF, 0x04, 0xFA, 0x96, 0xFF, 0x03, 0xFA, 0xB5,
    0xFF, 0x02, 0xFA, 0x95, 0xFF, 0x01, 0xF8, 0xBC, 0xFF, 0x00, 0xF8, 0x1F,
    0xFE, 0x00, 0x00, 0xC3, 0xFF, 0x00, 0x00, 0x00, 0xC0, 0xFE, 0xF8, 0x1F,
    0xC0, 0xFF, 0x01, 0xF9, 0x5A, 0xFF, 0x02, 0xFA, 0x76, 0xFF, 0x03, 0xFA,
    0xB5, 0xFF, 0x04, 0xFA, 0x96, 0xFF, 0x06, 0xFA, 0xB7, 0xFF, 0x08, 0xFA,
    0xB6, 0xFF, 0x0B, 0xFA, 0xB6, 0xFF, 0x0E, 0xFA, 0xB6, 0xFF, 0x11, 0xFA,
    0xB6, 0xFF, 0x14, 0xFA, 0xD6, 0xFF, 0x18, 0xFA, 0xD6, 0xFF, 0x1C, 0xFA,
    0xD6, 0xFF, 0x20, 0xFA, 0xD6, 0xFF, 0x25, 0xFA, 0xB6, 0xFF, 0x29, 0xFA,
    0xB6, 0xFF, 0x2D, 0xFA, 0xB6, 0xFF, 0x31, 0xFA, 0xB6, 0xFF, 0x35, 0xFA,
    0xB6, 0xFF, 0x39, 0xFA, 0xB6, 0xFF, 0x3D, 0xFA, 0xB6, 0xFF, 0x56, 0xDA,
    0xD7, 0xFF, 0xA3, 0xC3, 0x9A, 0xFF, 0xEE, 0xDC, 0x5B, 0xFF, 0xFF, 0xF4,
    0xDC, 0xC3, 0x66, 0xC9, 0x6E, 0xC3, 0x6E, 0x6B, 0x9C, 0x9B, 0x99, 0x9D,
    0x9B, 0x9C, 0xFF, 0xD7, 0x8A, 0xF9, 0xFF, 0x7F, 0xA2, 0xF9, 0xFF, 0x38,
    0xE2, 0xD7, 0xFF, 0x2B, 0xFA, 0xB6, 0xFF, 0x27, 0xFA, 0xD6, 0xFF, 0x23,
    0xFA, 0xD6, 0xFF, 0x1E, 0xFA, 0xD6, 0xFF, 0x1A, 0xFA, 0xD6, 0xFF, 0x16,
    0xFA, 0xB6, 0xFF, 0x13, 0xFA, 0xB6, 0xFF, 0x0F, 0xFA, 0xB6, 0xFF, 0x0C,
    0xFA, 0xB6, 0xFF, 0x09, 0xFA, 0xB6, 0xFF, 0x07, 0xFA, 0xB6, 0xFF, 0x05,
    0xFA, 0x97, 0xFF, 0x03, 0xFA, 0xB6, 0xFF, 0x02, 0xFA, 0x95, 0xFF, 0x01,
    0xFA, 0x37, 0xFE, 0xF8, 0xBC, 0xFF, 0x00, 0xF8, 0x1F, 0xFE, 0x00, 0x00,
    0xC5, 0xFF, 0x00, 0x00, 0x00, 0xC3, 0xFE, 0xF8, 0x1F, 0xFF, 0x01, 0xF8,
    0x1F, 0xFE, 0xFA, 0x17, 0xFF, 0x02, 0xFA, 0x76, 0xFF, 0x03, 0xFA, 0xB5,
    0xFF, 0x04, 0xFA, 0xB6, 0xFF, 0x05, 0xFA, 0x97, 0xFF, 0x07, 0xFA, 0xB6,
    0xFF, 0x09, 0xFA, 0xB6, 0xFF, 0x0B, 0xFA, 0xB6, 0xFF, 0x0E, 0xFA, 0xB6,
    0xFF, 0x10, 0xFA, 0xB6, 0xFF, 0x13, 0xFA, 0xB6, 0xFF, 0x15, 0xFA, 0xD6,
    0xFF, 0x18, 0xFA, 0xD6, 0xFF, 0x1B, 0xFA, 0xD6, 0xFF, 0x1E, 0xFA, 0xD6,
    0xFF, 0x21, 0xFA, 0xD6, 0xFF, 0x23, 0xFA, 0xD6, 0xFF, 0x26, 0xFA, 0xD6,
    0xFF, 0x29, 0xFA, 0xD6, 0xFF, 0x30, 0xEA, 0xD6, 0xFF, 0x6D, 0xB3, 0x59,
    0xFF, 0xB5, 0xCC, 0x1B, 0xFF, 0xEF, 0xDC, 0x9C, 0xFF, 0xFF, 0xEC, 0xFD,
    0x7E, 0xCC, 0x6E, 0x66, 0x9D, 0x8A, 0x9A, 0x9D, 0xFF, 0xFE, 0x8B, 0x3A,
    0xFF, 0xDF, 0x7A, 0xFA, 0xFF, 0x9A, 0x82, 0xF9, 0xFF, 0x4C, 0xA2, 0xF8,
    0xFF, 0x1F, 0xFA, 0xD6, 0xFF, 0x1D, 0xFA, 0xD6, 0xFF, 0x1A, 0xFA, 0xD6,
    0xFF, 0x17, 0xFA, 0xD6, 0xFF, 0x14, 0xFA, 0xB6, 0xFF, 0x11, 0xFA, 0xB6,
    0xFF, 0x0F, 0xFA, 0xB6, 0xFF, 0x0D, 0xFA, 0xB6, 0xFF, 0x0A, 0xFA, 0xB6,
    0xFF, 0x08, 0xFA, 0xB6, 0xFF, 0x06, 0xFA, 0xB6, 0xFF, 0x05, 0xFA, 0x96,
    0xFF, 0x03, 0xFA, 0x96, 0xFF, 0x02, 0xFA, 0xB5, 0x66, 0xFF, 0x01, 0xF9,
    0x5A, 0xFF, 0x00, 0xF8, 0x1F, 0xC0, 0xFE, 0x00, 0x00, 0xC7, 0xFF, 0x00,
    0x00, 0x00, 0xC5, 0xFE, 0xF8, 0x1F, 0xC0, 0xA5, 0x31, 0xFF, 0x01, 0xF9,
    0xB9, 0xFF, 0x02, 0xFA, 0x76, 0x6D, 0xFF, 0x03, 0xFA, 0xB5, 0xFF, 0x04,
    0xFA, 0x96, 0xFF, 0x05, 0xFA, 0x96, 0xFF, 0x07, 0xFA, 0xB6, 0xFF, 0x08,
    0xFA, 0xB6, 0xFF, 0x0A, 0xFA, 0xB6, 0xFF, 0x0B, 0xFA, 0xB6, 0xFF, 0x0D,
    0xFA, 0xB6, 0xFF, 0x0F, 0xFA, 0xB6, 0xFF, 0x10, 0xFA, 0xD6, 0xFF, 0x12,
    0xFA, 0xB6, 0xFF, 0x14, 0xFA, 0xD6, 0xFF, 0x16, 0xFA, 0xB6, 0xFF, 0x17,
    0xFA, 0xD6, 0xFF, 0x19, 0xFA, 0xD6, 0xFF, 0x1A, 0xFA, 0xB6, 0xFF, 0x25,
    0xD2, 0xD7, 0xFF, 0x53, 0xAB, 0x59, 0xFF, 0x8C, 0xB3, 0xFB, 0xFF, 0xBE,
    0xC4, 0x5C, 0xFF, 0xEA, 0xCC, 0x9D, 0xFF, 0xFC, 0xD4, 0xDD, 0xFF, 0xFF,
    0xE5, 0x1D, 0x7F, 0x7E, 0xC1, 0x66, 0x46, 0x51, 0x9D, 0x8B, 0xFF, 0xFE,
    0xB4, 0x1C, 0xFF, 0xFA, 0x93, 0x9B, 0xFF, 0xDC, 0x83, 0x3A, 0xFF, 0xAD,
    0x7A, 0xFA, 0xFF, 0x78, 0x82, 0xF9, 0xFF, 0x3C, 0x9A, 0xF9, 0xFF, 0x18,
    0xE2, 0xD7, 0xFF, 0x13, 0xFA, 0xD6, 0xFF, 0x11, 0xFA, 0xB6, 0xFF, 0x10,
    0xFA, 0xB6, 0xFF, 0x0E, 0xFA, 0xB6, 0xFF, 0x0C, 0xFA, 0xB6, 0xFF, 0x0B,
    0xFA, 0xB6, 0xFF, 0x09, 0xFA, 0xB6, 0xFF, 0x08, 0xFA, 0xB6, 0xFF, 0x06,
    0xFA, 0xB7, 0xFF, 0x05, 0xFA, 0x96, 0xFF, 0x04, 0xFA, 0x96, 0xFF, 0x03,
    0xFA, 0x96, 0xFF, 0x02, 0xFA, 0x76, 0xFF, 0x01, 0xFA, 0x36, 0xFE, 0xF9,
    0x1B, 0xFF, 0x00, 0xF8, 0x1F, 0xC0, 0xFE, 0x00, 0x00, 0xCA, 0xFF, 0x00,
    0x00, 0x00, 0xC9, 0xFE, 0xF8, 0x1F, 0xC1, 0xFF, 0x01, 0xF9, 0xF8, 0xA4,
    0x42, 0xFF, 0x02, 0xFA, 0x76, 0xFF, 0x03, 0xFA, 0x76, 0xA2, 0x66, 0xFF,
    0x04, 0xFA, 0xB6, 0xFF, 0x05, 0xFA, 0x96, 0xFF, 0x06, 0xFA, 0x96, 0xFF,
    0x07, 0xFA, 0xB7, 0xFF, 0x08, 0xFA, 0xB6, 0xFF, 0x09, 0xFA, 0xB6, 0xFF,
    0x0A, 0xFA, 0xB6, 0xFF, 0x0B, 0xFA, 0xB6, 0xC0, 0xFF, 0x0C, 0xFA, 0xD6,
    0xFF, 0x0D, 0xFA, 0xB6, 0xFF, 0x0E, 0xFA, 0xB6, 0xC0, 0xFF, 0x0F, 0xFA,
    0xD6, 0xFF, 0x10, 0xFA, 0xB6, 0xFF, 0x23, 0xAA, 0xD8, 0xFF, 0x3F, 0x8A,
    0xF9, 0xFF, 0x58, 0x7A, 0xF9, 0xFF, 0x6A, 0x83, 0x1A, 0xFF, 0x76, 0x83,
    0x3A, 0xFF, 0x7B, 0x7B, 0x1A, 0xFF, 0x7A, 0x72, 0xFA, 0xFF, 0x72, 0x72,
    0xFA, 0xFF, 0x64, 0x7A, 0xFA, 0xFF, 0x4F, 0x7A, 0xF9, 0xFF, 0x35, 0x8A,
    0xF9, 0xFF, 0x17, 0xBA, 0xD8, 0xFF, 0x0D, 0xFA, 0xB6, 0xFF, 0x0C, 0xFA,
    0xB6, 0xFF, 0x0B, 0xFA, 0xB6, 0xFF, 0x0A, 0xFA, 0xB6, 0xFF, 0x09, 0xFA,
    0xB6, 0xFF, 0x08, 0xFA, 0xB6, 0xFF, 0x07, 0xFA, 0xB6, 0xFF, 0x06, 0xFA,
    0x96, 0xFF, 0x05, 0xFA, 0xB6, 0x67, 0xFF, 0x04, 0xFA, 0x96, 0xFF, 0x03,
    0xFA, 0x96, 0xFF, 0x02, 0xFA, 0x95, 0xC0, 0xFF, 0x01, 0xFA, 0x76, 0xFE,
    0xF9, 0x5A, 0xFF, 0x00, 0xF8, 0x1F, 0xC0, 0xFE, 0x00, 0x00, 0xCE, 0xFF,
    0x00, 0x00, 0x00, 0xCD, 0xFE, 0xF8, 0x1F, 0xC1, 0xFE, 0xF9, 0x1B, 0xFF,
    0x01, 0xF9, 0xF8, 0xA2, 0x65, 0xFF, 0x02, 0xFA, 0x76, 0x6D, 0xFF, 0x03,
    0xFA, 0x76, 0xA2, 0x66, 0x66, 0xFF, 0x04, 0xFA, 0xD6, 0x9D, 0xBB, 0xFF,
    0x05, 0xFA, 0xB6, 0x67, 0x65, 0xFF, 0x06, 0xFA, 0x96, 0x6F, 0xC0, 0xFF,
    0x07, 0xFA, 0xB6, 0xC5, 0xFF, 0x06, 0xFA, 0xB6, 0x6B, 0xC0, 0x61, 0xFF,
    0x05, 0xFA, 0x97, 0x6D, 0xFF, 0x04, 0xFA, 0x76, 0xA2, 0x66, 0xC0, 0xFF,
    0x03, 0xFA, 0x96, 0x66, 0xFF, 0x02, 0xFA, 0x76, 0x66, 0xFF, 0x01, 0xFA,
    0xB5, 0x9B, 0xDF, 0xFE, 0xF9, 0x1B, 0xFF, 0x00, 0xF8, 0x5E, 0x63, 0xC0,
    0xFE, 0x00, 0x00, 0xD2, 0xFF, 0x00, 0x00, 0x00, 0xD5, 0xFE, 0xF8, 0x1F,
    0xC1, 0xFE, 0xF9, 0x5A, 0xFF, 0x01, 0xFA, 0x56, 0x9C, 0xCE, 0xFE, 0xFA,
    0x95, 0x6E, 0x9D, 0xBC, 0xC0, 0xFF, 0x02, 0xFA, 0x95, 0xA2, 0x65, 0x9D,
    0xBD, 0xC3, 0x6D, 0xA3, 0x53, 0xFF, 0x01, 0xFA, 0x56, 0xC0, 0xA2, 0x65,
    0xA2, 0x65, 0xFE, 0xFA, 0x17, 0x67, 0xA2, 0x65, 0xFF, 0x00, 0xF8, 0x1F,
    0xC2, 0xFE, 0x00, 0x00, 0xD9, 0xFF, 0x00, 0x00, 0x00, 0xFD, 0xD0, 0xFF,
    0x00, 0x00, 0x00, 0xFD, 0xD0,
};

const unsigned char demo_alpha[4479] = {
    0x00, 0x48, 0x00, 0x50, 0x00, 0x50, 0x0D, 0x00, 0x50, 0x00, 0x50, 0x00,
    0x50, 0x00, 0xA0, 0x00, 0x00, 0x00, 0x00, 0x00, 0x00, 0x00, 0x06, 0x00,
    0x0C, 0x00, 0x12, 0x00, 0x50, 0x00, 0x94, 0x00, 0xC8, 0x00, 0xF4, 0x01,
    0x1D, 0x01, 0x46, 0x01, 0x69, 0x01, 0x8F, 0x01, 0xCE, 0x02, 0x03, 0x02,
    0x35, 0x02, 0x65, 0x02, 0xA9, 0x02, 0xF2, 0x03, 0x3D, 0x03, 0x8E, 0x03,
    0xDD, 0x04, 0x38, 0x04, 0x94, 0x04, 0xDA, 0x05, 0x1F, 0x05, 0x69, 0x05,
    0xAA, 0x05, 0xF1, 0x06, 0x35, 0x06, 0x7F, 0x06, 0xC0, 0x07, 0x01, 0x07,
    0x37, 0x07, 0x6C, 0x07, 0x9E, 0x07, 0xCE, 0x08, 0x03, 0x08, 0x34, 0x08,
    0x65, 0x08, 0x96, 0x08, 0xC7, 0x08, 0xF8, 0x09, 0x29, 0x09, 0x5B, 0x09,
    0x8C, 0x09, 0xC1, 0x09, 0xF2, 0x0A, 0x24, 0x0A, 0x55, 0x0A, 0x88, 0x0A,
    0xC0, 0x0A, 0xF4, 0x0B, 0x29, 0x0B, 0x61, 0x0B, 0x9A, 0x0B, 0xD0, 0x0C,
    0x09, 0x0C, 0x46, 0x0C, 0x84, 0x0C, 0xBF, 0x0C, 0xFD, 0x0D, 0x3D, 0x0D,
    0x80, 0x0D, 0xCA, 0x0E, 0x13, 0x0E, 0x5F, 0x0E, 0x94, 0x0E, 0xC7, 0x0F,
    0x02, 0x0F, 0x37, 0x0F, 0x5C, 0x0F, 0x81, 0x0F, 0xA8, 0x0F, 0xD3, 0x10,
    0x02, 0x10, 0x37, 0x10, 0x80, 0x10, 0xBA, 0x10, 0xC0, 0x10, 0xC6, 0xFF,
    0x00, 0x00, 0x00, 0xFD, 0xD0, 0xFF, 0x00, 0x00, 0x00, 0xFD, 0xD0, 0xFF,
    0x00, 0x00, 0x00, 0xFD, 0xD0, 0xFF, 0x00, 0x00, 0x00, 0xDF, 0xFF, 0x06,
    0x00, 0x00, 0xFF, 0x2A, 0x00, 0x00, 0xFF, 0x4B, 0x00, 0x00, 0xFF, 0x65,
    0x00, 0x00, 0xFF, 0x79, 0x08, 0x41, 0xFF, 0x85, 0x20, 0xE4, 0xFF, 0x8A,
    0x29, 0x25, 0xFF, 0x89, 0x21, 0x24, 0xFF, 0x80, 0x18, 0xA3, 0xFF, 0x71,
    0x00, 0x00, 0xFF, 0x5B, 0x00, 0x00, 0xFF, 0x3D, 0x00, 0x00, 0xFF, 0x19,
    0x00, 0x00, 0xFF, 0x00, 0x00, 0x00, 0xE0, 0xFF, 0x00, 0x00, 0x00, 0xDB,
    0xFF, 0x18, 0x00, 0x00, 0xFF, 0x59, 0x00, 0x20, 0xFF, 0x99, 0x39, 0xC7,
    0xFF, 0xD0, 0x6B, 0x6D, 0xFF, 0xFA, 0x8C, 0x51, 0xFF, 0xFF, 0xB5, 0x96,
    0xA8, 0x44, 0xA7, 0x44, 0xA4, 0x66, 0xC3, 0x55, 0x9A, 0xCC, 0x99, 0xBB,
    0x97, 0xDD, 0xFF, 0xEC, 0x7B, 0xEF, 0xFF, 0xB9, 0x5A, 0xCB, 0xFF, 0x7F,
    0x18, 0xE3, 0xFF, 0x3C, 0x00, 0x00, 0xFF, 0x06, 0x00, 0x00, 0xFF, 0x00,
    0x00, 0x00, 0xDB, 0xFF, 0x00, 0x00, 0x00, 0xD8, 0xFF, 0x15, 0x00, 0x00,
    0xFF, 0x6C, 0x10, 0x82, 0xFF, 0xC3, 0x5A, 0xEB, 0xFF, 0xFA, 0x9C, 0xD3,
    0xFF, 0xFF, 0xDE, 0xFB, 0xA8, 0x44, 0xCF, 0x51, 0x93, 0xEE, 0xFF, 0xEB,
    0x84, 0x10, 0xFF, 0x9F, 0x39, 0xC7, 0xFF, 0x44, 0x00, 0x00, 0xFF, 0x04,
    0x00, 0x00, 0xFF, 0x00, 0x00, 0x00, 0xD8, 0xFF, 0x00, 0x00, 0x00, 0xD6,
    0xFF, 0x33, 0x00, 0x00, 0xFF, 0xA4, 0x39, 0xC7, 0xFF, 0xF6, 0x94, 0x92,
    0xFF, 0xFF, 0xE7, 0x3C, 0xA6, 0x55, 0xD6, 0xFE, 0xC6, 0x18, 0xFF, 0xDC,
    0x73, 0x8E, 0xFF, 0x74, 0x10, 0xA2, 0xFF, 0x0E, 0x00, 0x00, 0xFF, 0x00,
    0x00, 0x00, 0xD6, 0xFF, 0x00, 0x00, 0x00, 0xD4, 0xFF, 0x35, 0x00, 0x00,
    0xFF, 0xB7, 0x4A, 0x49, 0xFF, 0xFE, 0xAD, 0x75, 0xFF, 0xFF, 0xFF, 0xFF,
    0xDB, 0x9B, 0xAA, 0xFF, 0xEF, 0x84, 0x10, 0xFF, 0x7F, 0x20, 0xE4, 0xFF,
    0x0F, 0x00, 0x00, 0xFF, 0x00, 0x00, 0x00, 0xD4, 0xFF, 0x00, 0x00, 0x00,
    0xD2, 0xFF, 0x1A, 0x00, 0x00, 0xFF, 0xA2, 0x39, 0xC7, 0xFF, 0xFD, 0xAD,
    0x75, 0xFF, 0xFF, 0xFF, 0xFF, 0xDF, 0x9B, 0xAA, 0xFF, 0xE7, 0x7B, 0xCF,
    0xFF, 0x61, 0x10, 0x62, 0xFF, 0x03, 0x00, 0x00, 0xFF, 0x00, 0x00, 0x00,
    0xD2, 0xFF, 0x00, 0x00, 0x00, 0xD1, 0xFF, 0x63, 0x10, 0x82, 0xFF, 0xEE,
    0x84, 0x30, 0xFF, 0xFF, 0xF7, 0xBE, 0xA2, 0x77, 0xE2, 0x95, 0xDD, 0xFF,
    0xBF, 0x4A, 0x69, 0xFF, 0x24, 0x00, 0x00, 0xFF, 0x00, 0x00, 0x00, 0xD1,
    0xFF, 0x00, 0x00, 0x00, 0xCF, 0xFF, 0x14, 0x00, 0x00, 0xFF, 0xB0, 0x39,
    0xE7, 0xFF, 0xFF, 0xCE, 0x79, 0xAC, 0x22, 0xE5, 0x66, 0xFF, 0xF3, 0x8C,
    0x71, 0xFF, 0x60, 0x10, 0x82, 0xFF, 0x01, 0x00, 0x00, 0xFF, 0x00, 0x00,
    0x00, 0xCF, 0xFF, 0x00, 0x00, 0x00, 0xCE, 0xFF, 0x32, 0x00, 0x00, 0xFF,
    0xDE, 0x6B, 0x4D, 0xFF, 0xFF, 0xF7, 0x9E, 0xA3, 0x66, 0xCC, 0x9E, 0x78,
    0x9C, 0x78, 0x9C, 0x79, 0x9D, 0x78, 0x40, 0x41, 0x55, 0xC0, 0x7F, 0xA2,
    0x87, 0xA2, 0x98, 0xA3, 0x88, 0xA4, 0x98, 0xA4, 0xA7, 0xA2, 0x88, 0xCC,
    0xFF, 0xFE, 0xC6, 0x38, 0xFF, 0x9B, 0x31, 0x86, 0xFF, 0x08, 0x00, 0x00,
    0xFF, 0x00, 0x00, 0x00, 0xCE, 0xFF, 0x00, 0x00, 0x00, 0xCD, 0xFF, 0x4D,
    0x08, 0x21, 0xFF, 0xF3, 0x94, 0x92, 0xFF, 0xFF, 0xFF, 0xFF, 0xCA, 0x5A,
    0x9A, 0x78, 0x98, 0x7A, 0x9A, 0x68, 0x9D, 0x78, 0xCB, 0x6B, 0xA4, 0x97,
    0xA6, 0x97, 0xA7, 0xA8, 0xA6, 0xA7, 0xCA, 0x9A, 0xBB, 0xFF, 0xC0, 0x4A,
    0x49, 0xFF, 0x11, 0x00, 0x00, 0xFF, 0x00, 0x00, 0x00, 0xCD, 0xFF, 0x00,
    0x00, 0x00, 0xCC, 0xFF, 0x5F, 0x10, 0x82, 0xFF, 0xFA, 0xAD, 0x55, 0xFF,
    0xFF, 0xFF, 0xFF, 0xC9, 0x9D, 0x78, 0x96, 0x69, 0x98, 0x59, 0x40, 0xD2,
    0xA2, 0x98, 0xA9, 0xA7, 0xA9, 0xA7, 0xA3, 0x98, 0xC8, 0x9D, 0xAA, 0xFF,
    0xD2, 0x5A, 0xCB, 0xFF, 0x19, 0x00, 0x00, 0xFF, 0x00, 0x00, 0x00, 0xCC,
    0xFF, 0x00, 0x00, 0x00, 0xCB, 0xFF, 0x60, 0x10, 0x82, 0xFF, 0xFC, 0xB5,
    0x96, 0xFF, 0xFF, 0xFF, 0xFF, 0xC8, 0x9C, 0x78, 0x94, 0x6A, 0x99, 0x59,
    0x69, 0xD6, 0x7B, 0xA8, 0xA7, 0xAC, 0xA6, 0xA3, 0x98, 0xC7, 0x51, 0xFF,
    0xD5, 0x5A, 0xEB, 0xFF, 0x18, 0x00, 0x00, 0xFF, 0x00, 0x00, 0x00, 0xCB,
    0xFF, 0x00, 0x00, 0x00, 0xCA, 0xFF, 0x50, 0x08, 0x41, 0xFF, 0xFB, 0xAD,
    0x55, 0xFF, 0xFF, 0xFF, 0xFF, 0xC7, 0x40, 0x94, 0x5A, 0x97, 0x59, 0x69,
    0xC7, 0x9D, 0xBB, 0x9B, 0xEC, 0x9C, 0xCB, 0x9D, 0xBA, 0x66, 0xC0, 0x6E,
    0xA2, 0x67, 0xA3, 0x55, 0xA4, 0x35, 0xA5, 0x34, 0x6E, 0xC6, 0x7B, 0xAA,
    0xA7, 0xAC, 0xA6, 0xA1, 0x98, 0xC6, 0x51, 0xFF, 0xCE, 0x52, 0xAA, 0xFF,
    0x0E, 0x00, 0x00, 0xFF, 0x00, 0x00, 0x00, 0xCA, 0xFF, 0x00, 0x00, 0x00,
    0xC9, 0xFF, 0x36, 0x00, 0x20, 0xFF, 0xF5, 0x94, 0xB2, 0xFF, 0xFF, 0xFF,
    0xFF, 0xC7, 0x99, 0x68, 0x92, 0x4A, 0x40, 0xC5, 0x9C, 0xCC, 0xFE, 0x1B,
    0x48, 0xFE, 0x22, 0x46, 0xFE, 0x21, 0x44, 0x9D, 0xCB, 0xC8, 0x6E, 0xA6,
    0x13, 0xFE, 0x1A, 0xE7, 0xFE, 0x1C, 0x09, 0xA7, 0x02, 0x6E, 0xC4, 0xA2,
    0x99, 0xAF, 0xB5, 0xA6, 0xA8, 0xC6, 0x9D, 0x99, 0xFF, 0xB8, 0x42, 0x08,
    0xFF, 0x05, 0x00, 0x00, 0xFF, 0x00, 0x00, 0x00, 0xC9, 0xFF, 0x00, 0x00,
    0x00, 0xC8, 0xFF, 0x18, 0x00, 0x00, 0xFF, 0xE2, 0x73, 0x8E, 0xFF, 0xFF,
    0xFF, 0xFF, 0xC6, 0x55, 0x93, 0x5A, 0x97, 0x58, 0xC4, 0x66, 0xFE, 0x1B,
    0xA8, 0xFE, 0x22, 0x05, 0xFE, 0x29, 0x04, 0x66, 0xC4, 0x6E, 0xAC, 0x22,
    0xA8, 0x34, 0xFE, 0x41, 0xC7, 0x99, 0xCC, 0xC5, 0xA4, 0x34, 0xFE, 0x1A,
    0xE7, 0xFE, 0x14, 0x8A, 0xA4, 0x44, 0xC3, 0x6B, 0xAB, 0xB6, 0xAC, 0xB7,
    0xC6, 0x98, 0xCC, 0xFF, 0x8C, 0x29, 0x45, 0xFF, 0x00, 0x00, 0x00, 0xC9,
    0xFF, 0x00, 0x00, 0x00, 0xC7, 0xFF, 0x02, 0x00, 0x00, 0xFF, 0xB9, 0x42,
    0x28, 0xFF, 0xFF, 0xF7, 0xBE, 0xA2, 0x77, 0xC5, 0x40, 0x90, 0x4A, 0x9B,
    0x68, 0xC3, 0x66, 0xFE, 0x1B, 0x68, 0xFE, 0x21, 0x64, 0x9C, 0xDC, 0xC7,
    0xFE, 0x73, 0x4D, 0xFE, 0xF7, 0xDE, 0x7F, 0x9A, 0xBB, 0xFE, 0x41, 0xC7,
    0x99, 0xCC, 0xC6, 0x6E, 0xFE, 0x22, 0x86, 0xFE, 0x14, 0x89, 0xA4, 0x45,
    0xC3, 0xA6, 0xA8, 0xB0, 0xB6, 0xA1, 0x98, 0xC5, 0xFF, 0xFD, 0xB5, 0xB6,
    0xFF, 0x52, 0x08, 0x41, 0xFF, 0x00, 0x00, 0x00, 0xC8, 0xFF, 0x00, 0x00,
    0x00, 0xC7, 0xFF, 0x6F, 0x18, 0xA3, 0xFF, 0xFF, 0xD6, 0xBA, 0xAA, 0x33,
    0xC5, 0x9E, 0x78, 0x8E, 0x5B, 0x9D, 0x67, 0xC3, 0xFE, 0x1C, 0x09, 0xFE,
    0x21, 0xA5, 0x9A, 0xFD, 0xC8, 0x6E, 0xFE, 0xAD, 0x54, 0xFE, 0xFF, 0xFF,
    0xC1, 0xFE, 0x6B, 0x0C, 0xFE, 0x28, 0xE4, 0xC7, 0xFE, 0x73, 0x6D, 0xA3,
    0x66, 0x99, 0x38, 0xFE, 0x14, 0xEA, 0x6E, 0xC2, 0xA4, 0xA8, 0xB1, 0xC6,
    0xA2, 0x88, 0xC5, 0xFF, 0xED, 0x7B, 0xCF, 0xFF, 0x1B, 0x00, 0x00, 0xFF,
    0x00, 0x00, 0x00, 0xC7, 0xFF, 0x00, 0x00, 0x00, 0xC6, 0xFF, 0x22, 0x00,
    0x00, 0xFF, 0xF3, 0x94, 0x92, 0xFF, 0xFF, 0xFF, 0xFF, 0xC5, 0x9E, 0x78,
    0x8E, 0x4A, 0x9D, 0x78, 0xC2, 0x66, 0xFE, 0x22, 0xC7, 0xFE, 0x29, 0x04,
    0x66, 0xCA, 0xFE, 0x62, 0xEC, 0xFE, 0xF7, 0x9E, 0xA3, 0x66, 0x96, 0xED,
    0xFE, 0x39, 0x86, 0x9B, 0xBB, 0xC5, 0x6E, 0xFE, 0x94, 0x92, 0xFE, 0xFF,
    0xFF, 0x92, 0xFF, 0xFE, 0x28, 0xE4, 0xA6, 0x13, 0xFE, 0x14, 0x49, 0xA6,
    0x23, 0xC2, 0xA4, 0xA8, 0xB1, 0xC7, 0xA2, 0x87, 0xC4, 0x51, 0xFF, 0xAF,
    0x39, 0xA7, 0xFF, 0x01, 0x00, 0x00, 0xFF, 0x00, 0x00, 0x00, 0xC6, 0xFF,
    0x00, 0x00, 0x00, 0xC6, 0xFF, 0xB1, 0x42, 0x08, 0xFF, 0xFF, 0xF7, 0xDE,
    0x7F, 0xC4, 0x45, 0x8E, 0x5A, 0x9C, 0x68, 0xC2, 0x9D, 0xBB, 0xFE, 0x21,
    0xE5, 0xFE, 0x28, 0xE4, 0xCC, 0x6E, 0xA8, 0x44, 0xA6, 0x55, 0x96, 0xDD,
    0x9B, 0xBB, 0xC1, 0xFE, 0x73, 0x8E, 0xFE, 0xDE, 0xDB, 0x95, 0xED, 0x95,
    0xDE, 0x94, 0xFE, 0xFE, 0xB5, 0x75, 0xFE, 0xFF, 0xFF, 0xC0, 0x98, 0xCC,
    0xFE, 0x28, 0xE4, 0xC0, 0xA2, 0x66, 0xFE, 0x1B, 0xA8, 0xFE, 0x15, 0x0A,
    0xC2, 0xA5, 0xA8, 0xB1, 0xC6, 0x7F, 0xC4, 0xFE, 0xB5, 0xB6, 0xFF, 0x4C,
    0x00, 0x20, 0xFF, 0x00, 0x00, 0x00, 0xC6, 0xFF, 0x00, 0x00, 0x00, 0xC5,
    0xFF, 0x44, 0x00, 0x20, 0xFF, 0xFE, 0xBD, 0xD7, 0xFF, 0xFF, 0xFF, 0xFF,
    0xC5, 0x90, 0x4A, 0x99, 0x68, 0xC2, 0x9B, 0xDC, 0xFE, 0x21, 0x64, 0x9C,
    0xDC, 0xD4, 0xA8, 0x33, 0xFE, 0xFF, 0xDF, 0x6E, 0xC4, 0x9D, 0xAA, 0xFE,
    0x29, 0x04, 0x66, 0xC1, 0xFE, 0x1B, 0x27, 0xFE, 0x15, 0x0A, 0xC2, 0xA8,
    0xB8, 0xAF, 0xB6, 0xC5, 0xFF, 0xD7, 0x5A, 0xCB, 0xFF, 0x06, 0x00, 0x00,
    0xFF, 0x00, 0x00, 0x00, 0xC5, 0xFF, 0x00, 0x00, 0x00, 0xC4, 0xFF, 0x01,
    0x00, 0x00, 0xFF, 0xC8, 0x5A, 0xCB, 0xFF, 0xFF, 0xFF, 0xFF, 0xC5, 0x96,
    0x59, 0x93, 0x59, 0xC2, 0x9B, 0xDC, 0xFE, 0x21, 0x64, 0x9C, 0xDC, 0xD6,
    0xFE, 0xAD, 0x55, 0xFE, 0xFF, 0xFF, 0xC5, 0xFE, 0x8C, 0x30, 0xFE, 0x31,
    0x25, 0x51, 0xC1, 0xFE, 0x1B, 0x07, 0xFE, 0x15, 0x0A, 0xC2, 0xAE, 0xC7,
    0xA9, 0xA7, 0xC4, 0x94, 0xEE, 0xFF, 0x63, 0x08, 0x41, 0xFF, 0x00, 0x00,
    0x00, 0xC5, 0xFF, 0x00, 0x00, 0x00, 0xC4, 0xFF, 0x46, 0x00, 0x00, 0xFF,
    0xFF, 0xC6, 0x18, 0xAF, 0x00, 0xC4, 0x9C, 0x78, 0x8E, 0x3A, 0x55, 0xC1,
    0x9D, 0xBB, 0xFE, 0x21, 0x84, 0x9B, 0xED, 0xD7, 0xA8, 0x43, 0xFE, 0xF7,
    0xDE, 0x7F, 0xC5, 0x9A, 0xBB, 0xFE, 0x83, 0xEF, 0xFE, 0x29, 0x24, 0x62,
    0xC0, 0xFE, 0x1B, 0x68, 0xFE, 0x15, 0x0A, 0xC1, 0xA1, 0x98, 0xB3, 0xC6,
    0xA3, 0x98, 0xC4, 0xFF, 0xDC, 0x5A, 0xCB, 0xFF, 0x03, 0x00, 0x00, 0xFF,
    0x00, 0x00, 0x00, 0xC4, 0xFF, 0x00, 0x00, 0x00, 0xC4, 0xFF, 0xB9, 0x4A,
    0x69, 0xFF, 0xFF, 0xFF, 0xFF, 0xC5, 0x8E, 0x4A, 0x9B, 0x68, 0xC1, 0x66,
    0xFE, 0x21, 0xE5, 0xFE, 0x28, 0xE4, 0xD8, 0xAA, 0x22, 0xFE, 0xF7, 0xDE,
    0x7F, 0xC7, 0xFE, 0x9C, 0xB2, 0xFE, 0x28, 0xE4, 0xC0, 0x6E, 0xFE, 0x1C,
    0x29, 0xA7, 0x02, 0xC1, 0xA7, 0x97, 0xB0, 0xD7, 0xC4, 0xFE, 0xBD, 0xF7,
    0xFF, 0x51, 0x00, 0x00, 0xFF, 0x00, 0x00, 0x00, 0xC4, 0xFF, 0x00, 0x00,
    0x00, 0xC3, 0xFF, 0x26, 0x00, 0x00, 0xFF, 0xFC, 0xA5, 0x34, 0xFF, 0xFF,
    0xFF, 0xFF, 0xC4, 0x98, 0x69, 0x91, 0x49, 0xC2, 0xFE, 0x1A, 0xE7, 0xFE,
    0x28, 0xE4, 0xD8, 0x6E, 0xFE, 0xCE, 0x59, 0xAD, 0x11, 0xC5, 0x66, 0xFE,
    0xC5, 0xF7, 0xFE, 0x6B, 0x2C, 0xFE, 0x29, 0x04, 0x66, 0xC1, 0xA4, 0x34,
    0xFE, 0x14, 0xCA, 0xA2, 0x66, 0xC1, 0xB0, 0xD7, 0xA7, 0x97, 0xC4, 0xFF,
    0xB8, 0x39, 0xA7, 0xFF, 0x00, 0x00, 0x00, 0xC4, 0xFF, 0x00, 0x00, 0x00,
    0xC3, 0xFF, 0x84, 0x21, 0x04, 0xFF, 0xFF, 0xF7, 0x9E, 0xA3, 0x66, 0xC4,
    0x8C, 0x3A, 0x9D, 0x78, 0xC1, 0x9A, 0xED, 0xFE, 0x29, 0x04, 0x66, 0xD8,
    0xFE, 0x83, 0xCF, 0xFE, 0xFF, 0xFF, 0xC5, 0x97, 0xDD, 0xFE, 0x41, 0xE7,
    0x98, 0xDD, 0xC5, 0xFE, 0x22, 0xA6, 0xFE, 0x15, 0x0A, 0xC1, 0xA4, 0xA8,
    0xB3, 0xC6, 0xC4, 0xFF, 0xFA, 0x84, 0x30, 0xFF, 0x1C, 0x00, 0x00, 0xFF,
    0x00, 0x00, 0x00, 0xC3, 0xFF, 0x00, 0x00, 0x00, 0xC2, 0xFF, 0x02, 0x00,
    0x00, 0xFF, 0xDB, 0x73, 0x8E, 0xFF, 0xFF, 0xFF, 0xFF, 0xC4, 0x98, 0x69,
    0x91, 0x49, 0xC2, 0xFE, 0x22, 0x05, 0xFE, 0x28, 0xE4, 0xD9, 0xFE, 0xB5,
    0x96, 0xA8, 0x44, 0x9A, 0xBB, 0x9A, 0xBB, 0xC0, 0xFE, 0xFF, 0xFF, 0xC1,
    0xFE, 0xA5, 0x14, 0xFE, 0x28, 0xE4, 0xC6, 0x6E, 0xFE, 0x14, 0x49, 0xA6,
    0x23, 0xC1, 0xB1, 0xC6, 0xA6, 0xA8, 0xC3, 0x96, 0xDD, 0xFF, 0x6F, 0x00,
    0x20, 0xFF, 0x00, 0x00, 0x00, 0xC3, 0xFF, 0x00, 0x00, 0x00, 0xC2, 0xFF,
    0x2E, 0x00, 0x00, 0xFF, 0xFE, 0xB5, 0x96, 0xFF, 0xFF, 0xFF, 0xFF, 0xC4,
    0x8E, 0x4A, 0x9B, 0x68, 0xC1, 0xFE, 0x1B, 0xE9, 0xFE, 0x28, 0xE4, 0xDF,
    0xFE, 0x8C, 0x10, 0xFE, 0xFF, 0xFF, 0xC0, 0xFE, 0x7B, 0x8E, 0xFE, 0x28,
    0xE4, 0xC7, 0xFE, 0x22, 0x26, 0xFE, 0x15, 0x0A, 0xC1, 0xA7, 0xA7, 0xB0,
    0xC7, 0xC4, 0xFF, 0xBF, 0x31, 0x86, 0xFF, 0x00, 0x00, 0x00, 0xC3, 0xFF,
    0x00, 0x00, 0x00, 0xC2, 0xFF, 0x75, 0x10, 0xA2, 0xFF, 0xFF, 0xEF, 0x9D,
    0xA3, 0x77, 0xC3, 0x9C, 0x79, 0x8D, 0x39, 0xC2, 0xFE, 0x22, 0x05, 0xFE,
    0x28, 0xE4, 0xE0, 0xFE, 0x94, 0x71, 0xFE, 0xFF, 0xFF, 0xFE, 0x4A, 0x08,
    0x97, 0xDD, 0xC8, 0xFE, 0x14, 0x49, 0xA6, 0x23, 0xC0, 0x7B, 0xB5, 0xC5,
    0xA2, 0x98, 0xC3, 0xFF, 0xF8, 0x6B, 0x6D, 0xFF, 0x10, 0x00, 0x00, 0xFF,
    0x00, 0x00, 0x00, 0xC2, 0xFF, 0x00, 0x00, 0x00, 0xC2, 0xFF, 0xB5, 0x52,
    0xAA, 0xFF, 0xFF, 0xFF, 0xFF, 0xC4, 0x95, 0x59, 0x94, 0x59, 0xC1, 0x9B,
    0xDC, 0xFE, 0x28, 0xE4, 0xE2, 0xAB, 0x22, 0x95, 0xEE, 0xC9, 0xFE, 0x22,
    0xA6, 0xFE, 0x15, 0x0A, 0xC1, 0xAD, 0xC7, 0xAA, 0xA7, 0xC3, 0xFE, 0xAD,
    0x55, 0xFF, 0x4B, 0x00, 0x00, 0xFF, 0x00, 0x00, 0x00, 0xC2, 0xFF, 0x00,
    0x00, 0x00, 0xC1, 0xFF, 0x01, 0x00, 0x00, 0xFF, 0xED, 0x7B, 0xEF, 0xFF,
    0xFF, 0xFF, 0xFF, 0xC4, 0x8E, 0x3A, 0x9B, 0x78, 0xC1, 0xFE, 0x1B, 0x07,
    0xFE, 0x28, 0xE4, 0xEE, 0xA3, 0x45, 0xFE, 0x14, 0xEA, 0x6E, 0xC0, 0xA6,
    0xA8, 0xB1, 0xC6, 0xC3, 0x9A, 0xBB, 0xFF, 0x84, 0x08, 0x21, 0xFF, 0x00,
    0x00, 0x00, 0xC2, 0xFF, 0x00, 0x00, 0x00, 0xC1, 0xFF, 0x1F, 0x00, 0x00,
    0xFF, 0xFF, 0xA5, 0x34, 0xFE, 0xFF, 0xFF, 0xC3, 0x45, 0x8B, 0x3A, 0x55,
    0xC1, 0xFE, 0x21, 0xC5, 0xFE, 0x28, 0xE4, 0xEF, 0xFE, 0x1C, 0x29, 0xA7,
    0x02, 0xC0, 0xA1, 0x99, 0xB5, 0xD5, 0x7F, 0xC3, 0xFF, 0xB7, 0x31, 0xA6,
    0xFF, 0x00, 0x00, 0x00, 0xC2, 0xFF, 0x00, 0x00, 0x00, 0xC1, 0xFF, 0x49,
    0x00, 0x00, 0xFF, 0xFF, 0xCE, 0x99, 0xAB, 0x33, 0xC3, 0x9A, 0x79, 0x8F,
    0x39, 0xC1, 0x62, 0xFE, 0x29, 0x04, 0x66, 0xEF, 0xFE, 0x1B, 0x07, 0xFE,
    0x15, 0x0A, 0xC1, 0xB3, 0xD6, 0xA4, 0x98, 0xC3, 0xFF, 0xE1, 0x63, 0x0C,
    0xFF, 0x00, 0x00, 0x00, 0xC2, 0xFF, 0x00, 0x00, 0x00, 0xC1, 0xFF, 0x6C,
    0x00, 0x00, 0xFF, 0xFF, 0xF7, 0x9E, 0xA3, 0x66, 0xC3, 0x96, 0x59, 0x93,
    0x59, 0xC1, 0xFE, 0x1C, 0x09, 0xFE, 0x28, 0xE4, 0xF0, 0xFE, 0x22, 0x46,
    0xFE, 0x15, 0x0A, 0xC1, 0xAF, 0xC7, 0xA8, 0xA7, 0xC3, 0xFF, 0xFD, 0x84,
    0x10, 0xFF, 0x05, 0x00, 0x00, 0xFF, 0x00, 0x00, 0x00, 0xC1, 0xFF, 0x00,
    0x00, 0x00, 0xC1, 0xFF, 0x87, 0x21, 0x04, 0xFF, 0xFF, 0xFF, 0xFF, 0xC4,
    0x93, 0x49, 0x96, 0x69, 0xC1, 0xFE, 0x1B, 0x68, 0xFE, 0x28, 0xE4, 0xF0,
    0xA6, 0x13, 0xFE, 0x15, 0x0A, 0xC1, 0xAB, 0xC8, 0xAC, 0xA6, 0xC3, 0xFE,
    0x9D, 0x13, 0xFF, 0x20, 0x00, 0x00, 0xFF, 0x00, 0x00, 0x00, 0xC1, 0xFF,
    0x00, 0x00, 0x00, 0xC1, 0xFF, 0x9B, 0x41, 0xE8, 0xFF, 0xFF, 0xFF, 0xFF,
    0xC4, 0x90, 0x5A, 0x99, 0x58, 0xC1, 0xFE, 0x1A, 0xE7, 0xFE, 0x28, 0xE4,
    0xF0, 0xA2, 0x56, 0xFE, 0x15, 0x0A, 0xC1, 0xA9, 0xA8, 0xAE, 0xC6, 0xC3,
    0xFE, 0xB5, 0xB6, 0xFF, 0x33, 0x00, 0x00, 0xFF, 0x00, 0x00, 0x00, 0xC1,
    0xFF, 0x00, 0x00, 0x00, 0xC1, 0xFF, 0xA8, 0x4A, 0x69, 0xFF, 0xFF, 0xFF,
    0xFF, 0xC4, 0x8F, 0x4A, 0x9A, 0x68, 0xC1, 0xFE, 0x22, 0xA6, 0xFE, 0x28,
    0xE4, 0xF0, 0x6E, 0xFE, 0x14, 0xEA, 0x6E, 0xC0, 0xA7, 0xB8, 0xB0, 0xB6,
    0xC3, 0xFE, 0xC6, 0x18, 0xFF, 0x42, 0x00, 0x00, 0xFF, 0x00, 0x00, 0x00,
    0xC1, 0xFF, 0x00, 0x00, 0x00, 0xC1, 0xFF, 0xAF, 0x52, 0xAA, 0xFF, 0xFF,
    0xFF, 0xFF, 0xC4, 0x8E, 0x4A, 0x9B, 0x68, 0xC1, 0xFE, 0x22, 0x86, 0xFE,
    0x28, 0xE4, 0xF0, 0x6E, 0xFE, 0x14, 0xCA, 0xA2, 0x66, 0xC0, 0xA7, 0xA8,
    0xB0, 0xC6, 0xC3, 0x93, 0xFF, 0xFF, 0x41, 0x00, 0x00, 0xFF, 0x00, 0x00,
    0x00, 0xC1, 0xFF, 0x00, 0x00, 0x00, 0xC1, 0xFF, 0xAE, 0x52, 0xAA, 0xFF,
    0xFF, 0xFF, 0xFF, 0xC4, 0x8F, 0x39, 0x9A, 0x79, 0xC1, 0xFE, 0x22, 0x86,
    0xFE, 0x28, 0xE4, 0xF0, 0x6E, 0xFE, 0x14, 0xCA, 0xA2, 0x66, 0xC0, 0xA7,
    0xA8, 0xB0, 0xC6, 0xC3, 0x93, 0xFF, 0xFF, 0x40, 0x00, 0x00, 0xFF, 0x00,
    0x00, 0x00, 0xC1, 0xFF, 0x00, 0x00, 0x00, 0xC1, 0xFF, 0xA7, 0x4A, 0x69,
    0xFF, 0xFF, 0xFF, 0xFF, 0xC4, 0x90, 0x39, 0x99, 0x79, 0xC1, 0xFE, 0x22,
    0xA7, 0xFE, 0x28, 0xE4, 0xF0, 0x6E, 0xFE, 0x14, 0xEA, 0x6E, 0xC0, 0xA8,
    0xA8, 0xAF, 0xC6, 0xC3, 0xFE, 0xC6, 0x18, 0xFF, 0x39, 0x00, 0x00, 0xFF,
    0x00, 0x00, 0x00, 0xC1, 0xFF, 0x00, 0x00, 0x00, 0xC1, 0xFF, 0x99, 0x39,
    0xC7, 0xFF, 0xFF, 0xFF, 0xFF, 0xC4, 0x91, 0x5A, 0x98, 0x58, 0xC1, 0xFE,
    0x22, 0xE7, 0xFE, 0x28, 0xE4, 0xF0, 0xA2, 0x66, 0xFE, 0x14, 0xEA, 0x6E,
    0xC0, 0xAA, 0xB7, 0xAD, 0xB7, 0xC3, 0xFE, 0xB5, 0x96, 0xFF, 0x2B, 0x00,
    0x00, 0xFF, 0x00, 0x00, 0x00, 0xC1, 0xFF, 0x00, 0x00, 0x00, 0xC1, 0xFF,
    0x83, 0x18, 0xC3, 0xFF, 0xFF, 0xFF, 0xFF, 0xC4, 0x94, 0x59, 0x95, 0x59,
    0xC1, 0xFE, 0x23, 0x48, 0xFE, 0x28, 0xE4, 0xF0, 0xA5, 0x34, 0xFE, 0x15,
    0x0A, 0xC1, 0xAD, 0xB7, 0xAA, 0xB7, 0xC3, 0xFE, 0x9C, 0xF3, 0xFF, 0x15,
    0x00, 0x00, 0xFF, 0x00, 0x00, 0x00, 0xC1, 0xFF, 0x00, 0x00, 0x00, 0xC1,
    0xFF, 0x67, 0x00, 0x00, 0xFF, 0xFF, 0xEF, 0x7D, 0xA4, 0x66, 0xC3, 0x98,
    0x58, 0x91, 0x5A, 0xC1, 0xFE, 0x1B, 0xC9, 0xFE, 0x28, 0xE4, 0xF0, 0xFE,
    0x2A, 0x06, 0xFE, 0x15, 0x0A, 0xC1, 0xB0, 0xC7, 0xA7, 0xA7, 0xC3, 0xFF,
    0xF7, 0x84, 0x30, 0xFF, 0x01, 0x00, 0x00, 0xFF, 0x00, 0x00, 0x00, 0xC1,
    0xFF, 0x00, 0x00, 0x00, 0xC1, 0xFF, 0x44, 0x00, 0x00, 0xFF, 0xFF, 0xCE,
    0x59, 0xAD, 0x11, 0xC3, 0x9C, 0x78, 0x8D, 0x3A, 0xC1, 0x9B, 0xED, 0xFE,
    0x29, 0x04, 0x66, 0xEF, 0xFE, 0x22, 0xC7, 0xFE, 0x15, 0x0A, 0xC1, 0xB5,
    0xD6, 0xA2, 0x98, 0xC3, 0xFF, 0xD5, 0x73, 0x8E, 0xFF, 0x00, 0x00, 0x00,
    0xC2, 0xFF, 0x00, 0x00, 0x00, 0xC1, 0xFF, 0x19, 0x00, 0x00, 0xFF, 0xFF,
    0x9D, 0x13, 0xFE, 0xFF, 0xFF, 0xC4, 0x8B, 0x2A, 0x40, 0xC0, 0x66, 0xFE,
    0x29, 0x85, 0x9B, 0xDC, 0xEE, 0x6E, 0xFE, 0x23, 0xC9, 0xFE, 0x15, 0x0A,
    0xC0, 0xA3, 0x98, 0xB4, 0xD6, 0xC4, 0xFF, 0xAA, 0x4A, 0x69, 0xFF, 0x00,
    0x00, 0x00, 0xC2, 0xFF, 0x00, 0x00, 0x00, 0xC2, 0xFF, 0xE6, 0x7B, 0xCF,
    0xFF, 0xFF, 0xFF, 0xFF, 0xC4, 0x90, 0x5A, 0x99, 0x58, 0xC1, 0xFE, 0x2A,
    0xA7, 0xFE, 0x28, 0xE4, 0xEE, 0xA3, 0x66, 0xFE, 0x14, 0xAA, 0xA3, 0x55,
    0xC0, 0xA9, 0xA8, 0xAE, 0xC6, 0xC3, 0x51, 0xFF, 0x78, 0x18, 0xA3, 0xFF,
    0x00, 0x00, 0x00, 0xC2, 0xFF, 0x00, 0x00, 0x00, 0xC2, 0xFF, 0xAD, 0x4A,
    0x69, 0xFF, 0xFF, 0xFF, 0xFF, 0xC4, 0x98, 0x69, 0x91, 0x49, 0xC1, 0xFE,
    0x1B, 0xC9, 0xFE, 0x29, 0x04, 0x66, 0xED, 0xFE, 0x2A, 0x46, 0xFE, 0x15,
    0x0A, 0xC1, 0xB0, 0xC7, 0xA7, 0xA7, 0xC3, 0xFE, 0xC6, 0x18, 0xFF, 0x3E,
    0x00, 0x00, 0xFF, 0x00, 0x00, 0x00, 0xC2, 0xFF, 0x00, 0x00, 0x00, 0xC2,
    0xFF, 0x6B, 0x08, 0x61, 0xFF, 0xFF, 0xEF, 0x5D, 0xA5, 0x55, 0xC3, 0x45,
    0x8B, 0x4A, 0x45, 0xC0, 0x66, 0xFE, 0x31, 0xA5, 0x9A, 0xDD, 0xEC, 0xA2,
    0x66, 0xFE, 0x23, 0xA9, 0xFE, 0x15, 0x0A, 0xC0, 0xA2, 0x98, 0xB4, 0xD6,
    0x7F, 0xC3, 0xFF, 0xF2, 0x8C, 0x51, 0xFF, 0x0A, 0x00, 0x00, 0xFF, 0x00,
    0x00, 0x00, 0xC2, 0xFF, 0x00, 0x00, 0x00, 0xC2, 0xFF, 0x24, 0x00, 0x00,
    0xFF, 0xFD, 0xA5, 0x34, 0xFF, 0xFF, 0xFF, 0xFF, 0xC4, 0x92, 0x49, 0x97,
    0x69, 0xC1, 0xFE, 0x23, 0x28, 0xFE, 0x29, 0x24, 0x62, 0xEB, 0xA6, 0x34,
    0xFE, 0x14, 0xEA, 0x6E, 0xC0, 0xAB, 0xA7, 0xAC, 0xC7, 0xC4, 0xFF, 0xB3,
    0x52, 0x8A, 0xFF, 0x00, 0x00, 0x00, 0xC3, 0xFF, 0x00, 0x00, 0x00, 0xC3,
    0xFF, 0xD0, 0x6B, 0x2D, 0xFF, 0xFF, 0xFF, 0xFF, 0xC4, 0x9C, 0x78, 0x8D,
    0x3A, 0xC1, 0x9D, 0xBB, 0xFE, 0x31, 0x85, 0x9B, 0xCC, 0xEA, 0xA2, 0x76,
    0xFE, 0x23, 0x68, 0xFE, 0x15, 0x0A, 0xC0, 0x7B, 0xB4, 0xD6, 0xA3, 0x87,
    0xC3, 0x99, 0xBB, 0xFF, 0x62, 0x08, 0x41, 0xFF, 0x00, 0x00, 0x00, 0xC3,
    0xFF, 0x00, 0x00, 0x00, 0xC3, 0xFF, 0x76, 0x18, 0xA3, 0xFF, 0xFF, 0xEF,
    0x7D, 0xA4, 0x66, 0xC4, 0x91, 0x49, 0x98, 0x69, 0xC1, 0xFE, 0x23, 0x48,
    0xFE, 0x31, 0x45, 0x9D, 0xAA, 0xE8, 0x6E, 0xA7, 0x23, 0xFE, 0x14, 0xEA,
    0x6E, 0xC0, 0xA9, 0xB8, 0xAE, 0xB6, 0xC4, 0xFF, 0xF5, 0x8C, 0x71, 0xFF,
    0x12, 0x00, 0x00, 0xFF, 0x00, 0x00, 0x00, 0xC3, 0xFF, 0x00, 0x00, 0x00,
    0xC3, 0xFF, 0x1B, 0x00, 0x00, 0xFF, 0xF9, 0x94, 0xD2, 0xFF, 0xFF, 0xFF,
    0xFF, 0xC4, 0x9D, 0x78, 0x8D, 0x3A, 0x55, 0xC0, 0x66, 0xFE, 0x32, 0x06,
    0x99, 0xED, 0x62, 0xE7, 0xA4, 0x55, 0xFE, 0x1C, 0x09, 0xFE, 0x15, 0x0A,
    0xC0, 0xA1, 0x98, 0xB4, 0xC6, 0xA2, 0x98, 0xC4, 0xFF, 0xA5, 0x39, 0xE7,
    0xFF, 0x00, 0x00, 0x00, 0xC4, 0xFF, 0x00, 0x00, 0x00, 0xC4, 0xFF, 0xA9,
    0x41, 0xE8, 0xFF, 0xFF, 0xFF, 0xFF, 0xC5, 0x94, 0x59, 0x95, 0x59, 0xC1,
    0x9A, 0xFD, 0xFE, 0x31, 0x85, 0x9C, 0xBB, 0x66, 0xE5, 0xA3, 0x66, 0xFE,
    0x2A, 0xE8, 0xFE, 0x15, 0x0A, 0xC1, 0xAC, 0xC8, 0xAB, 0xA6, 0xC4, 0xFE,
    0xB5, 0xD6, 0xFF, 0x3B, 0x00, 0x00, 0xFF, 0x00, 0x00, 0x00, 0xC4, 0xFF,
    0x00, 0x00, 0x00, 0xC4, 0xFF, 0x35, 0x00, 0x00, 0xFF, 0xFE, 0xB5, 0x96,
    0xFF, 0xFF, 0xFF, 0xFF, 0xC4, 0x55, 0x8E, 0x3A, 0x9C, 0x78, 0xC1, 0xFE,
    0x23, 0xA8, 0xFE, 0x31, 0x65, 0x9D, 0xAA, 0x66, 0xE3, 0xA3, 0x66, 0xA7,
    0x02, 0xFE, 0x14, 0xEA, 0x6E, 0xC0, 0xA5, 0x98, 0xB2, 0xD6, 0xC5, 0xFF,
    0xC6, 0x5A, 0xAB, 0xFF, 0x00, 0x00, 0x00, 0xC5, 0xFF, 0x00, 0x00, 0x00,
    0xC5, 0xFF, 0xB7, 0x4A, 0x49, 0xFF, 0xFF, 0xFF, 0xDF, 0x6E, 0xC4, 0x9C,
    0x78, 0x8E, 0x3A, 0x55, 0xC1, 0xFE, 0x23, 0x28, 0xFE, 0x31, 0x65, 0x9D,
    0xAA, 0x66, 0xE1, 0xA3, 0x66, 0xA5, 0x34, 0xFE, 0x14, 0xAA, 0xA3, 0x55,
    0xC0, 0xA1, 0x99, 0xB3, 0xC5, 0xA3, 0x98, 0xC4, 0xFF, 0xFE, 0xC6, 0x18,
    0xFF, 0x49, 0x00, 0x20, 0xFF, 0x00, 0x00, 0x00, 0xC5, 0xFF, 0x00, 0x00,
    0x00, 0xC5, 0xFF, 0x33, 0x00, 0x00, 0xFF, 0xFC, 0xAD, 0x55, 0xFF, 0xFF,
    0xFF, 0xFF, 0xC5, 0x97, 0x69, 0x92, 0x49, 0xC2, 0xFE, 0x23, 0x08, 0xFE,
    0x31, 0x65, 0x51, 0x62, 0xDE, 0x6E, 0xA2, 0x77, 0xA5, 0x34, 0xFE, 0x1C,
    0x8A, 0xA4, 0x34, 0xC0, 0x6B, 0xB0, 0xC6, 0xA7, 0xA7, 0xC5, 0xFF, 0xBF,
    0x52, 0x8A, 0xFF, 0x01, 0x00, 0x00, 0xFF, 0x00, 0x00, 0x00, 0xC5, 0xFF,
    0x00, 0x00, 0x00, 0xC6, 0xFF, 0x9C, 0x31, 0x86, 0xFF, 0xFF, 0xF7, 0x9E,
    0xA3, 0x66, 0xC5, 0x94, 0x6A, 0x95, 0x48, 0xC2, 0xFE, 0x23, 0x48, 0xFE,
    0x31, 0x65, 0x62, 0x51, 0xDC, 0x6E, 0xA3, 0x66, 0xA6, 0x23, 0xFE, 0x14,
    0xAA, 0xA3, 0x55, 0xC1, 0xAD, 0xB7, 0xAA, 0xB7, 0xC5, 0xFF, 0xFB, 0xA5,
    0x34, 0xFF, 0x32, 0x00, 0x00, 0xFF, 0x00, 0x00, 0x00, 0xC6, 0xFF, 0x00,
    0x00, 0x00, 0xC6, 0xFF, 0x16, 0x00, 0x00, 0xFF, 0xE9, 0x7B, 0xEF, 0xFF,
    0xFF, 0xFF, 0xFF, 0xC6, 0x93, 0x5A, 0x96, 0x58, 0xC2, 0xFE, 0x1B, 0xC9,
    0xFE, 0x31, 0xA6, 0x9D, 0xBA, 0x51, 0x66, 0xD8, 0x6E, 0xA2, 0x77, 0x6E,
    0xFE, 0x2A, 0xA7, 0xFE, 0x14, 0xEA, 0x6E, 0xC1, 0xAC, 0xB7, 0xAB, 0xB7,
    0xC5, 0x9B, 0xBB, 0xFF, 0x91, 0x29, 0x45, 0xFF, 0x00, 0x00, 0x00, 0xC7,
    0xFF, 0x00, 0x00, 0x00, 0xC7, 0xFF, 0x57, 0x08, 0x41, 0xFF, 0xFF, 0xC6,
    0x18, 0xAF, 0x00, 0xC6, 0x94, 0x59, 0x95, 0x59, 0xC2, 0x9C, 0xDC, 0xFE,
    0x2A, 0x67, 0xFE, 0x31, 0x65, 0x66, 0x51, 0x66, 0xD4, 0x6E, 0x7E, 0xA2,
    0x67, 0xA2, 0x67, 0xFE, 0x23, 0xA9, 0xFE, 0x15, 0x0A, 0xC2, 0xAD, 0xB7,
    0xAA, 0xB7, 0xC6, 0xFF, 0xDC, 0x6B, 0x2D, 0xFF, 0x0C, 0x00, 0x00, 0xFF,
    0x00, 0x00, 0x00, 0xC7, 0xFF, 0x00, 0x00, 0x00, 0xC8, 0xFF, 0xA0, 0x31,
    0xA6, 0xFF, 0xFF, 0xEF, 0x5D, 0xA5, 0x55, 0xC6, 0x97, 0x69, 0x93, 0x49,
    0x55, 0xC2, 0xFE, 0x23, 0xC9, 0xFE, 0x31, 0xE6, 0x9C, 0xCB, 0x66, 0x55,
    0x62, 0xD0, 0x6E, 0xA2, 0x77, 0x6E, 0x6E, 0xFE, 0x2A, 0xC7, 0xFE, 0x14,
    0xAA, 0xA3, 0x55, 0xC1, 0x7F, 0xAE, 0xC7, 0xA8, 0xA7, 0xC6, 0xFF, 0xF9,
    0xA5, 0x14, 0xFF, 0x38, 0x00, 0x00, 0xFF, 0x00, 0x00, 0x00, 0xC8, 0xFF,
    0x00, 0x00, 0x00, 0xC8, 0xFF, 0x0C, 0x00, 0x00, 0xFF, 0xD1, 0x5A, 0xCB,
    0xFF, 0xFF, 0xFF, 0xDF, 0x6E, 0xC6, 0x9B, 0x79, 0x91, 0x49, 0x9D, 0x78,
    0xC2, 0x66, 0xFE, 0x23, 0x88, 0xFE, 0x31, 0xE6, 0x9C, 0xCB, 0xC0, 0x66,
    0x65, 0x56, 0x66, 0xC8, 0x6E, 0x6E, 0x7F, 0x6E, 0xC0, 0x6F, 0xFE, 0x2A,
    0xC7, 0xFE, 0x1C, 0x8A, 0xA4, 0x34, 0xC2, 0xA4, 0x98, 0xAF, 0xC6, 0xA4,
    0x98, 0xC6, 0x93, 0xFF, 0xFF, 0x6F, 0x18, 0xC3, 0xFF, 0x00, 0x00, 0x00,
    0xC9, 0xFF, 0x00, 0x00, 0x00, 0xC9, 0xFF, 0x23, 0x00, 0x00, 0xFF, 0xE9,
    0x7B, 0xCF, 0xFF, 0xFF, 0xFF, 0xFF, 0xC7, 0x45, 0x94, 0x59, 0x96, 0x6A,
    0x69, 0xC3, 0xFE, 0x1C, 0x09, 0xFE, 0x2A, 0xC7, 0xFE, 0x31, 0xA6, 0x61,
    0xC2, 0x66, 0xC5, 0x6E, 0xC2, 0xA7, 0x03, 0xFE, 0x23, 0x88, 0xFE, 0x14,
    0xCA, 0xA2, 0x66, 0xC2, 0x7B, 0xAB, 0x96, 0xAB, 0xC7, 0x7F, 0xC6, 0x99,
    0xCC, 0xFF, 0x9D, 0x31, 0x86, 0xFF, 0x01, 0x00, 0x00, 0xFF, 0x00, 0x00,
    0x00, 0xC9, 0xFF, 0x00, 0x00, 0x00, 0xCA, 0xFF, 0x37, 0x00, 0x00, 0xFF,
    0xF3, 0x94, 0x92, 0xFF, 0xFF, 0xFF, 0xFF, 0xC8, 0x9B, 0x79, 0x94, 0x49,
    0x9A, 0x78, 0xC5, 0x9A, 0xFD, 0x9A, 0xFD, 0x9A, 0xFD, 0x9C, 0xCC, 0x9D,
    0xCA, 0x62, 0x66, 0x69, 0x6B, 0xA2, 0x66, 0xA2, 0x66, 0xA4, 0x35, 0xA5,
    0x24, 0xA6, 0x13, 0xA7, 0x02, 0xA2, 0x66, 0xC4, 0xA6, 0xA8, 0xAD, 0xB6,
    0xA4, 0x98, 0xC7, 0x9B, 0xBB, 0xFF, 0xB7, 0x42, 0x08, 0xFF, 0x05, 0x00,
    0x00, 0xFF, 0x00, 0x00, 0x00, 0xCA, 0xFF, 0x00, 0x00, 0x00, 0xCB, 0xFF,
    0x44, 0x08, 0x21, 0xFF, 0xF4, 0x94, 0xB2, 0xFF, 0xFF, 0xFF, 0xFF, 0xC9,
    0x9A, 0x69, 0x95, 0x69, 0x9A, 0x69, 0x69, 0xC7, 0x66, 0xC2, 0x6E, 0xC7,
    0x6B, 0xA7, 0xA7, 0xAB, 0xA6, 0xA5, 0xA8, 0xC8, 0x9B, 0xBB, 0xFF, 0xBE,
    0x4A, 0x49, 0xFF, 0x0C, 0x00, 0x00, 0xFF, 0x00, 0x00, 0x00, 0xCB, 0xFF,
    0x00, 0x00, 0x00, 0xCC, 0xFF, 0x42, 0x08, 0x21, 0xFF, 0xF1, 0x8C, 0x51,
    0xFF, 0xFF, 0xFF, 0xFF, 0xCA, 0x9C, 0x79, 0x98, 0x58, 0x98, 0x79, 0x9D,
    0x78, 0xD0, 0xA3, 0x98, 0xA8, 0xA7, 0xA9, 0xA7, 0xA3, 0x98, 0xC9, 0x9A,
    0xBB, 0xFF, 0xB9, 0x42, 0x08, 0xFF, 0x0C, 0x00, 0x00, 0xFF, 0x00, 0x00,
    0x00, 0xCC, 0xFF, 0x00, 0x00, 0x00, 0xCD, 0xFF, 0x32, 0x00, 0x00, 0xFF,
    0xE4, 0x73, 0x8E, 0xFF, 0xFF, 0xF7, 0xBE, 0xA2, 0x77, 0xCB, 0x9C, 0x78,
    0x9A, 0x69, 0x9A, 0x79, 0x9C, 0x78, 0x9D, 0x79, 0x69, 0xC6, 0x7B, 0xA3,
    0x87, 0xA5, 0x97, 0xA5, 0xA8, 0xA6, 0x98, 0xA4, 0x97, 0xCB, 0x95, 0xDD,
    0xFF, 0xA2, 0x31, 0x86, 0xFF, 0x06, 0x00, 0x00, 0xFF, 0x00, 0x00, 0x00,
    0xCD, 0xFF, 0x00, 0x00, 0x00, 0xCE, 0xFF, 0x1C, 0x00, 0x00, 0xFF, 0xC6,
    0x52, 0x8A, 0xFF, 0xFF, 0xE7, 0x1C, 0xA7, 0x44, 0xCE, 0x55, 0x9D, 0x79,
    0x40, 0x44, 0x56, 0xC0, 0x7E, 0xA1, 0x99, 0xA3, 0x87, 0xA2, 0x98, 0x7F,
    0xCE, 0xFF, 0xFA, 0xAD, 0x55, 0xFF, 0x77, 0x18, 0xE3, 0xFF, 0x02, 0x00,
    0x00, 0xFF, 0x00, 0x00, 0x00, 0xCE, 0xFF, 0x00, 0x00, 0x00, 0xCF, 0xFF,
    0x07, 0x00, 0x00, 0xFF, 0x8C, 0x29, 0x45, 0xFF, 0xFD, 0xAD, 0x75, 0xFF,
    0xFF, 0xFF, 0xFF, 0xE5, 0x9D, 0x99, 0xFF, 0xE2, 0x73, 0x8E, 0xFF, 0x40,
    0x00, 0x20, 0xFF, 0x00, 0x00, 0x00, 0xD0, 0xFF, 0x00, 0x00, 0x00, 0xD1,
    0xFF, 0x41, 0x00, 0x00, 0xFF, 0xDA, 0x6B, 0x2D, 0xFF, 0xFF, 0xE7, 0x3C,
    0xA6, 0x55, 0xE2, 0xFF, 0xFD, 0xB5, 0x96, 0xFF, 0x9E, 0x31, 0x86, 0xFF,
    0x11, 0x00, 0x00, 0xFF, 0x00, 0x00, 0x00, 0xD1, 0xFF, 0x00, 0x00, 0x00,
    0xD2, 0xFF, 0x0A, 0x00, 0x00, 0xFF, 0x7E, 0x20, 0xE4, 0xFF, 0xF3, 0x8C,
    0x71, 0xFF, 0xFF, 0xF7, 0x9E, 0xA3, 0x66, 0xDE, 0x95, 0xDD, 0xFF, 0xCE,
    0x5A, 0xEB, 0xFF, 0x3F, 0x00, 0x20, 0xFF, 0x00, 0x00, 0x00, 0xD3, 0xFF,
    0x00, 0x00, 0x00, 0xD4, 0xFF, 0x1A, 0x00, 0x00, 0xFF, 0x92, 0x29, 0x65,
    0xFF, 0xF6, 0x94, 0x92, 0xFF, 0xFF, 0xEF, 0x9D, 0xA3, 0x77, 0xDA, 0x94,
    0xEE, 0xFF, 0xD7, 0x63, 0x2C, 0xFF, 0x5A, 0x08, 0x41, 0xFF, 0x04, 0x00,
    0x00, 0xFF, 0x00, 0x00, 0x00, 0xD4, 0xFF, 0x00, 0x00, 0x00, 0xD6, 0xFF,
    0x17, 0x00, 0x00, 0xFF, 0x7F, 0x18, 0xE3, 0xFF, 0xE2, 0x73, 0xAE, 0xFF,
    0xFF, 0xC6, 0x58, 0xAD, 0x22, 0xD5, 0x9D, 0x99, 0xFF, 0xFC, 0xA5, 0x14,
    0xFF, 0xBB, 0x52, 0x8A, 0xFF, 0x50, 0x00, 0x00, 0xFF, 0x02, 0x00, 0x00,
    0xFF, 0x00, 0x00, 0x00, 0xD6, 0xFF, 0x00, 0x00, 0x00, 0xD8, 0xFF, 0x05,
    0x00, 0x00, 0xFF, 0x48, 0x00, 0x00, 0xFF, 0x9F, 0x39, 0xE7, 0xFF, 0xE9,
    0x7B, 0xEF, 0xFF, 0xFF, 0xBD, 0xD7, 0xAE, 0x00, 0xA3, 0x77, 0xCE, 0x98,
    0xCC, 0xFF, 0xFC, 0x9C, 0xF3, 0xFF, 0xCC, 0x63, 0x2C, 0xFF, 0x7B, 0x18,
    0xC3, 0xFF, 0x22, 0x00, 0x00, 0xFF, 0x00, 0x00, 0x00, 0xD9, 0xFF, 0x00,
    0x00, 0x00, 0xDB, 0xFF, 0x05, 0x00, 0x00, 0xFF, 0x35, 0x00, 0x00, 0xFF,
    0x75, 0x10, 0x82, 0xFF, 0xAC, 0x4A, 0x69, 0xFF, 0xDC, 0x73, 0xAE, 0xFF,
    0xFD, 0x8C, 0x71, 0xFF, 0xFF, 0xAD, 0x75, 0xA7, 0x55, 0xA5, 0x55, 0xA3,
    0x66, 0x7F, 0xC0, 0x51, 0x9C, 0xAA, 0x9A, 0xBB, 0x99, 0xCC, 0xFF, 0xF3,
    0x84, 0x10, 0xFF, 0xC8, 0x63, 0x2C, 0xFF, 0x95, 0x31, 0xA6, 0xFF, 0x5A,
    0x00, 0x20, 0xFF, 0x1B, 0x00, 0x00, 0xFF, 0x00, 0x00, 0x00, 0xDC, 0xFF,
    0x00, 0x00, 0x00, 0xE0, 0xFF, 0x08, 0x00, 0x00, 0xFF, 0x27, 0x00, 0x00,
    0xFF, 0x41, 0x00, 0x00, 0xFF, 0x54, 0x00, 0x00, 0xFF, 0x61, 0x00, 0x00,
    0xFF, 0x66, 0x00, 0x00, 0xFF, 0x64, 0x00, 0x00, 0xFF, 0x5C, 0x00, 0x00,
    0xFF, 0x4D, 0x00, 0x00, 0xFF, 0x36, 0x00, 0x00, 0xFF, 0x19, 0x00, 0x00,
    0xFF, 0x01, 0x00, 0x00, 0xFF, 0x00, 0x00, 0x00, 0xE0, 0xFF, 0x00, 0x00,
    0x00, 0xFD, 0xD0, 0xFF, 0x00, 0x00, 0x00, 0xFD, 0xD0, 0xFF, 0x00, 0x00,
    0x00, 0xFD, 0xD0,
};

