/* This file was generated by bin2c. */
#include "res_img.h"

/* demo_argb8565_indexqoi_be_80x80.bin (3261 bytes) */
const unsigned char demo_argb8565_indexqoi_be_80x80[3261] =
{
    0x00, 0x48, 0x00, 0x50, 0x00, 0x50, 0x0E, 0x00, 0x50, 0x00, 0x50, 0x00,
    0x50, 0x00, 0xA0, 0x00, 0x00, 0x00, 0x00, 0x40, 0x00, 0x00, 0x00, 0x03,
    0x00, 0x06, 0x00, 0x09, 0x00, 0x3B, 0x00, 0x6B, 0x00, 0x95, 0x00, 0xAF,
    0x00, 0xC9, 0x00, 0xE6, 0x00, 0xFE, 0x01, 0x17, 0x01, 0x45, 0x01, 0x6A,
    0x01, 0x88, 0x01, 0xA9, 0x01, 0xDE, 0x02, 0x13, 0x02, 0x41, 0x02, 0x77,
    0x02, 0xAF, 0x02, 0xEA, 0x03, 0x2F, 0x03, 0x5D, 0x03, 0x8C, 0x03, 0xBE,
    0x03, 0xED, 0x04, 0x1C, 0x04, 0x49, 0x04, 0x7A, 0x04, 0xA5, 0x04, 0xD1,
    0x04, 0xF5, 0x05, 0x17, 0x05, 0x3D, 0x05, 0x5C, 0x05, 0x7B, 0x05, 0x9B,
    0x05, 0xB8, 0x05, 0xD6, 0x05, 0xF1, 0x06, 0x0F, 0x06, 0x2F, 0x06, 0x4C,
    0x06, 0x6A, 0x06, 0x8C, 0x06, 0xAB, 0x06, 0xCD, 0x06, 0xED, 0x07, 0x0F,
    0x07, 0x38, 0x07, 0x5C, 0x07, 0x81, 0x07, 0xA5, 0x07, 0xC9, 0x07, 0xEF,
    0x08, 0x11, 0x08, 0x37, 0x08, 0x5F, 0x08, 0x82, 0x08, 0xAB, 0x08, 0xD4,
    0x09, 0x03, 0x09, 0x36, 0x09, 0x69, 0x09, 0x9E, 0x09, 0xC5, 0x09, 0xE5,
    0x0A, 0x0A, 0x0A, 0x30, 0x0A, 0x42, 0x0A, 0x5A, 0x0A, 0x73, 0x0A, 0x91,
    0x0A, 0xB5, 0x0A, 0xDB, 0x0B, 0x13, 0x0B, 0x3E, 0x0B, 0x41, 0x0B, 0x44,
    0x00, 0x00, 0x00, 0xFF, 0xFF, 0xFF, 0xFF, 0x15, 0x0A, 0xFF, 0x28, 0xE4,
    0x01, 0x00, 0x00, 0xFF, 0x14, 0xEA, 0xFF, 0xF7, 0x9E, 0xFF, 0x29, 0x04,
    0xFF, 0x31, 0x65, 0x05, 0x00, 0x00, 0xFF, 0xF7, 0xDE, 0xFF, 0xC6, 0x18,
    0xFF, 0x14, 0xAA, 0x19, 0x00, 0x00, 0x0C, 0x00, 0x00, 0x06, 0x00, 0x00,
    0x02, 0x00, 0x00, 0xFF, 0xE7, 0x3C, 0xFF, 0x1C, 0x09, 0xFF, 0xEF, 0x9D,
    0xFF, 0x31, 0x45, 0xFF, 0xF7, 0xBE, 0xFF, 0xEF, 0x5D, 0xFF, 0xD7, 0x7B,
    0xFF, 0xCE, 0x59, 0xF3, 0x94, 0x92, 0xFF, 0x35, 0x6D, 0xFF, 0x1A, 0xE7,
    0xFF, 0x14, 0xCA, 0x41, 0x00, 0x00, 0x35, 0x00, 0x00, 0x33, 0x00, 0x00,
    0x32, 0x00, 0x00, 0x1B, 0x00, 0x00, 0x18, 0x00, 0x00, 0xFF, 0xFF, 0xDF,
    0xFF, 0xDF, 0x9C, 0xFF, 0x96, 0xB6, 0xFF, 0x31, 0xE6, 0xFF, 0x29, 0x24,
    0xFF, 0x21, 0x64, 0xFF, 0x14, 0x49, 0xFF, 0xEF, 0x7D, 0xFF, 0xDE, 0xFB,
    0xFF, 0xB5, 0x96, 0xFF, 0x2A, 0xC7, 0xFF, 0x1B, 0x68, 0xFF, 0xE7, 0xBD,
    0xFF, 0xCE, 0x99, 0xFE, 0xB5, 0x96, 0xFD, 0xAD, 0x75, 0xFA, 0xAD, 0x55,
    0xF6, 0x94, 0x92, 0xF3, 0x8C, 0x71, 0xFF, 0x86, 0x74, 0xE9, 0x7B, 0xEF,
    0xE2, 0x73, 0x8E, 0xB7, 0x4A, 0x49, 0x99, 0x39, 0xC7, 0xFF, 0x31, 0xA6,
    0x8C, 0x29, 0x45, 0xFF, 0x23, 0x48, 0xFF, 0x22, 0xA6, 0xFF, 0x22, 0x86,
    0x00, 0xFD, 0xD0, 0x00, 0xFD, 0xD0, 0x00, 0xFD, 0xD0, 0x00, 0xDF, 0x0F,
    0xFF, 0x2A, 0x00, 0x00, 0xFF, 0x4B, 0x00, 0x00, 0xFF, 0x65, 0x00, 0x00,
    0xFF, 0x79, 0x08, 0x41, 0xFF, 0x85, 0x20, 0xE4, 0xFF, 0x8A, 0x29, 0x25,
    0xFF, 0x89, 0x21, 0x24, 0xFF, 0x80, 0x18, 0xA3, 0xFF, 0x71, 0x00, 0x00,
    0xFF, 0x5B, 0x00, 0x00, 0xFF, 0x3D, 0x00, 0x00, 0x0D, 0x00, 0xE0, 0x00,
    0xDB, 0x22, 0xFF, 0x59, 0x00, 0x20, 0x3A, 0xFF, 0xD0, 0x6B, 0x6D, 0xFF,
    0xFA, 0x8C, 0x51, 0x2C, 0xA8, 0x44, 0x2A, 0x01, 0xC3, 0x0A, 0x9A, 0xCC,
    0x99, 0xBB, 0x97, 0xDD, 0xFF, 0xEC, 0x7B, 0xEF, 0xFF, 0xB9, 0x5A, 0xCB,
    0xFF, 0x7F, 0x18, 0xE3, 0xFF, 0x3C, 0x00, 0x00, 0x0F, 0x00, 0xDB, 0x00,
    0xD8, 0xFF, 0x15, 0x00, 0x00, 0xFF, 0x6C, 0x10, 0x82, 0xFF, 0xC3, 0x5A,
    0xEB, 0xFF, 0xFA, 0x9C, 0xD3, 0x2B, 0x01, 0xCF, 0x15, 0x93, 0xEE, 0xFF,
    0xEB, 0x84, 0x10, 0xFF, 0x9F, 0x39, 0xC7, 0xFF, 0x44, 0x00, 0x00, 0xFF,
    0x04, 0x00, 0x00, 0x00, 0xD8, 0x00, 0xD6, 0x1F, 0xFF, 0xA4, 0x39, 0xC7,
    0x34, 0x11, 0x01, 0xD6, 0x0B, 0xFF, 0xDC, 0x73, 0x8E, 0xFF, 0x74, 0x10,
    0xA2, 0xFF, 0x0E, 0x00, 0x00, 0x00, 0xD6, 0x00, 0xD4, 0x1E, 0x39, 0xFF,
    0xFE, 0xAD, 0x75, 0x01, 0xDB, 0x9B, 0xAA, 0xFF, 0xEF, 0x84, 0x10, 0xFF,
    0x7F, 0x20, 0xE4, 0xFF, 0x0F, 0x00, 0x00, 0x00, 0xD4, 0x00, 0xD2, 0xFF,
    0x1A, 0x00, 0x00, 0xFF, 0xA2, 0x39, 0xC7, 0x32, 0x01, 0xDF, 0x9B, 0xAA,
    0xFF, 0xE7, 0x7B, 0xCF, 0xFF, 0x61, 0x10, 0x62, 0xFF, 0x03, 0x00, 0x00,
    0x00, 0xD2, 0x00, 0xD1, 0xFF, 0x63, 0x10, 0x82, 0xFF, 0xEE, 0x84, 0x30,
    0x15, 0x01, 0xE2, 0x30, 0xFF, 0xBF, 0x4A, 0x69, 0xFF, 0x24, 0x00, 0x00,
    0x00, 0xD1, 0x00, 0xCF, 0xFF, 0x14, 0x00, 0x00, 0xFF, 0xB0, 0x39, 0xE7,
    0xFF, 0xFF, 0xCE, 0x79, 0x01, 0xE5, 0x23, 0x35, 0xFF, 0x60, 0x10, 0x82,
    0x04, 0x00, 0xCF, 0x00, 0xCE, 0x20, 0xFF, 0xDE, 0x6B, 0x4D, 0x06, 0x01,
    0xCC, 0x2F, 0x9C, 0x78, 0x25, 0x9D, 0x78, 0x40, 0x41, 0x55, 0xC0, 0x7F,
    0xA2, 0x87, 0xA2, 0x98, 0x25, 0xA4, 0x98, 0xA4, 0xA7, 0x01, 0xCC, 0xFF,
    0xFE, 0xC6, 0x38, 0xFF, 0x9B, 0x31, 0x86, 0xFF, 0x08, 0x00, 0x00, 0x00,
    0xCE, 0x00, 0xCD, 0xFF, 0x4D, 0x08, 0x21, 0x19, 0x01, 0xCA, 0x5A, 0x9A,
    0x78, 0x98, 0x7A, 0x1A, 0x02, 0xCB, 0x6B, 0xA4, 0x97, 0xA6, 0x97, 0xA7,
    0xA8, 0x01, 0xCA, 0x11, 0xFF, 0xC0, 0x4A, 0x49, 0xFF, 0x11, 0x00, 0x00,
    0x00, 0xCD, 0x00, 0xCC, 0xFF, 0x5F, 0x10, 0x82, 0x33, 0x01, 0xC9, 0x24,
    0x96, 0x69, 0x98, 0x59, 0x02, 0xD2, 0xA2, 0x98, 0x36, 0x24, 0x01, 0xC8,
    0x06, 0xFF, 0xD2, 0x5A, 0xCB, 0x0D, 0x00, 0xCC, 0x00, 0xCB, 0xFF, 0x60,
    0x10, 0x82, 0xFF, 0xFC, 0xB5, 0x96, 0x01, 0xC8, 0x17, 0x94, 0x6A, 0x99,
    0x59, 0x02, 0xD6, 0x7B, 0xA8, 0xA7, 0x24, 0x01, 0xC7, 0x15, 0xFF, 0xD5,
    0x5A, 0xEB, 0x22, 0x00, 0xCB, 0x00, 0xCA, 0xFF, 0x50, 0x08, 0x41, 0xFF,
    0xFB, 0xAD, 0x55, 0x01, 0xC7, 0x40, 0x94, 0x5A, 0x97, 0x59, 0x02, 0xC7,
    0x0C, 0x12, 0x9C, 0xCB, 0x9D, 0xBA, 0x66, 0xC0, 0x6E, 0x2E, 0xA3, 0x55,
    0x29, 0x05, 0x02, 0xC6, 0x7B, 0xAA, 0xA7, 0xAC, 0xA6, 0x01, 0xC6, 0x15,
    0xFF, 0xCE, 0x52, 0xAA, 0xFF, 0x0E, 0x00, 0x00, 0x00, 0xCA, 0x00, 0xC9,
    0xFF, 0x36, 0x00, 0x20, 0xFF, 0xF5, 0x94, 0xB2, 0x01, 0xC7, 0x99, 0x68,
    0x92, 0x4A, 0x02, 0xC5, 0x9C, 0xCC, 0xFE, 0x1B, 0x48, 0xFE, 0x22, 0x46,
    0xFE, 0x21, 0x44, 0x03, 0xC8, 0x07, 0xA6, 0x13, 0x1B, 0x12, 0x05, 0x02,
    0xC4, 0xA2, 0x99, 0xAF, 0xB5, 0x01, 0xC6, 0x13, 0xFF, 0xB8, 0x42, 0x08,
    0x09, 0x00, 0xC9, 0x00, 0xC8, 0x22, 0x38, 0x01, 0xC6, 0x0A, 0x93, 0x5A,
    0x02, 0xC4, 0x05, 0xFE, 0x1B, 0xA8, 0xFE, 0x22, 0x05, 0x07, 0x03, 0xC4,
    0x07, 0xAC, 0x22, 0xA8, 0x34, 0xFE, 0x41, 0xC7, 0x03, 0xC5, 0x28, 0x1B,
    0xFE, 0x14, 0x8A, 0x02, 0xC3, 0x6B, 0x36, 0x01, 0xC6, 0x2B, 0x3C, 0x00,
    0xC9, 0x00, 0xC7, 0x10, 0xFF, 0xB9, 0x42, 0x28, 0x15, 0x01, 0xC5, 0x40,
    0x90, 0x4A, 0x02, 0xC3, 0x05, 0x2E, 0x28, 0x03, 0xC7, 0xFE, 0x73, 0x4D,
    0x0A, 0x01, 0x11, 0xFE, 0x41, 0xC7, 0x03, 0xC6, 0x07, 0x3F, 0xFE, 0x14,
    0x89, 0x02, 0xC3, 0xA6, 0xA8, 0xB0, 0xB6, 0x01, 0xC5, 0xFF, 0xFD, 0xB5,
    0xB6, 0xFF, 0x52, 0x08, 0x41, 0x00, 0xC8, 0x00, 0xC7, 0xFF, 0x6F, 0x18,
    0xA3, 0xFF, 0xFF, 0xD6, 0xBA, 0x01, 0xC5, 0x2F, 0x8E, 0x5B, 0x02, 0xC3,
    0x12, 0xFE, 0x21, 0xA5, 0x03, 0xC8, 0x07, 0xFE, 0xAD, 0x54, 0x01, 0xC1,
    0xFE, 0x6B, 0x0C, 0x03, 0xC7, 0xFE, 0x73, 0x6D, 0xA3, 0x66, 0x1B, 0x05,
    0x02, 0xC2, 0xA4, 0xA8, 0xB1, 0xC6, 0x01, 0xC5, 0xFF, 0xED, 0x7B, 0xCF,
    0x21, 0x00, 0xC7, 0x00, 0xC6, 0xFF, 0x22, 0x00, 0x00, 0x19, 0x01, 0xC5,
    0x2F, 0x1A, 0x02, 0xC2, 0x05, 0xFE, 0x22, 0xC7, 0x07, 0x03, 0xCA, 0xFE,
    0x62, 0xEC, 0x06, 0x01, 0x96, 0xED, 0xFE, 0x39, 0x86, 0x03, 0xC5, 0x07,
    0xFE, 0x94, 0x92, 0x01, 0x92, 0xFF, 0x03, 0xA6, 0x13, 0x29, 0x02, 0xC2,
    0xA4, 0xA8, 0xB1, 0xC7, 0x01, 0xC4, 0x15, 0xFF, 0xAF, 0x39, 0xA7, 0x04,
    0x00, 0xC6, 0x00, 0xC6, 0xFF, 0xB1, 0x42, 0x08, 0x0A, 0x01, 0xC4, 0x45,
    0x8E, 0x5A, 0x02, 0xC2, 0x0C, 0xFE, 0x21, 0xE5, 0x03, 0xCC, 0x07, 0xA8,
    0x44, 0xA6, 0x55, 0x96, 0xDD, 0x03, 0xC1, 0xFE, 0x73, 0x8E, 0xFE, 0xDE,
    0xDB, 0x95, 0xED, 0x95, 0xDE, 0x94, 0xFE, 0xFE, 0xB5, 0x75, 0x01, 0xC0,
    0x2B, 0x03, 0xC0, 0x27, 0xFE, 0x1B, 0xA8, 0x02, 0xC2, 0xA5, 0xA8, 0x0A,
    0x01, 0xC4, 0xFE, 0xB5, 0xB6, 0xFF, 0x4C, 0x00, 0x20, 0x00, 0xC6, 0x00,
    0xC5, 0xFF, 0x44, 0x00, 0x20, 0xFF, 0xFE, 0xBD, 0xD7, 0x01, 0xC5, 0x90,
    0x4A, 0x02, 0xC2, 0x9B, 0xDC, 0x28, 0x03, 0xD4, 0xA8, 0x33, 0x23, 0x01,
    0xC4, 0x06, 0x07, 0x03, 0xC1, 0xFE, 0x1B, 0x27, 0x02, 0xC2, 0xA8, 0xB8,
    0x01, 0xC5, 0xFF, 0xD7, 0x5A, 0xCB, 0x0F, 0x00, 0xC5, 0x00, 0xC4, 0x04,
    0xFF, 0xC8, 0x5A, 0xCB, 0x01, 0xC5, 0x25, 0x02, 0xC2, 0x9B, 0xDC, 0x28,
    0x03, 0xD6, 0xFE, 0xAD, 0x55, 0x01, 0xC5, 0xFE, 0x8C, 0x30, 0xFE, 0x31,
    0x25, 0x03, 0xC1, 0xFE, 0x1B, 0x07, 0x02, 0xC2, 0xAE, 0xC7, 0x01, 0xC4,
    0x94, 0xEE, 0xFF, 0x63, 0x08, 0x41, 0x00, 0xC5, 0x00, 0xC4, 0xFF, 0x46,
    0x00, 0x00, 0x0B, 0x01, 0xC4, 0x17, 0x8E, 0x3A, 0x02, 0xC1, 0x0C, 0xFE,
    0x21, 0x84, 0x03, 0xD7, 0xA8, 0x43, 0x0A, 0x01, 0xC5, 0x11, 0xFE, 0x83,
    0xEF, 0x27, 0x03, 0xC0, 0x2E, 0x02, 0xC1, 0xA1, 0x98, 0x24, 0x01, 0xC4,
    0xFF, 0xDC, 0x5A, 0xCB, 0xFF, 0x03, 0x00, 0x00, 0x00, 0xC4, 0x00, 0xC4,
    0xFF, 0xB9, 0x4A, 0x69, 0x01, 0xC5, 0x8E, 0x4A, 0x02, 0xC1, 0x05, 0xFE,
    0x21, 0xE5, 0x03, 0xD8, 0xAA, 0x22, 0x0A, 0x01, 0xC7, 0xFE, 0x9C, 0xB2,
    0x03, 0xC0, 0x07, 0xFE, 0x1C, 0x29, 0x02, 0xC1, 0xA7, 0x97, 0x01, 0xC4,
    0xFE, 0xBD, 0xF7, 0xFF, 0x51, 0x00, 0x00, 0x00, 0xC4, 0x00, 0xC3, 0xFF,
    0x26, 0x00, 0x00, 0xFF, 0xFC, 0xA5, 0x34, 0x01, 0xC4, 0x98, 0x69, 0x02,
    0xC2, 0x1B, 0x03, 0xD8, 0x07, 0x18, 0x01, 0xC5, 0x23, 0xFE, 0xC5, 0xF7,
    0xFE, 0x6B, 0x2C, 0x07, 0x03, 0xC1, 0x28, 0x1C, 0x02, 0xC1, 0xB0, 0xD7,
    0x01, 0xC4, 0xFF, 0xB8, 0x39, 0xA7, 0x00, 0xC4, 0x00, 0xC3, 0xFF, 0x84,
    0x21, 0x04, 0x06, 0x01, 0xC4, 0x1A, 0x02, 0xC1, 0x29, 0x07, 0x03, 0xD8,
    0xFE, 0x83, 0xCF, 0x01, 0xC5, 0x97, 0xDD, 0xFE, 0x41, 0xE7, 0x03, 0xC5,
    0x3E, 0x02, 0xC1, 0xA4, 0xA8, 0x01, 0xC4, 0xFF, 0xFA, 0x84, 0x30, 0xFF,
    0x1C, 0x00, 0x00, 0x00, 0xC3, 0x00, 0xC2, 0x10, 0xFF, 0xDB, 0x73, 0x8E,
    0x01, 0xC4, 0x98, 0x69, 0x02, 0xC2, 0xFE, 0x22, 0x05, 0x03, 0xD9, 0x2C,
    0xA8, 0x44, 0x9A, 0xBB, 0x9A, 0xBB, 0xC0, 0x01, 0xC1, 0xFE, 0xA5, 0x14,
    0x03, 0xC6, 0x07, 0x29, 0x02, 0xC1, 0xB1, 0xC6, 0x01, 0xC3, 0x96, 0xDD,
    0xFF, 0x6F, 0x00, 0x20, 0x00, 0xC3, 0x00, 0xC2, 0xFF, 0x2E, 0x00, 0x00,
    0x31, 0x01, 0xC4, 0x8E, 0x4A, 0x02, 0xC1, 0xFE, 0x1B, 0xE9, 0x03, 0xDF,
    0xFE, 0x8C, 0x10, 0x01, 0xC0, 0xFE, 0x7B, 0x8E, 0x03, 0xC7, 0xFE, 0x22,
    0x26, 0x02, 0xC1, 0xA7, 0xA7, 0x01, 0xC4, 0xFF, 0xBF, 0x31, 0x86, 0x00,
    0xC3, 0x00, 0xC2, 0xFF, 0x75, 0x10, 0xA2, 0x13, 0x01, 0xC3, 0x9C, 0x79,
    0x02, 0xC2, 0xFE, 0x22, 0x05, 0x03, 0xE0, 0xFE, 0x94, 0x71, 0x01, 0xFE,
    0x4A, 0x08, 0x03, 0xC8, 0x29, 0x02, 0xC0, 0x7B, 0x2F, 0x01, 0xC3, 0xFF,
    0xF8, 0x6B, 0x6D, 0xFF, 0x10, 0x00, 0x00, 0x00, 0xC2, 0x00, 0xC2, 0xFF,
    0xB5, 0x52, 0xAA, 0x01, 0xC4, 0x95, 0x59, 0x02, 0xC1, 0x9B, 0xDC, 0x03,
    0xE2, 0xAB, 0x22, 0x03, 0xC9, 0x3E, 0x02, 0xC1, 0xAD, 0xC7, 0x01, 0xC3,
    0xFE, 0xAD, 0x55, 0xFF, 0x4B, 0x00, 0x00, 0x00, 0xC2, 0x00, 0xC1, 0x04,
    0xFF, 0xED, 0x7B, 0xEF, 0x01, 0xC4, 0x8E, 0x3A, 0x02, 0xC1, 0xFE, 0x1B,
    0x07, 0x03, 0xEE, 0xA3, 0x45, 0x05, 0x02, 0xC0, 0xA6, 0xA8, 0x01, 0xC3,
    0x11, 0xFF, 0x84, 0x08, 0x21, 0x00, 0xC2, 0x00, 0xC1, 0xFF, 0x1F, 0x00,
    0x00, 0xFF, 0xFF, 0xA5, 0x34, 0x01, 0xC3, 0x45, 0x8B, 0x3A, 0x02, 0xC1,
    0xFE, 0x21, 0xC5, 0x03, 0xEF, 0xFE, 0x1C, 0x29, 0x02, 0xC0, 0xA1, 0x99,
    0x0A, 0x01, 0xC3, 0xFF, 0xB7, 0x31, 0xA6, 0x00, 0xC2, 0x00, 0xC1, 0xFF,
    0x49, 0x00, 0x00, 0x30, 0x01, 0xC3, 0x9A, 0x79, 0x02, 0xC1, 0x1C, 0x07,
    0x03, 0xEF, 0xFE, 0x1B, 0x07, 0x02, 0xC1, 0x17, 0x01, 0xC3, 0xFF, 0xE1,
    0x63, 0x0C, 0x00, 0xC2, 0x00, 0xC1, 0xFF, 0x6C, 0x00, 0x00, 0x06, 0x01,
    0xC3, 0x25, 0x02, 0xC1, 0x12, 0x03, 0xF0, 0xFE, 0x22, 0x46, 0x02, 0xC1,
    0xAF, 0xC7, 0x01, 0xC3, 0xFF, 0xFD, 0x84, 0x10, 0x09, 0x00, 0xC1, 0x00,
    0xC1, 0xFF, 0x87, 0x21, 0x04, 0x01, 0xC4, 0x93, 0x49, 0x02, 0xC1, 0x2E,
    0x03, 0xF0, 0xA6, 0x13, 0x02, 0xC1, 0xAB, 0xC8, 0x01, 0xC3, 0xFE, 0x9D,
    0x13, 0xFF, 0x20, 0x00, 0x00, 0x00, 0xC1, 0x00, 0xC1, 0xFF, 0x9B, 0x41,
    0xE8, 0x01, 0xC4, 0x90, 0x5A, 0x02, 0xC1, 0x1B, 0x03, 0xF0, 0xA2, 0x56,
    0x02, 0xC1, 0xA9, 0xA8, 0x01, 0xC3, 0xFE, 0xB5, 0xB6, 0x1F, 0x00, 0xC1,
    0x00, 0xC1, 0xFF, 0xA8, 0x4A, 0x69, 0x01, 0xC4, 0x8F, 0x4A, 0x02, 0xC1,
    0x3E, 0x03, 0xF0, 0x07, 0x05, 0x02, 0xC0, 0xA7, 0xB8, 0x01, 0xC3, 0x0B,
    0xFF, 0x42, 0x00, 0x00, 0x00, 0xC1, 0x00, 0xC1, 0xFF, 0xAF, 0x52, 0xAA,
    0x01, 0xC4, 0x8E, 0x4A, 0x02, 0xC1, 0x3F, 0x03, 0xF0, 0x07, 0x1C, 0x02,
    0xC0, 0xA7, 0xA8, 0x01, 0xC3, 0x18, 0x1D, 0x00, 0xC1, 0x00, 0xC1, 0xFF,
    0xAE, 0x52, 0xAA, 0x01, 0xC4, 0x8F, 0x39, 0x02, 0xC1, 0x3F, 0x03, 0xF0,
    0x07, 0x1C, 0x02, 0xC0, 0xA7, 0xA8, 0x01, 0xC3, 0x18, 0xFF, 0x40, 0x00,
    0x00, 0x00, 0xC1, 0x00, 0xC1, 0xFF, 0xA7, 0x4A, 0x69, 0x01, 0xC4, 0x90,
    0x39, 0x02, 0xC1, 0xFE, 0x22, 0xA7, 0x03, 0xF0, 0x07, 0x05, 0x02, 0xC0,
    0xA8, 0xA8, 0x01, 0xC3, 0x0B, 0xFF, 0x39, 0x00, 0x00, 0x00, 0xC1, 0x00,
    0xC1, 0x3A, 0x01, 0xC4, 0x91, 0x5A, 0x02, 0xC1, 0xFE, 0x22, 0xE7, 0x03,
    0xF0, 0x27, 0x05, 0x02, 0xC0, 0xAA, 0xB7, 0x01, 0xC3, 0x2C, 0xFF, 0x2B,
    0x00, 0x00, 0x00, 0xC1, 0x00, 0xC1, 0xFF, 0x83, 0x18, 0xC3, 0x01, 0xC4,
    0x36, 0x02, 0xC1, 0x3D, 0x03, 0xF0, 0xA5, 0x34, 0x02, 0xC1, 0x25, 0x01,
    0xC3, 0xFE, 0x9C, 0xF3, 0xFF, 0x15, 0x00, 0x00, 0x00, 0xC1, 0x00, 0xC1,
    0xFF, 0x67, 0x00, 0x00, 0x2A, 0x01, 0xC3, 0x98, 0x58, 0x02, 0xC1, 0xFE,
    0x1B, 0xC9, 0x03, 0xF0, 0xFE, 0x2A, 0x06, 0x02, 0xC1, 0xB0, 0xC7, 0x01,
    0xC3, 0xFF, 0xF7, 0x84, 0x30, 0x04, 0x00, 0xC1, 0x00, 0xC1, 0xFF, 0x44,
    0x00, 0x00, 0x18, 0x01, 0xC3, 0x17, 0x02, 0xC1, 0x9B, 0xED, 0x07, 0x03,
    0xEF, 0xFE, 0x22, 0xC7, 0x02, 0xC1, 0x2F, 0x01, 0xC3, 0xFF, 0xD5, 0x73,
    0x8E, 0x00, 0xC2, 0x00, 0xC1, 0x0D, 0xFF, 0xFF, 0x9D, 0x13, 0x01, 0xC4,
    0x8B, 0x2A, 0x02, 0xC0, 0x05, 0xFE, 0x29, 0x85, 0x03, 0xEE, 0x07, 0xFE,
    0x23, 0xC9, 0x02, 0xC0, 0x1A, 0x01, 0xC4, 0xFF, 0xAA, 0x4A, 0x69, 0x00,
    0xC2, 0x00, 0xC2, 0xFF, 0xE6, 0x7B, 0xCF, 0x01, 0xC4, 0x90, 0x5A, 0x02,
    0xC1, 0xFE, 0x2A, 0xA7, 0x03, 0xEE, 0x14, 0x0C, 0x02, 0xC0, 0xA9, 0xA8,
    0x01, 0xC3, 0x15, 0xFF, 0x78, 0x18, 0xA3, 0x00, 0xC2, 0x00, 0xC2, 0xFF,
    0xAD, 0x4A, 0x69, 0x01, 0xC4, 0x98, 0x69, 0x02, 0xC1, 0xFE, 0x1B, 0xC9,
    0x07, 0x03, 0xED, 0xFE, 0x2A, 0x46, 0x02, 0xC1, 0xB0, 0xC7, 0x01, 0xC3,
    0x0B, 0xFF, 0x3E, 0x00, 0x00, 0x00, 0xC2, 0x00, 0xC2, 0xFF, 0x6B, 0x08,
    0x61, 0x16, 0x01, 0xC3, 0x45, 0x8B, 0x4A, 0x02, 0xC0, 0x05, 0xFE, 0x31,
    0xA5, 0x03, 0xEC, 0x27, 0xFE, 0x23, 0xA9, 0x02, 0xC0, 0xA2, 0x98, 0x0A,
    0x01, 0xC3, 0xFF, 0xF2, 0x8C, 0x51, 0xFF, 0x0A, 0x00, 0x00, 0x00, 0xC2,
    0x00, 0xC2, 0xFF, 0x24, 0x00, 0x00, 0xFF, 0xFD, 0xA5, 0x34, 0x01, 0xC4,
    0x92, 0x49, 0x02, 0xC1, 0xFE, 0x23, 0x28, 0x27, 0x03, 0xEB, 0x3B, 0x05,
    0x02, 0xC0, 0xAB, 0xA7, 0x01, 0xC4, 0xFF, 0xB3, 0x52, 0x8A, 0x00, 0xC3,
    0x00, 0xC3, 0xFF, 0xD0, 0x6B, 0x2D, 0x01, 0xC4, 0x17, 0x02, 0xC1, 0x0C,
    0xFE, 0x31, 0x85, 0x03, 0xEA, 0xA2, 0x76, 0xFE, 0x23, 0x68, 0x02, 0xC0,
    0x7B, 0xB4, 0xD6, 0x01, 0xC3, 0x99, 0xBB, 0xFF, 0x62, 0x08, 0x41, 0x00,
    0xC3, 0x00, 0xC3, 0xFF, 0x76, 0x18, 0xA3, 0x2A, 0x01, 0xC4, 0x91, 0x49,
    0x02, 0xC1, 0x3D, 0x14, 0x03, 0xE8, 0x07, 0x26, 0x05, 0x02, 0xC0, 0xA9,
    0xB8, 0x01, 0xC4, 0xFF, 0xF5, 0x8C, 0x71, 0xFF, 0x12, 0x00, 0x00, 0x00,
    0xC3, 0x00, 0xC3, 0x21, 0xFF, 0xF9, 0x94, 0xD2, 0x01, 0xC4, 0x24, 0x8D,
    0x3A, 0x02, 0xC0, 0x05, 0xFE, 0x32, 0x06, 0x27, 0x03, 0xE7, 0x08, 0x12,
    0x02, 0xC0, 0xA1, 0x98, 0x2F, 0x01, 0xC4, 0xFF, 0xA5, 0x39, 0xE7, 0x00,
    0xC4, 0x00, 0xC4, 0xFF, 0xA9, 0x41, 0xE8, 0x01, 0xC5, 0x36, 0x02, 0xC1,
    0x9A, 0xFD, 0xFE, 0x31, 0x85, 0x07, 0x03, 0xE5, 0x14, 0xFE, 0x2A, 0xE8,
    0x02, 0xC1, 0xAC, 0xC8, 0x01, 0xC4, 0xFE, 0xB5, 0xD6, 0xFF, 0x3B, 0x00,
    0x00, 0x00, 0xC4, 0x00, 0xC4, 0x1E, 0x31, 0x01, 0xC4, 0x0A, 0x8E, 0x3A,
    0x02, 0xC1, 0xFE, 0x23, 0xA8, 0x08, 0x07, 0x03, 0xE3, 0x14, 0xA7, 0x02,
    0x05, 0x02, 0xC0, 0xA5, 0x98, 0x01, 0xC5, 0xFF, 0xC6, 0x5A, 0xAB, 0x00,
    0xC5, 0x00, 0xC5, 0x39, 0x23, 0x01, 0xC4, 0x17, 0x8E, 0x3A, 0x02, 0xC1,
    0xFE, 0x23, 0x28, 0x08, 0x07, 0x03, 0xE1, 0x14, 0x26, 0x0C, 0x02, 0xC0,
    0xA1, 0x99, 0x24, 0x01, 0xC4, 0xFF, 0xFE, 0xC6, 0x18, 0xFF, 0x49, 0x00,
    0x20, 0x00, 0xC5, 0x00, 0xC5, 0x1F, 0xFF, 0xFC, 0xAD, 0x55, 0x01, 0xC5,
    0x97, 0x69, 0x02, 0xC2, 0xFE, 0x23, 0x08, 0x08, 0x27, 0x03, 0xDE, 0x07,
    0x14, 0x26, 0xFE, 0x1C, 0x8A, 0x02, 0xC0, 0x6B, 0xB0, 0xC6, 0x01, 0xC5,
    0xFF, 0xBF, 0x52, 0x8A, 0x04, 0x00, 0xC5, 0x00, 0xC6, 0xFF, 0x9C, 0x31,
    0x86, 0x06, 0x01, 0xC5, 0x94, 0x6A, 0x02, 0xC2, 0x3D, 0x08, 0x62, 0x03,
    0xDC, 0x07, 0x08, 0xA6, 0x23, 0x0C, 0x02, 0xC1, 0x25, 0x01, 0xC5, 0xFF,
    0xFB, 0xA5, 0x34, 0x20, 0x00, 0xC6, 0x00, 0xC6, 0xFF, 0x16, 0x00, 0x00,
    0x37, 0x01, 0xC6, 0x93, 0x5A, 0x02, 0xC2, 0xFE, 0x1B, 0xC9, 0x3B, 0x14,
    0x07, 0x03, 0xD8, 0x07, 0x14, 0x08, 0xFE, 0x2A, 0xA7, 0x05, 0x02, 0xC1,
    0xAC, 0xB7, 0x01, 0xC5, 0x16, 0xFF, 0x91, 0x29, 0x45, 0x00, 0xC7, 0x00,
    0xC7, 0xFF, 0x57, 0x08, 0x41, 0x0B, 0x01, 0xC6, 0x36, 0x02, 0xC2, 0x9C,
    0xDC, 0xFE, 0x2A, 0x67, 0x08, 0x14, 0x07, 0x03, 0xD4, 0x07, 0x7E, 0x08,
    0x3B, 0xFE, 0x23, 0xA9, 0x02, 0xC2, 0x25, 0x01, 0xC6, 0xFF, 0xDC, 0x6B,
    0x2D, 0x0E, 0x00, 0xC7, 0x00, 0xC8, 0xFF, 0xA0, 0x31, 0xA6, 0x16, 0x01,
    0xC6, 0x97, 0x69, 0x93, 0x49, 0x02, 0xC2, 0xFE, 0x23, 0xC9, 0x26, 0x08,
    0x14, 0x27, 0x03, 0xD0, 0x07, 0x14, 0x08, 0x6E, 0x2D, 0x0C, 0x02, 0xC1,
    0x7F, 0xAE, 0xC7, 0x01, 0xC6, 0xFF, 0xF9, 0xA5, 0x14, 0xFF, 0x38, 0x00,
    0x00, 0x00, 0xC8, 0x00, 0xC8, 0x0E, 0xFF, 0xD1, 0x5A, 0xCB, 0x23, 0x01,
    0xC6, 0x9B, 0x79, 0x1A, 0x02, 0xC2, 0x05, 0xFE, 0x23, 0x88, 0x26, 0x08,
    0xC0, 0x14, 0x65, 0x07, 0x03, 0xC8, 0x07, 0x27, 0x14, 0x08, 0xC0, 0x6F,
    0x2D, 0xFE, 0x1C, 0x8A, 0x02, 0xC2, 0xA4, 0x98, 0x17, 0x01, 0xC6, 0x18,
    0xFF, 0x6F, 0x18, 0xC3, 0x00, 0xC9, 0x00, 0xC9, 0xFF, 0x23, 0x00, 0x00,
    0xFF, 0xE9, 0x7B, 0xCF, 0x01, 0xC7, 0x45, 0x94, 0x59, 0x96, 0x6A, 0x02,
    0xC3, 0x12, 0x2D, 0x3B, 0x08, 0xC2, 0x14, 0xC5, 0x08, 0xC2, 0xA7, 0x03,
    0xFE, 0x23, 0x88, 0x1C, 0x02, 0xC2, 0x7B, 0xAB, 0x96, 0x0A, 0x01, 0xC6,
    0x99, 0xCC, 0xFF, 0x9D, 0x31, 0x86, 0x04, 0x00, 0xC9, 0x00, 0xCA, 0xFF,
    0x37, 0x00, 0x00, 0x19, 0x01, 0xC8, 0x9B, 0x79, 0x94, 0x49, 0x02, 0xC5,
    0x9A, 0xFD, 0x9A, 0xFD, 0x2D, 0x9C, 0xCC, 0x26, 0x3B, 0x66, 0x69, 0x6B,
    0xA2, 0x66, 0xA2, 0x66, 0xA4, 0x35, 0xA5, 0x24, 0xA6, 0x13, 0x1C, 0x02,
    0xC4, 0xA6, 0xA8, 0x17, 0x01, 0xC7, 0x16, 0xFF, 0xB7, 0x42, 0x08, 0x09,
    0x00, 0xCA, 0x00, 0xCB, 0xFF, 0x44, 0x08, 0x21, 0xFF, 0xF4, 0x94, 0xB2,
    0x01, 0xC9, 0x9A, 0x69, 0x95, 0x69, 0x9A, 0x69, 0x02, 0xC7, 0x05, 0xC2,
    0x02, 0xC7, 0x6B, 0xA7, 0xA7, 0xAB, 0xA6, 0x01, 0xC8, 0x16, 0xFF, 0xBE,
    0x4A, 0x49, 0x0E, 0x00, 0xCB, 0x00, 0xCC, 0xFF, 0x42, 0x08, 0x21, 0xFF,
    0xF1, 0x8C, 0x51, 0x01, 0xCA, 0x9C, 0x79, 0x98, 0x58, 0x1A, 0x02, 0xD0,
    0x1A, 0x36, 0x24, 0x01, 0xC9, 0x11, 0xFF, 0xB9, 0x42, 0x08, 0x0E, 0x00,
    0xCC, 0x00, 0xCD, 0x20, 0xFF, 0xE4, 0x73, 0x8E, 0x15, 0x01, 0xCB, 0x17,
    0x25, 0x9A, 0x79, 0x1A, 0x9D, 0x79, 0x02, 0xC6, 0x7B, 0x1A, 0xA5, 0x97,
    0xA5, 0xA8, 0xA6, 0x98, 0x01, 0xCB, 0x30, 0xFF, 0xA2, 0x31, 0x86, 0x0F,
    0x00, 0xCD, 0x00, 0xCE, 0xFF, 0x1C, 0x00, 0x00, 0xFF, 0xC6, 0x52, 0x8A,
    0xFF, 0xFF, 0xE7, 0x1C, 0x01, 0xCE, 0x0A, 0x9D, 0x79, 0x40, 0x44, 0x56,
    0xC0, 0x7E, 0xA1, 0x99, 0x24, 0x0A, 0x01, 0xCE, 0x33, 0xFF, 0x77, 0x18,
    0xE3, 0x10, 0x00, 0xCE, 0x00, 0xCF, 0xFF, 0x07, 0x00, 0x00, 0x3C, 0x32,
    0x01, 0xE5, 0x13, 0x38, 0xFF, 0x40, 0x00, 0x20, 0x00, 0xD0, 0x00, 0xD1,
    0x1D, 0xFF, 0xDA, 0x6B, 0x2D, 0x11, 0x01, 0xE2, 0xFF, 0xFD, 0xB5, 0x96,
    0xFF, 0x9E, 0x31, 0x86, 0xFF, 0x11, 0x00, 0x00, 0x00, 0xD1, 0x00, 0xD2,
    0xFF, 0x0A, 0x00, 0x00, 0xFF, 0x7E, 0x20, 0xE4, 0x35, 0x06, 0x01, 0xDE,
    0x30, 0xFF, 0xCE, 0x5A, 0xEB, 0xFF, 0x3F, 0x00, 0x20, 0x00, 0xD3, 0x00,
    0xD4, 0xFF, 0x1A, 0x00, 0x00, 0xFF, 0x92, 0x29, 0x65, 0x34, 0x13, 0x01,
    0xDA, 0x94, 0xEE, 0xFF, 0xD7, 0x63, 0x2C, 0xFF, 0x5A, 0x08, 0x41, 0xFF,
    0x04, 0x00, 0x00, 0x00, 0xD4, 0x00, 0xD6, 0xFF, 0x17, 0x00, 0x00, 0xFF,
    0x7F, 0x18, 0xE3, 0xFF, 0xE2, 0x73, 0xAE, 0xFF, 0xFF, 0xC6, 0x58, 0x01,
    0xD5, 0x13, 0xFF, 0xFC, 0xA5, 0x14, 0xFF, 0xBB, 0x52, 0x8A, 0xFF, 0x50,
    0x00, 0x00, 0x10, 0x00, 0xD6, 0x00, 0xD8, 0x09, 0xFF, 0x48, 0x00, 0x00,
    0xFF, 0x9F, 0x39, 0xE7, 0x37, 0xFF, 0xFF, 0xBD, 0xD7, 0x13, 0x01, 0xCE,
    0x2B, 0xFF, 0xFC, 0x9C, 0xF3, 0xFF, 0xCC, 0x63, 0x2C, 0xFF, 0x7B, 0x18,
    0xC3, 0xFF, 0x22, 0x00, 0x00, 0x00, 0xD9, 0x00, 0xDB, 0x09, 0x1E, 0xFF,
    0x75, 0x10, 0x82, 0xFF, 0xAC, 0x4A, 0x69, 0xFF, 0xDC, 0x73, 0xAE, 0xFF,
    0xFD, 0x8C, 0x71, 0xFF, 0xFF, 0xAD, 0x75, 0x18, 0x2B, 0xA3, 0x66, 0x2A,
    0xC0, 0x11, 0x9C, 0xAA, 0x9A, 0xBB, 0x99, 0xCC, 0xFF, 0xF3, 0x84, 0x10,
    0xFF, 0xC8, 0x63, 0x2C, 0xFF, 0x95, 0x31, 0xA6, 0xFF, 0x5A, 0x00, 0x20,
    0x21, 0x00, 0xDC, 0x00, 0xE0, 0xFF, 0x08, 0x00, 0x00, 0xFF, 0x27, 0x00,
    0x00, 0x1D, 0xFF, 0x54, 0x00, 0x00, 0xFF, 0x61, 0x00, 0x00, 0xFF, 0x66,
    0x00, 0x00, 0xFF, 0x64, 0x00, 0x00, 0xFF, 0x5C, 0x00, 0x00, 0xFF, 0x4D,
    0x00, 0x00, 0xFF, 0x36, 0x00, 0x00, 0x0D, 0x04, 0x00, 0xE0, 0x00, 0xFD,
    0xD0, 0x00, 0xFD, 0xD0, 0x00, 0xFD, 0xD0, 0xA0, 0x88, 
};

/* demo_argb8565_raw_be_80x80.bin (19206 bytes) */
const unsigned char demo_argb8565_raw_be_80x80[19206] =
{
    0x00, 0x08, 0x00, 0x50, 0x00, 0x50, 0x00, 0x00, 0x00, 0x00, 0x00, 0x00,
    0x00, 0x00, 0x00, 0x00, 0x00, 0x00, 0x00, 0x00, 0x00, 0x00, 0x00, 0x00,
    0x00, 0x00, 0x00, 0x00, 0x00, 0x00, 0x00, 0x00, 0x00, 0x00, 0x00, 0x00,
    0x00, 0x00, 0x00, 0x00, 0x00, 0x00, 0x00, 0x00, 0x00, 0x00, 0x00, 0x00,
    0x00, 0x00, 0x00, 0x00, 0x00, 0x00, 0x00, 0x00, 0x00, 0x00, 0x00, 0x00,
    0x00, 0x00, 0x00, 0x00, 0x00, 0x00, 0x00, 0x00, 0x00, 0x00, 0x00, 0x00,
    0x00, 0x00, 0x00, 0x00, 0x00, 0x00, 0x00, 0x00, 0x00, 0x00, 0x00, 0x00,
    0x00, 0x00, 0x00, 0x00, 0x00, 0x00, 0x00, 0x00, 0x00, 0x00, 0x00, 0x00,
    0x00, 0x00, 0x00, 0x00, 0x00, 0x00, 0x00, 0x00, 0x00, 0x00, 0x00, 0x00,
    0x00, 0x00, 0x00, 0x00, 0x00, 0x00, 0x00, 0x00, 0x00, 0x00, 0x00, 0x00,
    0x00, 0x00, 0x00, 0x00, 0x00, 0x00, 0x00, 0x00, 0x00, 0x00, 0x00, 0x00,
    0x00, 0x00, 0x00, 0x00, 0x00, 0x00, 0x00, 0x00, 0x00, 0x00, 0x00, 0x00,
    0x00, 0x00, 0x00, 0x00, 0x00, 0x00, 0x00, 0x00, 0x00, 0x00, 0x00, 0x00,
    0x00, 0x00, 0x00, 0x00, 0x00, 0x00, 0x00, 0x00, 0x00, 0x00, 0x00, 0x00,
    0x00, 0x00, 0x00, 0x00, 0x00, 0x00, 0x00, 0x00, 0x00, 0x00, 0x00, 0x00,
    0x00, 0x00, 0x00, 0x00, 0x00, 0x00, 0x00, 0x00, 0x00, 0x00, 0x00, 0x00,
    0x00, 0x00, 0x00, 0x00, 0x00, 0x00, 0x00, 0x00, 0x00, 0x00, 0x00, 0x00,
    0x00, 0x00, 0x00, 0x00, 0x00, 0x00, 0x00, 0x00, 0x00, 0x00, 0x00, 0x00,
    0x00, 0x00, 0x00, 0x00, 0x00, 0x00, 0x00, 0x00, 0x00, 0x00, 0x00, 0x00,
    0x00, 0x00, 0x00, 0x00, 0x00, 0x00, 0x00, 0x00, 0x00, 0x00, 0x00, 0x00,
    0x00, 0x00, 0x00, 0x00, 0x00, 0x00, 0x00, 0x00, 0x00, 0x00, 0x00, 0x00,
    0x00, 0x00, 0x00, 0x00, 0x00, 0x00, 0x00, 0x00, 0x00, 0x00, 0x00, 0x00,
    0x00, 0x00, 0x00, 0x00, 0x00, 0x00, 0x00, 0x00, 0x00, 0x00, 0x00, 0x00,
    0x00, 0x00, 0x00, 0x00, 0x00, 0x00, 0x00, 0x00, 0x00, 0x00, 0x00, 0x00,
    0x00, 0x00, 0x00, 0x00, 0x00, 0x00, 0x00, 0x00, 0x00, 0x00, 0x00, 0x00,
    0x00, 0x00, 0x00, 0x00, 0x00, 0x00, 0x00, 0x00, 0x00, 0x00, 0x00, 0x00,
    0x00, 0x00, 0x00, 0x00, 0x00, 0x00, 0x00, 0x00, 0x00, 0x00, 0x00, 0x00,
    0x00, 0x00, 0x00, 0x00, 0x00, 0x00, 0x00, 0x00, 0x00, 0x00, 0x00, 0x00,
    0x00, 0x00, 0x00, 0x00, 0x00, 0x00, 0x00, 0x00, 0x00, 0x00, 0x00, 0x00,
    0x00, 0x00, 0x00, 0x00, 0x00, 0x00, 0x00, 0x00, 0x00, 0x00, 0x00, 0x00,
    0x00, 0x00, 0x00, 0x00, 0x00, 0x00, 0x00, 0x00, 0x00, 0x00, 0x00, 0x00,
    0x00, 0x00, 0x00, 0x00, 0x00, 0x00, 0x00, 0x00, 0x00, 0x00, 0x00, 0x00,
    0x00, 0x00, 0x00, 0x00, 0x00, 0x00, 0x00, 0x00, 0x00, 0x00, 0x00, 0x00,
    0x00, 0x00, 0x00, 0x00, 0x00, 0x00, 0x00, 0x00, 0x00, 0x00, 0x00, 0x00,
    0x00, 0x00, 0x00, 0x00, 0x00, 0x00, 0x00, 0x00, 0x00, 0x00, 0x00, 0x00,
    0x00, 0x00, 0x00, 0x00, 0x00, 0x00, 0x00, 0x00, 0x00, 0x00, 0x00, 0x00,
    0x00, 0x00, 0x00, 0x00, 0x00, 0x00, 0x00, 0x00, 0x00, 0x00, 0x00, 0x00,
    0x00, 0x00, 0x00, 0x00, 0x00, 0x00, 0x00, 0x00, 0x00, 0x00, 0x00, 0x00,
    0x00, 0x00, 0x00, 0x00, 0x00, 0x00, 0x00, 0x00, 0x00, 0x00, 0x00, 0x00,
    0x00, 0x00, 0x00, 0x00, 0x00, 0x00, 0x00, 0x00, 0x00, 0x00, 0x00, 0x00,
    0x00, 0x00, 0x00, 0x00, 0x00, 0x00, 0x00, 0x00, 0x00, 0x00, 0x00, 0x00,
    0x00, 0x00, 0x00, 0x00, 0x00, 0x00, 0x00, 0x00, 0x00, 0x00, 0x00, 0x00,
    0x00, 0x00, 0x00, 0x00, 0x00, 0x00, 0x00, 0x00, 0x00, 0x00, 0x00, 0x00,
    0x00, 0x00, 0x00, 0x00, 0x00, 0x00, 0x00, 0x00, 0x00, 0x00, 0x00, 0x00,
    0x00, 0x00, 0x00, 0x00, 0x00, 0x00, 0x00, 0x00, 0x00, 0x00, 0x00, 0x00,
    0x00, 0x00, 0x00, 0x00, 0x00, 0x00, 0x00, 0x00, 0x00, 0x00, 0x00, 0x00,
    0x00, 0x00, 0x00, 0x00, 0x00, 0x00, 0x00, 0x00, 0x00, 0x00, 0x00, 0x00,
    0x00, 0x00, 0x00, 0x00, 0x00, 0x00, 0x00, 0x00, 0x00, 0x00, 0x00, 0x00,
    0x00, 0x00, 0x00, 0x00, 0x00, 0x00, 0x00, 0x00, 0x00, 0x00, 0x28, 0x0A,
    0x1A, 0x29, 0x0B, 0x32, 0x31, 0x2B, 0x54, 0x31, 0x2B, 0x63, 0x31, 0x2B,
    0x69, 0x31, 0x4B, 0x73, 0x31, 0x4B, 0x70, 0x31, 0x4B, 0x66, 0x31, 0x4B,
    0x60, 0x31, 0x2B, 0x4A, 0x31, 0x2B, 0x2B, 0x31, 0x2B, 0x0E, 0x28, 0xEA,
    0x00, 0x00, 0x00, 0x00, 0x00, 0x00, 0x00, 0x00, 0x00, 0x00, 0x00, 0x00,
    0x00, 0x00, 0x00, 0x00, 0x00, 0x00, 0x00, 0x00, 0x00, 0x00, 0x00, 0x00,
    0x00, 0x00, 0x00, 0x00, 0x00, 0x00, 0x00, 0x00, 0x00, 0x00, 0x00, 0x00,
    0x00, 0x00, 0x00, 0x00, 0x00, 0x00, 0x00, 0x00, 0x00, 0x00, 0x00, 0x00,
    0x00, 0x00, 0x00, 0x00, 0x00, 0x00, 0x00, 0x00, 0x00, 0x00, 0x00, 0x00,
    0x00, 0x00, 0x00, 0x00, 0x00, 0x00, 0x00, 0x00, 0x00, 0x00, 0x00, 0x00,
    0x00, 0x00, 0x00, 0x00, 0x00, 0x00, 0x00, 0x00, 0x00, 0x00, 0x00, 0x00,
    0x00, 0x00, 0x00, 0x00, 0x00, 0x00, 0x00, 0x00, 0x00, 0x00, 0x00, 0x00,
    0x00, 0x00, 0x00, 0x00, 0x00, 0x00, 0x00, 0x00, 0x00, 0x00, 0x00, 0x00,
    0x00, 0x00, 0x00, 0x00, 0x00, 0x00, 0x00, 0x00, 0x00, 0x00, 0x00, 0x00,
    0x00, 0x00, 0x00, 0x00, 0x00, 0x00, 0x00, 0x00, 0x00, 0x00, 0x00, 0x00,
    0x00, 0x00, 0x00, 0x00, 0x00, 0x00, 0x00, 0x00, 0x00, 0x00, 0x00, 0x00,
    0x00, 0x00, 0x00, 0x00, 0x00, 0x00, 0x00, 0x00, 0x00, 0x00, 0x00, 0x00,
    0x00, 0x00, 0x00, 0x00, 0x00, 0x00, 0x00, 0x00, 0x00, 0x00, 0x00, 0x00,
    0x00, 0x00, 0x00, 0x00, 0x00, 0x00, 0x00, 0x00, 0x00, 0x00, 0x00, 0x00,
    0x00, 0x00, 0x00, 0x00, 0x00, 0x00, 0x00, 0x00, 0x00, 0x0C, 0x31, 0x2B,
    0x41, 0x31, 0x2B, 0x82, 0x31, 0x4B, 0xB9, 0x31, 0x4B, 0xEA, 0x31, 0x4B,
    0xFB, 0x31, 0x4B, 0xFF, 0x31, 0x4B, 0xFF, 0x31, 0x4B, 0xFF, 0x31, 0x4B,
    0xFF, 0x31, 0x4B, 0xFF, 0x31, 0x4B, 0xFF, 0x31, 0x4B, 0xFF, 0x31, 0x4B,
    0xFF, 0x31, 0x4B, 0xFF, 0x31, 0x4B, 0xFE, 0x31, 0x4B, 0xF7, 0x31, 0x4B,
    0xDB, 0x31, 0x4B, 0xA8, 0x31, 0x4B, 0x6D, 0x31, 0x2B, 0x2C, 0x31, 0x2B,
    0x05, 0x29, 0x0B, 0x00, 0x00, 0x00, 0x00, 0x00, 0x00, 0x00, 0x00, 0x00,
    0x00, 0x00, 0x00, 0x00, 0x00, 0x00, 0x00, 0x00, 0x00, 0x00, 0x00, 0x00,
    0x00, 0x00, 0x00, 0x00, 0x00, 0x00, 0x00, 0x00, 0x00, 0x00, 0x00, 0x00,
    0x00, 0x00, 0x00, 0x00, 0x00, 0x00, 0x00, 0x00, 0x00, 0x00, 0x00, 0x00,
    0x00, 0x00, 0x00, 0x00, 0x00, 0x00, 0x00, 0x00, 0x00, 0x00, 0x00, 0x00,
    0x00, 0x00, 0x00, 0x00, 0x00, 0x00, 0x00, 0x00, 0x00, 0x00, 0x00, 0x00,
    0x00, 0x00, 0x00, 0x00, 0x00, 0x00, 0x00, 0x00, 0x00, 0x00, 0x00, 0x00,
    0x00, 0x00, 0x00, 0x00, 0x00, 0x00, 0x00, 0x00, 0x00, 0x00, 0x00, 0x00,
    0x00, 0x00, 0x00, 0x00, 0x00, 0x00, 0x00, 0x00, 0x00, 0x00, 0x00, 0x00,
    0x00, 0x00, 0x00, 0x00, 0x00, 0x00, 0x00, 0x00, 0x00, 0x00, 0x00, 0x00,
    0x00, 0x00, 0x00, 0x00, 0x00, 0x00, 0x00, 0x00, 0x00, 0x00, 0x00, 0x00,
    0x00, 0x00, 0x00, 0x00, 0x00, 0x00, 0x00, 0x00, 0x00, 0x00, 0x00, 0x00,
    0x00, 0x00, 0x00, 0x00, 0x00, 0x00, 0x00, 0x00, 0x00, 0x00, 0x00, 0x00,
    0x00, 0x00, 0x00, 0x00, 0x00, 0x00, 0x00, 0x00, 0x00, 0x00, 0x00, 0x00,
    0x08, 0x29, 0x0B, 0x53, 0x31, 0x2B, 0xAB, 0x31, 0x4B, 0xEE, 0x31, 0x4B,
    0xFF, 0x31, 0x4B, 0xFF, 0x31, 0x4B, 0xFF, 0x31, 0x4B, 0xFF, 0x31, 0x4B,
    0xFF, 0x31, 0x4B, 0xFF, 0x31, 0x4B, 0xFF, 0x31, 0x4B, 0xFF, 0x31, 0x4B,
    0xFF, 0x31, 0x4B, 0xFF, 0x31, 0x4B, 0xFF, 0x31, 0x4B, 0xFF, 0x31, 0x4B,
    0xFF, 0x31, 0x4B, 0xFF, 0x31, 0x4B, 0xFF, 0x31, 0x4B, 0xFF, 0x31, 0x4B,
    0xFF, 0x31, 0x4B, 0xFF, 0x31, 0x4B, 0xFF, 0x31, 0x4B, 0xFE, 0x31, 0x4B,
    0xDE, 0x31, 0x4B, 0x8E, 0x31, 0x4B, 0x37, 0x31, 0x2B, 0x00, 0x00, 0x00,
    0x00, 0x00, 0x00, 0x00, 0x00, 0x00, 0x00, 0x00, 0x00, 0x00, 0x00, 0x00,
    0x00, 0x00, 0x00, 0x00, 0x00, 0x00, 0x00, 0x00, 0x00, 0x00, 0x00, 0x00,
    0x00, 0x00, 0x00, 0x00, 0x00, 0x00, 0x00, 0x00, 0x00, 0x00, 0x00, 0x00,
    0x00, 0x00, 0x00, 0x00, 0x00, 0x00, 0x00, 0x00, 0x00, 0x00, 0x00, 0x00,
    0x00, 0x00, 0x00, 0x00, 0x00, 0x00, 0x00, 0x00, 0x00, 0x00, 0x00, 0x00,
    0x00, 0x00, 0x00, 0x00, 0x00, 0x00, 0x00, 0x00, 0x00, 0x00, 0x00, 0x00,
    0x00, 0x00, 0x00, 0x00, 0x00, 0x00, 0x00, 0x00, 0x00, 0x00, 0x00, 0x00,
    0x00, 0x00, 0x00, 0x00, 0x00, 0x00, 0x00, 0x00, 0x00, 0x00, 0x00, 0x00,
    0x00, 0x00, 0x00, 0x00, 0x00, 0x00, 0x00, 0x00, 0x00, 0x00, 0x00, 0x00,
    0x00, 0x00, 0x00, 0x00, 0x00, 0x00, 0x00, 0x00, 0x00, 0x00, 0x00, 0x00,
    0x00, 0x00, 0x00, 0x00, 0x00, 0x00, 0x00, 0x00, 0x00, 0x00, 0x00, 0x00,
    0x00, 0x00, 0x00, 0x00, 0x00, 0x00, 0x00, 0x00, 0x00, 0x00, 0x00, 0x00,
    0x00, 0x00, 0x00, 0x00, 0x00, 0x00, 0x21, 0x31, 0x2B, 0x8A, 0x31, 0x4B,
    0xEA, 0x31, 0x4B, 0xFF, 0x31, 0x4B, 0xFF, 0x31, 0x4B, 0xFF, 0x31, 0x4B,
    0xFF, 0x31, 0x4B, 0xFF, 0x31, 0x4B, 0xFF, 0x31, 0x4B, 0xFF, 0x31, 0x4B,
    0xFF, 0x31, 0x4B, 0xFF, 0x31, 0x4B, 0xFF, 0x31, 0x4B, 0xFF, 0x31, 0x4B,
    0xFF, 0x31, 0x4B, 0xFF, 0x31, 0x4B, 0xFF, 0x31, 0x4B, 0xFF, 0x31, 0x4B,
    0xFF, 0x31, 0x4B, 0xFF, 0x31, 0x4B, 0xFF, 0x31, 0x4B, 0xFF, 0x31, 0x4B,
    0xFF, 0x31, 0x4B, 0xFF, 0x31, 0x4B, 0xFF, 0x31, 0x4B, 0xFF, 0x31, 0x4B,
    0xFF, 0x31, 0x4B, 0xFF, 0x31, 0x4B, 0xFE, 0x31, 0x4B, 0xD1, 0x31, 0x4B,
    0x66, 0x31, 0x2B, 0x0B, 0x31, 0x0B, 0x00, 0x00, 0x00, 0x00, 0x00, 0x00,
    0x00, 0x00, 0x00, 0x00, 0x00, 0x00, 0x00, 0x00, 0x00, 0x00, 0x00, 0x00,
    0x00, 0x00, 0x00, 0x00, 0x00, 0x00, 0x00, 0x00, 0x00, 0x00, 0x00, 0x00,
    0x00, 0x00, 0x00, 0x00, 0x00, 0x00, 0x00, 0x00, 0x00, 0x00, 0x00, 0x00,
    0x00, 0x00, 0x00, 0x00, 0x00, 0x00, 0x00, 0x00, 0x00, 0x00, 0x00, 0x00,
    0x00, 0x00, 0x00, 0x00, 0x00, 0x00, 0x00, 0x00, 0x00, 0x00, 0x00, 0x00,
    0x00, 0x00, 0x00, 0x00, 0x00, 0x00, 0x00, 0x00, 0x00, 0x00, 0x00, 0x00,
    0x00, 0x00, 0x00, 0x00, 0x00, 0x00, 0x00, 0x00, 0x00, 0x00, 0x00, 0x00,
    0x00, 0x00, 0x00, 0x00, 0x00, 0x00, 0x00, 0x00, 0x00, 0x00, 0x00, 0x00,
    0x00, 0x00, 0x00, 0x00, 0x00, 0x00, 0x00, 0x00, 0x00, 0x00, 0x00, 0x00,
    0x00, 0x00, 0x00, 0x00, 0x00, 0x00, 0x00, 0x00, 0x00, 0x00, 0x00, 0x00,
    0x00, 0x00, 0x00, 0x00, 0x00, 0x00, 0x00, 0x00, 0x00, 0x00, 0x00, 0x00,
    0x1F, 0x31, 0x2B, 0x9C, 0x31, 0x4B, 0xF6, 0x31, 0x4B, 0xFF, 0x31, 0x4B,
    0xFF, 0x31, 0x4B, 0xFF, 0x31, 0x4B, 0xFF, 0x31, 0x4B, 0xFF, 0x31, 0x4B,
    0xFF, 0x31, 0x4B, 0xFF, 0x31, 0x4B, 0xFF, 0x31, 0x4B, 0xFF, 0x31, 0x4B,
    0xFF, 0x31, 0x4B, 0xFF, 0x31, 0x4B, 0xFF, 0x31, 0x4B, 0xFF, 0x31, 0x4B,
    0xFF, 0x31, 0x4B, 0xFF, 0x31, 0x4B, 0xFF, 0x31, 0x4B, 0xFF, 0x31, 0x4B,
    0xFF, 0x31, 0x4B, 0xFF, 0x31, 0x4B, 0xFF, 0x31, 0x4B, 0xFF, 0x31, 0x4B,
    0xFF, 0x31, 0x4B, 0xFF, 0x31, 0x4B, 0xFF, 0x31, 0x4B, 0xFF, 0x31, 0x4B,
    0xFF, 0x31, 0x4B, 0xFF, 0x31, 0x4B, 0xFF, 0x31, 0x4B, 0xFF, 0x31, 0x4B,
    0xFF, 0x31, 0x4B, 0xE4, 0x31, 0x4B, 0x72, 0x31, 0x2B, 0x09, 0x29, 0x0B,
    0x00, 0x00, 0x00, 0x00, 0x00, 0x00, 0x00, 0x00, 0x00, 0x00, 0x00, 0x00,
    0x00, 0x00, 0x00, 0x00, 0x00, 0x00, 0x00, 0x00, 0x00, 0x00, 0x00, 0x00,
    0x00, 0x00, 0x00, 0x00, 0x00, 0x00, 0x00, 0x00, 0x00, 0x00, 0x00, 0x00,
    0x00, 0x00, 0x00, 0x00, 0x00, 0x00, 0x00, 0x00, 0x00, 0x00, 0x00, 0x00,
    0x00, 0x00, 0x00, 0x00, 0x00, 0x00, 0x00, 0x00, 0x00, 0x00, 0x00, 0x00,
    0x00, 0x00, 0x00, 0x00, 0x00, 0x00, 0x00, 0x00, 0x00, 0x00, 0x00, 0x00,
    0x00, 0x00, 0x00, 0x00, 0x00, 0x00, 0x00, 0x00, 0x00, 0x00, 0x00, 0x00,
    0x00, 0x00, 0x00, 0x00, 0x00, 0x00, 0x00, 0x00, 0x00, 0x00, 0x00, 0x00,
    0x00, 0x00, 0x00, 0x00, 0x00, 0x00, 0x00, 0x00, 0x00, 0x00, 0x00, 0x00,
    0x00, 0x00, 0x00, 0x00, 0x00, 0x00, 0x00, 0x00, 0x00, 0x00, 0x00, 0x00,
    0x00, 0x00, 0x00, 0x00, 0x00, 0x00, 0x0F, 0x31, 0x2B, 0x87, 0x31, 0x4B,
    0xF7, 0x31, 0x4B, 0xFF, 0x31, 0x4B, 0xFF, 0x31, 0x4B, 0xFF, 0x31, 0x4B,
    0xFF, 0x31, 0x4B, 0xFF, 0x31, 0x4B, 0xFF, 0x31, 0x4B, 0xFF, 0x31, 0x4B,
    0xFF, 0x31, 0x4B, 0xFF, 0x31, 0x4B, 0xFF, 0x31, 0x4B, 0xFF, 0x31, 0x4B,
    0xFF, 0x31, 0x4B, 0xFF, 0x31, 0x4B, 0xFF, 0x31, 0x4B, 0xFF, 0x31, 0x4B,
    0xFF, 0x31, 0x4B, 0xFF, 0x31, 0x4B, 0xFF, 0x31, 0x4B, 0xFF, 0x31, 0x4B,
    0xFF, 0x31, 0x4B, 0xFF, 0x31, 0x4B, 0xFF, 0x31, 0x4B, 0xFF, 0x31, 0x4B,
    0xFF, 0x31, 0x4B, 0xFF, 0x31, 0x4B, 0xFF, 0x31, 0x4B, 0xFF, 0x31, 0x4B,
    0xFF, 0x31, 0x4B, 0xFF, 0x31, 0x4B, 0xFF, 0x31, 0x4B, 0xFF, 0x31, 0x4B,
    0xFF, 0x31, 0x4B, 0xFF, 0x31, 0x4B, 0xFF, 0x31, 0x4B, 0xE0, 0x31, 0x4B,
    0x56, 0x31, 0x2B, 0x02, 0x29, 0x0B, 0x00, 0x00, 0x00, 0x00, 0x00, 0x00,
    0x00, 0x00, 0x00, 0x00, 0x00, 0x00, 0x00, 0x00, 0x00, 0x00, 0x00, 0x00,
    0x00, 0x00, 0x00, 0x00, 0x00, 0x00, 0x00, 0x00, 0x00, 0x00, 0x00, 0x00,
    0x00, 0x00, 0x00, 0x00, 0x00, 0x00, 0x00, 0x00, 0x00, 0x00, 0x00, 0x00,
    0x00, 0x00, 0x00, 0x00, 0x00, 0x00, 0x00, 0x00, 0x00, 0x00, 0x00, 0x00,
    0x00, 0x00, 0x00, 0x00, 0x00, 0x00, 0x00, 0x00, 0x00, 0x00, 0x00, 0x00,
    0x00, 0x00, 0x00, 0x00, 0x00, 0x00, 0x00, 0x00, 0x00, 0x00, 0x00, 0x00,
    0x00, 0x00, 0x00, 0x00, 0x00, 0x00, 0x00, 0x00, 0x00, 0x00, 0x00, 0x00,
    0x00, 0x00, 0x00, 0x00, 0x00, 0x00, 0x00, 0x00, 0x00, 0x00, 0x00, 0x00,
    0x00, 0x00, 0x00, 0x00, 0x00, 0x00, 0x00, 0x00, 0x00, 0x00, 0x00, 0x00,
    0x00, 0x31, 0x2B, 0x47, 0x31, 0x2B, 0xDE, 0x31, 0x4B, 0xFF, 0x31, 0x4B,
    0xFF, 0x31, 0x4B, 0xFF, 0x31, 0x4B, 0xFF, 0x31, 0x4B, 0xFF, 0x31, 0x4B,
    0xFF, 0x31, 0x4B, 0xFF, 0x31, 0x4B, 0xFF, 0x31, 0x4B, 0xFF, 0x31, 0x4B,
    0xFF, 0x31, 0x4B, 0xFF, 0x31, 0x4B, 0xFF, 0x31, 0x4B, 0xFF, 0x31, 0x4B,
    0xFF, 0x31, 0x4B, 0xFF, 0x31, 0x4B, 0xFF, 0x31, 0x4B, 0xFF, 0x31, 0x4B,
    0xFF, 0x31, 0x4B, 0xFF, 0x31, 0x4B, 0xFF, 0x31, 0x4B, 0xFF, 0x31, 0x4B,
    0xFF, 0x31, 0x4B, 0xFF, 0x31, 0x4B, 0xFF, 0x31, 0x4B, 0xFF, 0x31, 0x4B,
    0xFF, 0x31, 0x4B, 0xFF, 0x31, 0x4B, 0xFF, 0x31, 0x4B, 0xFF, 0x31, 0x4B,
    0xFF, 0x31, 0x4B, 0xFF, 0x31, 0x4B, 0xFF, 0x31, 0x4B, 0xFF, 0x31, 0x4B,
    0xFF, 0x31, 0x4B, 0xFF, 0x31, 0x4B, 0xFF, 0x31, 0x4B, 0xFF, 0x31, 0x4B,
    0xFE, 0x31, 0x4B, 0xB5, 0x31, 0x4B, 0x1E, 0x31, 0x2B, 0x00, 0x00, 0x00,
    0x00, 0x00, 0x00, 0x00, 0x00, 0x00, 0x00, 0x00, 0x00, 0x00, 0x00, 0x00,
    0x00, 0x00, 0x00, 0x00, 0x00, 0x00, 0x00, 0x00, 0x00, 0x00, 0x00, 0x00,
    0x00, 0x00, 0x00, 0x00, 0x00, 0x00, 0x00, 0x00, 0x00, 0x00, 0x00, 0x00,
    0x00, 0x00, 0x00, 0x00, 0x00, 0x00, 0x00, 0x00, 0x00, 0x00, 0x00, 0x00,
    0x00, 0x00, 0x00, 0x00, 0x00, 0x00, 0x00, 0x00, 0x00, 0x00, 0x00, 0x00,
    0x00, 0x00, 0x00, 0x00, 0x00, 0x00, 0x00, 0x00, 0x00, 0x00, 0x00, 0x00,
    0x00, 0x00, 0x00, 0x00, 0x00, 0x00, 0x00, 0x00, 0x00, 0x00, 0x00, 0x00,
    0x00, 0x00, 0x00, 0x00, 0x00, 0x00, 0x00, 0x00, 0x00, 0x00, 0x00, 0x00,
    0x00, 0x00, 0x00, 0x00, 0x00, 0x00, 0x00, 0x00, 0x00, 0x09, 0x31, 0x2B,
    0x95, 0x31, 0x4B, 0xFD, 0x31, 0x4B, 0xFF, 0x31, 0x4B, 0xFF, 0x31, 0x4B,
    0xFF, 0x31, 0x4B, 0xFF, 0x31, 0x4B, 0xFF, 0x31, 0x4B, 0xFF, 0x31, 0x4B,
    0xFF, 0x31, 0x4B, 0xFF, 0x31, 0x4B, 0xFF, 0x31, 0x4B, 0xFF, 0x31, 0x4B,
    0xFF, 0x31, 0x4B, 0xFF, 0x31, 0x4B, 0xFF, 0x31, 0x4B, 0xFF, 0x31, 0x4B,
    0xFF, 0x31, 0x4B, 0xFF, 0x31, 0x4B, 0xFF, 0x31, 0x4B, 0xFF, 0x31, 0x4B,
    0xFF, 0x31, 0x4B, 0xFF, 0x31, 0x4B, 0xFF, 0x31, 0x4B, 0xFF, 0x31, 0x4B,
    0xFF, 0x31, 0x4B, 0xFF, 0x31, 0x4B, 0xFF, 0x31, 0x4B, 0xFF, 0x31, 0x4B,
    0xFF, 0x31, 0x4B, 0xFF, 0x31, 0x4B, 0xFF, 0x31, 0x4B, 0xFF, 0x31, 0x4B,
    0xFF, 0x31, 0x4B, 0xFF, 0x31, 0x4B, 0xFF, 0x31, 0x4B, 0xFF, 0x31, 0x4B,
    0xFF, 0x31, 0x4B, 0xFF, 0x31, 0x4B, 0xFF, 0x31, 0x4B, 0xFF, 0x31, 0x4B,
    0xFF, 0x31, 0x4B, 0xFF, 0x31, 0x4B, 0xEE, 0x31, 0x4B, 0x5A, 0x31, 0x2B,
    0x00, 0x00, 0x00, 0x00, 0x00, 0x00, 0x00, 0x00, 0x00, 0x00, 0x00, 0x00,
    0x00, 0x00, 0x00, 0x00, 0x00, 0x00, 0x00, 0x00, 0x00, 0x00, 0x00, 0x00,
    0x00, 0x00, 0x00, 0x00, 0x00, 0x00, 0x00, 0x00, 0x00, 0x00, 0x00, 0x00,
    0x00, 0x00, 0x00, 0x00, 0x00, 0x00, 0x00, 0x00, 0x00, 0x00, 0x00, 0x00,
    0x00, 0x00, 0x00, 0x00, 0x00, 0x00, 0x00, 0x00, 0x00, 0x00, 0x00, 0x00,
    0x00, 0x00, 0x00, 0x00, 0x00, 0x00, 0x00, 0x00, 0x00, 0x00, 0x00, 0x00,
    0x00, 0x00, 0x00, 0x00, 0x00, 0x00, 0x00, 0x00, 0x00, 0x00, 0x00, 0x00,
    0x00, 0x00, 0x00, 0x00, 0x00, 0x00, 0x00, 0x00, 0x00, 0x00, 0x00, 0x00,
    0x00, 0x00, 0x00, 0x00, 0x00, 0x00, 0x20, 0x31, 0x2B, 0xC9, 0x31, 0x4B,
    0xFF, 0x31, 0x4B, 0xFF, 0x31, 0x4B, 0xFF, 0x31, 0x4B, 0xFF, 0x31, 0x4B,
    0xFF, 0x31, 0x4B, 0xFF, 0x31, 0x4B, 0xFF, 0x31, 0x4B, 0xFF, 0x31, 0x4B,
    0xFF, 0x31, 0x4B, 0xFF, 0x31, 0x4B, 0xFF, 0x31, 0x4B, 0xFF, 0x31, 0x4B,
    0xFF, 0x31, 0x4B, 0xFF, 0x31, 0x4B, 0xFF, 0x31, 0x4B, 0xFF, 0x31, 0x4B,
    0xFF, 0x31, 0x4B, 0xFF, 0x31, 0x4B, 0xFF, 0x31, 0x4B, 0xFF, 0x31, 0x4B,
    0xFF, 0x31, 0x4B, 0xFF, 0x31, 0x4B, 0xFF, 0x31, 0x4B, 0xFF, 0x31, 0x4B,
    0xFF, 0x31, 0x4B, 0xFF, 0x31, 0x4B, 0xFF, 0x31, 0x4B, 0xFF, 0x31, 0x4B,
    0xFF, 0x31, 0x4B, 0xFF, 0x31, 0x4B, 0xFF, 0x31, 0x4B, 0xFF, 0x31, 0x4B,
    0xFF, 0x31, 0x4B, 0xFF, 0x31, 0x4B, 0xFF, 0x31, 0x4B, 0xFF, 0x31, 0x4B,
    0xFF, 0x31, 0x4B, 0xFF, 0x31, 0x4B, 0xFF, 0x31, 0x4B, 0xFF, 0x31, 0x4B,
    0xFF, 0x31, 0x4B, 0xFF, 0x31, 0x4B, 0xFF, 0x31, 0x4B, 0xFD, 0x31, 0x4B,
    0x91, 0x31, 0x4B, 0x07, 0x31, 0x2B, 0x00, 0x00, 0x00, 0x00, 0x00, 0x00,
    0x00, 0x00, 0x00, 0x00, 0x00, 0x00, 0x00, 0x00, 0x00, 0x00, 0x00, 0x00,
    0x00, 0x00, 0x00, 0x00, 0x00, 0x00, 0x00, 0x00, 0x00, 0x00, 0x00, 0x00,
    0x00, 0x00, 0x00, 0x00, 0x00, 0x00, 0x00, 0x00, 0x00, 0x00, 0x00, 0x00,
    0x00, 0x00, 0x00, 0x00, 0x00, 0x00, 0x00, 0x00, 0x00, 0x00, 0x00, 0x00,
    0x00, 0x00, 0x00, 0x00, 0x00, 0x00, 0x00, 0x00, 0x00, 0x00, 0x00, 0x00,
    0x00, 0x00, 0x00, 0x00, 0x00, 0x00, 0x00, 0x00, 0x00, 0x00, 0x00, 0x00,
    0x00, 0x00, 0x00, 0x00, 0x00, 0x00, 0x00, 0x00, 0x00, 0x00, 0x00, 0x00,
    0x00, 0x00, 0x00, 0x37, 0x31, 0x2B, 0xE6, 0x31, 0x4B, 0xFF, 0x31, 0x4B,
    0xFF, 0x31, 0x4B, 0xFF, 0x31, 0x4B, 0xFF, 0x31, 0x4B, 0xFF, 0x31, 0x4B,
    0xFF, 0x31, 0x4B, 0xFF, 0x31, 0x4B, 0xFF, 0x31, 0x4B, 0xFF, 0x31, 0x4B,
    0xFF, 0x31, 0x4B, 0xFF, 0x31, 0x4B, 0xFF, 0x31, 0x4B, 0xFF, 0x31, 0x4B,
    0xFF, 0x31, 0x4B, 0xFF, 0x31, 0x4B, 0xFF, 0x31, 0x4B, 0xFF, 0x31, 0x4B,
    0xFF, 0x31, 0x4B, 0xFF, 0x31, 0x4B, 0xFF, 0x31, 0x4B, 0xFF, 0x31, 0x4B,
    0xFF, 0x31, 0x4B, 0xFF, 0x31, 0x4B, 0xFF, 0x31, 0x4B, 0xFF, 0x31, 0x4B,
    0xFF, 0x31, 0x4B, 0xFF, 0x31, 0x4B, 0xFF, 0x31, 0x4B, 0xFF, 0x31, 0x4B,
    0xFF, 0x31, 0x4B, 0xFF, 0x31, 0x4B, 0xFF, 0x31, 0x4B, 0xFF, 0x31, 0x4B,
    0xFF, 0x31, 0x4B, 0xFF, 0x31, 0x4B, 0xFF, 0x31, 0x4B, 0xFF, 0x31, 0x4B,
    0xFF, 0x31, 0x4B, 0xFF, 0x31, 0x4B, 0xFF, 0x31, 0x4B, 0xFF, 0x31, 0x4B,
    0xFF, 0x31, 0x4B, 0xFF, 0x31, 0x4B, 0xFF, 0x31, 0x4B, 0xFF, 0x31, 0x4B,
    0xFF, 0x31, 0x4B, 0xB9, 0x31, 0x4B, 0x10, 0x31, 0x2B, 0x00, 0x00, 0x00,
    0x00, 0x00, 0x00, 0x00, 0x00, 0x00, 0x00, 0x00, 0x00, 0x00, 0x00, 0x00,
    0x00, 0x00, 0x00, 0x00, 0x00, 0x00, 0x00, 0x00, 0x00, 0x00, 0x00, 0x00,
    0x00, 0x00, 0x00, 0x00, 0x00, 0x00, 0x00, 0x00, 0x00, 0x00, 0x00, 0x00,
    0x00, 0x00, 0x00, 0x00, 0x00, 0x00, 0x00, 0x00, 0x00, 0x00, 0x00, 0x00,
    0x00, 0x00, 0x00, 0x00, 0x00, 0x00, 0x00, 0x00, 0x00, 0x00, 0x00, 0x00,
    0x00, 0x00, 0x00, 0x00, 0x00, 0x00, 0x00, 0x00, 0x00, 0x00, 0x00, 0x00,
    0x00, 0x00, 0x00, 0x00, 0x00, 0x00, 0x00, 0x00, 0x00, 0x00, 0x00, 0x00,
    0x45, 0x31, 0x4B, 0xF1, 0x31, 0x4B, 0xFF, 0x31, 0x4B, 0xFF, 0x31, 0x4B,
    0xFF, 0x31, 0x4B, 0xFF, 0x31, 0x4B, 0xFF, 0x31, 0x4B, 0xFF, 0x31, 0x4B,
    0xFF, 0x31, 0x4B, 0xFF, 0x31, 0x4B, 0xFF, 0x31, 0x4B, 0xFF, 0x31, 0x4B,
    0xFF, 0x31, 0x4B, 0xFF, 0x31, 0x4B, 0xFF, 0x31, 0x4B, 0xFF, 0x31, 0x4B,
    0xFF, 0x31, 0x4B, 0xFF, 0x31, 0x4B, 0xFF, 0x31, 0x4B, 0xFF, 0x31, 0x4B,
    0xFF, 0x31, 0x4B, 0xFF, 0x31, 0x4B, 0xFF, 0x31, 0x4B, 0xFF, 0x31, 0x4B,
    0xFF, 0x31, 0x4B, 0xFF, 0x31, 0x4B, 0xFF, 0x31, 0x4B, 0xFF, 0x31, 0x4B,
    0xFF, 0x31, 0x4B, 0xFF, 0x31, 0x4B, 0xFF, 0x31, 0x4B, 0xFF, 0x31, 0x4B,
    0xFF, 0x31, 0x4B, 0xFF, 0x31, 0x4B, 0xFF, 0x31, 0x4B, 0xFF, 0x31, 0x4B,
    0xFF, 0x31, 0x4B, 0xFF, 0x31, 0x4B, 0xFF, 0x31, 0x4B, 0xFF, 0x31, 0x4B,
    0xFF, 0x31, 0x4B, 0xFF, 0x31, 0x4B, 0xFF, 0x31, 0x4B, 0xFF, 0x31, 0x4B,
    0xFF, 0x31, 0x4B, 0xFF, 0x31, 0x4B, 0xFF, 0x31, 0x4B, 0xFF, 0x31, 0x4B,
    0xFF, 0x31, 0x4B, 0xFF, 0x31, 0x4B, 0xCC, 0x31, 0x4B, 0x18, 0x31, 0x2B,
    0x00, 0x00, 0x00, 0x00, 0x00, 0x00, 0x00, 0x00, 0x00, 0x00, 0x00, 0x00,
    0x00, 0x00, 0x00, 0x00, 0x00, 0x00, 0x00, 0x00, 0x00, 0x00, 0x00, 0x00,
    0x00, 0x00, 0x00, 0x00, 0x00, 0x00, 0x00, 0x00, 0x00, 0x00, 0x00, 0x00,
    0x00, 0x00, 0x00, 0x00, 0x00, 0x00, 0x00, 0x00, 0x00, 0x00, 0x00, 0x00,
    0x00, 0x00, 0x00, 0x00, 0x00, 0x00, 0x00, 0x00, 0x00, 0x00, 0x00, 0x00,
    0x00, 0x00, 0x00, 0x00, 0x00, 0x00, 0x00, 0x00, 0x00, 0x00, 0x00, 0x00,
    0x00, 0x00, 0x00, 0x00, 0x00, 0x00, 0x00, 0x00, 0x00, 0x46, 0x31, 0x4B,
    0xF4, 0x31, 0x4B, 0xFF, 0x31, 0x4B, 0xFF, 0x31, 0x4B, 0xFF, 0x31, 0x4B,
    0xFF, 0x31, 0x4B, 0xFF, 0x31, 0x4B, 0xFF, 0x31, 0x4B, 0xFF, 0x31, 0x4B,
    0xFF, 0x31, 0x4B, 0xFF, 0x31, 0x4B, 0xFF, 0x31, 0x4B, 0xFF, 0x31, 0x4B,
    0xFF, 0x31, 0x4B, 0xFF, 0x31, 0x4B, 0xFF, 0x31, 0x4B, 0xFF, 0x31, 0x4B,
    0xFF, 0x31, 0x4B, 0xFF, 0x31, 0x4B, 0xFF, 0x31, 0x4B, 0xFF, 0x31, 0x4B,
    0xFF, 0x31, 0x4B, 0xFF, 0x31, 0x4B, 0xFF, 0x31, 0x4B, 0xFF, 0x31, 0x4B,
    0xFF, 0x31, 0x4B, 0xFF, 0x31, 0x4B, 0xFF, 0x31, 0x4B, 0xFF, 0x31, 0x4B,
    0xFF, 0x31, 0x4B, 0xFF, 0x31, 0x4B, 0xFF, 0x31, 0x4B, 0xFF, 0x31, 0x4B,
    0xFF, 0x31, 0x4B, 0xFF, 0x31, 0x4B, 0xFF, 0x31, 0x4B, 0xFF, 0x31, 0x4B,
    0xFF, 0x31, 0x4B, 0xFF, 0x31, 0x4B, 0xFF, 0x31, 0x4B, 0xFF, 0x31, 0x4B,
    0xFF, 0x31, 0x4B, 0xFF, 0x31, 0x4B, 0xFF, 0x31, 0x4B, 0xFF, 0x31, 0x4B,
    0xFF, 0x31, 0x4B, 0xFF, 0x31, 0x4B, 0xFF, 0x31, 0x4B, 0xFF, 0x31, 0x4B,
    0xFF, 0x31, 0x4B, 0xFF, 0x31, 0x4B, 0xFF, 0x31, 0x4B, 0xD2, 0x31, 0x4B,
    0x17, 0x31, 0x2B, 0x00, 0x00, 0x00, 0x00, 0x00, 0x00, 0x00, 0x00, 0x00,
    0x00, 0x00, 0x00, 0x00, 0x00, 0x00, 0x00, 0x00, 0x00, 0x00, 0x00, 0x00,
    0x00, 0x00, 0x00, 0x00, 0x00, 0x00, 0x00, 0x00, 0x00, 0x00, 0x00, 0x00,
    0x00, 0x00, 0x00, 0x00, 0x00, 0x00, 0x00, 0x00, 0x00, 0x00, 0x00, 0x00,
    0x00, 0x00, 0x00, 0x00, 0x00, 0x00, 0x00, 0x00, 0x00, 0x00, 0x00, 0x00,
    0x00, 0x00, 0x00, 0x00, 0x00, 0x00, 0x00, 0x00, 0x00, 0x00, 0x00, 0x00,
    0x00, 0x00, 0x00, 0x00, 0x00, 0x00, 0x3B, 0x31, 0x4B, 0xF2, 0x31, 0x4B,
    0xFF, 0x31, 0x4B, 0xFF, 0x31, 0x4B, 0xFF, 0x31, 0x4B, 0xFF, 0x31, 0x4B,
    0xFF, 0x31, 0x4B, 0xFF, 0x31, 0x4B, 0xFF, 0x31, 0x4B, 0xFF, 0x31, 0x4B,
    0xFF, 0x31, 0x4B, 0xFF, 0x31, 0x4B, 0xFF, 0x31, 0x4B, 0xFF, 0x31, 0x4B,
    0xFF, 0x31, 0x4B, 0xFF, 0x31, 0x4B, 0xFF, 0x31, 0x4B, 0xFF, 0x31, 0x4B,
    0xFF, 0x31, 0x4B, 0xFF, 0x31, 0x4B, 0xFF, 0x31, 0x4B, 0xFF, 0x31, 0x4B,
    0xFF, 0x31, 0x4B, 0xFF, 0x31, 0x4B, 0xFF, 0x31, 0x4B, 0xFF, 0x31, 0x4B,
    0xFF, 0x31, 0x4B, 0xFF, 0x31, 0x4B, 0xFF, 0x31, 0x4B, 0xFF, 0x31, 0x4B,
    0xFF, 0x31, 0x4B, 0xFF, 0x31, 0x4B, 0xFF, 0x31, 0x4B, 0xFF, 0x31, 0x4B,
    0xFF, 0x31, 0x4B, 0xFF, 0x31, 0x4B, 0xFF, 0x31, 0x4B, 0xFF, 0x31, 0x4B,
    0xFF, 0x31, 0x4B, 0xFF, 0x31, 0x4B, 0xFF, 0x31, 0x4B, 0xFF, 0x31, 0x4B,
    0xFF, 0x31, 0x4B, 0xFF, 0x31, 0x4B, 0xFF, 0x31, 0x4B, 0xFF, 0x31, 0x4B,
    0xFF, 0x31, 0x4B, 0xFF, 0x31, 0x4B, 0xFF, 0x31, 0x4B, 0xFF, 0x31, 0x4B,
    0xFF, 0x31, 0x4B, 0xFF, 0x31, 0x4B, 0xFF, 0x31, 0x4B, 0xFF, 0x31, 0x4B,
    0xCA, 0x31, 0x4B, 0x0F, 0x31, 0x2B, 0x00, 0x00, 0x00, 0x00, 0x00, 0x00,
    0x00, 0x00, 0x00, 0x00, 0x00, 0x00, 0x00, 0x00, 0x00, 0x00, 0x00, 0x00,
    0x00, 0x00, 0x00, 0x00, 0x00, 0x00, 0x00, 0x00, 0x00, 0x00, 0x00, 0x00,
    0x00, 0x00, 0x00, 0x00, 0x00, 0x00, 0x00, 0x00, 0x00, 0x00, 0x00, 0x00,
    0x00, 0x00, 0x00, 0x00, 0x00, 0x00, 0x00, 0x00, 0x00, 0x00, 0x00, 0x00,
    0x00, 0x00, 0x00, 0x00, 0x00, 0x00, 0x00, 0x00, 0x00, 0x00, 0x00, 0x00,
    0x00, 0x00, 0x00, 0x23, 0x31, 0x4C, 0xE8, 0x31, 0x4B, 0xFF, 0x31, 0x4B,
    0xFF, 0x31, 0x4B, 0xFF, 0x31, 0x4B, 0xFF, 0x31, 0x4B, 0xFF, 0x31, 0x4B,
    0xFF, 0x31, 0x4B, 0xFF, 0x31, 0x4B, 0xFF, 0x31, 0x4B, 0xFF, 0x31, 0x4B,
    0xFF, 0x31, 0x4B, 0xFF, 0x31, 0x4B, 0xFF, 0x31, 0x4B, 0xFF, 0x31, 0x4B,
    0xFF, 0x31, 0x4B, 0xFF, 0x31, 0x4B, 0xFF, 0x31, 0x4B, 0xFF, 0x31, 0x4B,
    0xFF, 0x31, 0x4B, 0xFF, 0x31, 0x4B, 0xFF, 0x31, 0x4B, 0xFF, 0x39, 0x6C,
    0xFF, 0x41, 0xAD, 0xFF, 0x41, 0xCE, 0xFF, 0x41, 0xCF, 0xFF, 0x41, 0xCF,
    0xFF, 0x41, 0xCE, 0xFF, 0x41, 0xAE, 0xFF, 0x39, 0x8D, 0xFF, 0x39, 0x4B,
    0xFF, 0x31, 0x4B, 0xFF, 0x31, 0x4B, 0xFF, 0x31, 0x4B, 0xFF, 0x31, 0x4B,
    0xFF, 0x31, 0x4B, 0xFF, 0x31, 0x4B, 0xFF, 0x31, 0x4B, 0xFF, 0x31, 0x4B,
    0xFF, 0x31, 0x4B, 0xFF, 0x31, 0x4B, 0xFF, 0x31, 0x4B, 0xFF, 0x31, 0x4B,
    0xFF, 0x31, 0x4B, 0xFF, 0x31, 0x4B, 0xFF, 0x31, 0x4B, 0xFF, 0x31, 0x4B,
    0xFF, 0x31, 0x4B, 0xFF, 0x31, 0x4B, 0xFF, 0x31, 0x4B, 0xFF, 0x31, 0x4B,
    0xFF, 0x31, 0x4B, 0xFF, 0x31, 0x4B, 0xFF, 0x31, 0x4B, 0xFF, 0x31, 0x4B,
    0xFF, 0x31, 0x4B, 0xB4, 0x31, 0x4B, 0x05, 0x31, 0x2C, 0x00, 0x00, 0x00,
    0x00, 0x00, 0x00, 0x00, 0x00, 0x00, 0x00, 0x00, 0x00, 0x00, 0x00, 0x00,
    0x00, 0x00, 0x00, 0x00, 0x00, 0x00, 0x00, 0x00, 0x00, 0x00, 0x00, 0x00,
    0x00, 0x00, 0x00, 0x00, 0x00, 0x00, 0x00, 0x00, 0x00, 0x00, 0x00, 0x00,
    0x00, 0x00, 0x00, 0x00, 0x00, 0x00, 0x00, 0x00, 0x00, 0x00, 0x00, 0x00,
    0x00, 0x00, 0x00, 0x00, 0x00, 0x00, 0x00, 0x00, 0x00, 0x00, 0x00, 0x00,
    0x0D, 0x31, 0x4C, 0xD2, 0x31, 0x4B, 0xFF, 0x31, 0x4B, 0xFF, 0x31, 0x4B,
    0xFF, 0x31, 0x4B, 0xFF, 0x31, 0x4B, 0xFF, 0x31, 0x4B, 0xFF, 0x31, 0x4B,
    0xFF, 0x31, 0x4B, 0xFF, 0x31, 0x4B, 0xFF, 0x31, 0x4B, 0xFF, 0x31, 0x4B,
    0xFF, 0x31, 0x4B, 0xFF, 0x31, 0x4B, 0xFF, 0x31, 0x4B, 0xFF, 0x31, 0x4B,
    0xFF, 0x31, 0x4B, 0xFF, 0x39, 0x6C, 0xFF, 0x49, 0xF0, 0xFF, 0x52, 0x93,
    0xFF, 0x62, 0xF6, 0xFF, 0x6B, 0x58, 0xFF, 0x73, 0x9A, 0xFF, 0x73, 0xBB,
    0xFF, 0x7B, 0xBB, 0xFF, 0x7B, 0xBB, 0xFF, 0x7B, 0xBB, 0xFF, 0x7B, 0xBB,
    0xFF, 0x7B, 0xBB, 0xFF, 0x7B, 0xBB, 0xFF, 0x73, 0xBB, 0xFF, 0x73, 0xBB,
    0xFF, 0x73, 0x7A, 0xFF, 0x6B, 0x38, 0xFF, 0x62, 0xF6, 0xFF, 0x5A, 0x93,
    0xFF, 0x4A, 0x31, 0xFF, 0x41, 0xCE, 0xFF, 0x39, 0x6C, 0xFF, 0x31, 0x4B,
    0xFF, 0x31, 0x4B, 0xFF, 0x31, 0x4B, 0xFF, 0x31, 0x4B, 0xFF, 0x31, 0x4B,
    0xFF, 0x31, 0x4B, 0xFF, 0x31, 0x4B, 0xFF, 0x31, 0x4B, 0xFF, 0x31, 0x4B,
    0xFF, 0x31, 0x4B, 0xFF, 0x31, 0x4B, 0xFF, 0x31, 0x4B, 0xFF, 0x31, 0x4B,
    0xFF, 0x31, 0x4B, 0xFF, 0x31, 0x4B, 0xFF, 0x31, 0x4B, 0xFF, 0x31, 0x4B,
    0xFF, 0x31, 0x4B, 0xFF, 0x31, 0x4B, 0x8A, 0x31, 0x4B, 0x01, 0x31, 0x2C,
    0x00, 0x00, 0x00, 0x00, 0x00, 0x00, 0x00, 0x00, 0x00, 0x00, 0x00, 0x00,
    0x00, 0x00, 0x00, 0x00, 0x00, 0x00, 0x00, 0x00, 0x00, 0x00, 0x00, 0x00,
    0x00, 0x00, 0x00, 0x00, 0x00, 0x00, 0x00, 0x00, 0x00, 0x00, 0x00, 0x00,
    0x00, 0x00, 0x00, 0x00, 0x00, 0x00, 0x00, 0x00, 0x00, 0x00, 0x00, 0x00,
    0x00, 0x00, 0x00, 0x00, 0x00, 0x00, 0x00, 0x00, 0x00, 0x00, 0x00, 0x10,
    0x9F, 0x31, 0x4B, 0xFF, 0x31, 0x4B, 0xFF, 0x31, 0x4B, 0xFF, 0x31, 0x4B,
    0xFF, 0x31, 0x4B, 0xFF, 0x31, 0x4B, 0xFF, 0x31, 0x4B, 0xFF, 0x31, 0x4B,
    0xFF, 0x31, 0x4B, 0xFF, 0x31, 0x4B, 0xFF, 0x31, 0x4B, 0xFF, 0x31, 0x4B,
    0xFF, 0x31, 0x4B, 0xFF, 0x31, 0x4B, 0xFF, 0x41, 0xAE, 0xFF, 0x52, 0x73,
    0xFF, 0x6B, 0x37, 0xFF, 0x73, 0x9A, 0xFF, 0x7B, 0xBB, 0xFF, 0x7B, 0xBB,
    0xFF, 0x7B, 0xBB, 0xFF, 0x7B, 0xBB, 0xFF, 0x7B, 0xBB, 0xFF, 0x7B, 0xBB,
    0xFF, 0x7B, 0xBB, 0xFF, 0x7B, 0xBB, 0xFF, 0x7B, 0xBB, 0xFF, 0x7B, 0xBB,
    0xFF, 0x7B, 0xBB, 0xFF, 0x7B, 0xBB, 0xFF, 0x7B, 0xBB, 0xFF, 0x7B, 0xBB,
    0xFF, 0x7B, 0xBB, 0xFF, 0x7B, 0xBB, 0xFF, 0x7B, 0xBB, 0xFF, 0x7B, 0xBB,
    0xFF, 0x7B, 0xBB, 0xFF, 0x7B, 0xBB, 0xFF, 0x73, 0x9A, 0xFF, 0x6B, 0x38,
    0xFF, 0x5A, 0xB4, 0xFF, 0x4A, 0x10, 0xFF, 0x39, 0x8C, 0xFF, 0x31, 0x4B,
    0xFF, 0x31, 0x4B, 0xFF, 0x31, 0x4B, 0xFF, 0x31, 0x4B, 0xFF, 0x31, 0x4B,
    0xFF, 0x31, 0x4B, 0xFF, 0x31, 0x4B, 0xFF, 0x31, 0x4B, 0xFF, 0x31, 0x4B,
    0xFF, 0x31, 0x4B, 0xFF, 0x31, 0x4B, 0xFF, 0x31, 0x4B, 0xFF, 0x31, 0x4B,
    0xFF, 0x31, 0x4B, 0xFF, 0x31, 0x4B, 0xFC, 0x31, 0x4B, 0x4E, 0x31, 0x4B,
    0x00, 0x00, 0x00, 0x00, 0x00, 0x00, 0x00, 0x00, 0x00, 0x00, 0x00, 0x00,
    0x00, 0x00, 0x00, 0x00, 0x00, 0x00, 0x00, 0x00, 0x00, 0x00, 0x00, 0x00,
    0x00, 0x00, 0x00, 0x00, 0x00, 0x00, 0x00, 0x00, 0x00, 0x00, 0x00, 0x00,
    0x00, 0x00, 0x00, 0x00, 0x00, 0x00, 0x00, 0x00, 0x00, 0x00, 0x00, 0x00,
    0x00, 0x00, 0x00, 0x00, 0x00, 0x00, 0x00, 0x00, 0x00, 0x58, 0x31, 0x4C,
    0xFE, 0x31, 0x4B, 0xFF, 0x31, 0x4B, 0xFF, 0x31, 0x4B, 0xFF, 0x31, 0x4B,
    0xFF, 0x31, 0x4B, 0xFF, 0x31, 0x4B, 0xFF, 0x31, 0x4B, 0xFF, 0x31, 0x4B,
    0xFF, 0x31, 0x4B, 0xFF, 0x31, 0x4B, 0xFF, 0x31, 0x4B, 0xFF, 0x39, 0x8D,
    0xFF, 0x52, 0x52, 0xFF, 0x6B, 0x58, 0xFF, 0x7B, 0xBB, 0xFF, 0x7B, 0xBB,
    0xFF, 0x7B, 0xBB, 0xFF, 0x7B, 0xBB, 0xFF, 0x7B, 0xBB, 0xFF, 0x7B, 0xBB,
    0xFF, 0x7B, 0xBB, 0xFF, 0x7B, 0xBB, 0xFF, 0x7B, 0xBB, 0xFF, 0x7B, 0xBB,
    0xFF, 0x7B, 0xBB, 0xFF, 0x7B, 0xBB, 0xFF, 0x7B, 0xBB, 0xFF, 0x7B, 0xBB,
    0xFF, 0x7B, 0xBB, 0xFF, 0x7B, 0xBB, 0xFF, 0x7B, 0xBB, 0xFF, 0x7B, 0xBB,
    0xFF, 0x7B, 0xBB, 0xFF, 0x7B, 0xBB, 0xFF, 0x7B, 0xBB, 0xFF, 0x7B, 0xBB,
    0xFF, 0x7B, 0xBB, 0xFF, 0x7B, 0xBB, 0xFF, 0x7B, 0xBB, 0xFF, 0x7B, 0xBB,
    0xFF, 0x7B, 0xBB, 0xFF, 0x7B, 0xBB, 0xFF, 0x7B, 0xBB, 0xFF, 0x6B, 0x38,
    0xFF, 0x5A, 0x93, 0xFF, 0x41, 0xCF, 0xFF, 0x39, 0x4B, 0xFF, 0x31, 0x4B,
    0xFF, 0x31, 0x4B, 0xFF, 0x31, 0x4B, 0xFF, 0x31, 0x4B, 0xFF, 0x31, 0x4B,
    0xFF, 0x31, 0x4B, 0xFF, 0x31, 0x4B, 0xFF, 0x31, 0x4B, 0xFF, 0x31, 0x4B,
    0xFF, 0x31, 0x4B, 0xFF, 0x31, 0x4B, 0xFF, 0x31, 0x4B, 0xE8, 0x31, 0x4B,
    0x19, 0x31, 0x4C, 0x00, 0x00, 0x00, 0x00, 0x00, 0x00, 0x00, 0x00, 0x00,
    0x00, 0x00, 0x00, 0x00, 0x00, 0x00, 0x00, 0x00, 0x00, 0x00, 0x00, 0x00,
    0x00, 0x00, 0x00, 0x00, 0x00, 0x00, 0x00, 0x00, 0x00, 0x00, 0x00, 0x00,
    0x00, 0x00, 0x00, 0x00, 0x00, 0x00, 0x00, 0x00, 0x00, 0x00, 0x00, 0x00,
    0x00, 0x00, 0x00, 0x00, 0x00, 0x00, 0x14, 0x31, 0x4C, 0xE8, 0x31, 0x4B,
    0xFF, 0x31, 0x4B, 0xFF, 0x31, 0x4B, 0xFF, 0x31, 0x4B, 0xFF, 0x31, 0x4B,
    0xFF, 0x31, 0x4B, 0xFF, 0x31, 0x4B, 0xFF, 0x31, 0x4B, 0xFF, 0x31, 0x4B,
    0xFF, 0x31, 0x4B, 0xFF, 0x41, 0xAE, 0xFF, 0x5A, 0xB5, 0xFF, 0x73, 0x9A,
    0xFF, 0x7B, 0xBB, 0xFF, 0x7B, 0xBB, 0xFF, 0x7B, 0xBB, 0xFF, 0x7B, 0xBB,
    0xFF, 0x7B, 0xBB, 0xFF, 0x7B, 0xBB, 0xFF, 0x7B, 0xBB, 0xFF, 0x7B, 0xBB,
    0xFF, 0x7B, 0xBB, 0xFF, 0x7B, 0xBB, 0xFF, 0x7B, 0xBB, 0xFF, 0x7B, 0xBB,
    0xFF, 0x7B, 0xBB, 0xFF, 0x7B, 0xBB, 0xFF, 0x73, 0xBB, 0xFF, 0x73, 0xBB,
    0xFF, 0x73, 0xBB, 0xFF, 0x73, 0xBB, 0xFF, 0x7B, 0xBB, 0xFF, 0x7B, 0xBB,
    0xFF, 0x7B, 0xBB, 0xFF, 0x7B, 0xBB, 0xFF, 0x7B, 0xBB, 0xFF, 0x7B, 0xBB,
    0xFF, 0x7B, 0xBB, 0xFF, 0x7B, 0xBB, 0xFF, 0x7B, 0xBB, 0xFF, 0x7B, 0xBB,
    0xFF, 0x7B, 0xBB, 0xFF, 0x7B, 0xBB, 0xFF, 0x7B, 0xBB, 0xFF, 0x7B, 0xBB,
    0xFF, 0x7B, 0xBB, 0xFF, 0x7B, 0xBB, 0xFF, 0x73, 0x79, 0xFF, 0x5A, 0xB4,
    0xFF, 0x41, 0xCF, 0xFF, 0x31, 0x4B, 0xFF, 0x31, 0x4B, 0xFF, 0x31, 0x4B,
    0xFF, 0x31, 0x4B, 0xFF, 0x31, 0x4B, 0xFF, 0x31, 0x4B, 0xFF, 0x31, 0x4B,
    0xFF, 0x31, 0x4B, 0xFF, 0x31, 0x4B, 0xFF, 0x31, 0x4B, 0xFF, 0x31, 0x4B,
    0xA8, 0x31, 0x4B, 0x01, 0x31, 0x4C, 0x00, 0x00, 0x00, 0x00, 0x00, 0x00,
    0x00, 0x00, 0x00, 0x00, 0x00, 0x00, 0x00, 0x00, 0x00, 0x00, 0x00, 0x00,
    0x00, 0x00, 0x00, 0x00, 0x00, 0x00, 0x00, 0x00, 0x00, 0x00, 0x00, 0x00,
    0x00, 0x00, 0x00, 0x00, 0x00, 0x00, 0x00, 0x00, 0x00, 0x00, 0x00, 0x00,
    0x00, 0x00, 0x00, 0x00, 0x00, 0x00, 0x9A, 0x31, 0x4B, 0xFF, 0x31, 0x4B,
    0xFF, 0x31, 0x4B, 0xFF, 0x31, 0x4B, 0xFF, 0x31, 0x4B, 0xFF, 0x31, 0x4B,
    0xFF, 0x31, 0x4B, 0xFF, 0x31, 0x4B, 0xFF, 0x31, 0x4B, 0xFF, 0x41, 0xAE,
    0xFF, 0x62, 0xD6, 0xFF, 0x73, 0xBB, 0xFF, 0x7B, 0xBB, 0xFF, 0x7B, 0xBB,
    0xFF, 0x7B, 0xBB, 0xFF, 0x7B, 0xBB, 0xFF, 0x7B, 0xBB, 0xFF, 0x7B, 0xBB,
    0xFF, 0x7B, 0xBB, 0xFF, 0x7B, 0xBB, 0xFF, 0x7B, 0xBB, 0xFF, 0x7B, 0xBB,
    0xFF, 0x7B, 0xBB, 0xFF, 0x7B, 0xBB, 0xFF, 0x6B, 0x59, 0xFF, 0x4A, 0x75,
    0xFF, 0x39, 0xB2, 0xFF, 0x21, 0x2F, 0xFF, 0x18, 0xCE, 0xFF, 0x10, 0x8D,
    0xFF, 0x10, 0x8D, 0xFF, 0x18, 0xAD, 0xFF, 0x20, 0xEF, 0xFF, 0x31, 0x71,
    0xFF, 0x42, 0x14, 0xFF, 0x62, 0xF8, 0xFF, 0x73, 0x9B, 0xFF, 0x7B, 0xBB,
    0xFF, 0x7B, 0xBB, 0xFF, 0x7B, 0xBB, 0xFF, 0x7B, 0xBB, 0xFF, 0x7B, 0xBB,
    0xFF, 0x7B, 0xBB, 0xFF, 0x7B, 0xBB, 0xFF, 0x7B, 0xBB, 0xFF, 0x7B, 0xBB,
    0xFF, 0x7B, 0xBB, 0xFF, 0x7B, 0xBB, 0xFF, 0x7B, 0xBB, 0xFF, 0x7B, 0xBB,
    0xFF, 0x7B, 0xBB, 0xFF, 0x6B, 0x79, 0xFF, 0x73, 0x74, 0xFF, 0x4A, 0x0E,
    0xFF, 0x31, 0x4B, 0xFF, 0x31, 0x4B, 0xFF, 0x31, 0x4B, 0xFF, 0x31, 0x4B,
    0xFF, 0x31, 0x4B, 0xFF, 0x31, 0x4B, 0xFF, 0x31, 0x4B, 0xFF, 0x31, 0x4B,
    0xFF, 0x31, 0x4B, 0x47, 0x31, 0x4C, 0x00, 0x00, 0x00, 0x00, 0x00, 0x00,
    0x00, 0x00, 0x00, 0x00, 0x00, 0x00, 0x00, 0x00, 0x00, 0x00, 0x00, 0x00,
    0x00, 0x00, 0x00, 0x00, 0x00, 0x00, 0x00, 0x00, 0x00, 0x00, 0x00, 0x00,
    0x00, 0x00, 0x00, 0x00, 0x00, 0x00, 0x00, 0x00, 0x00, 0x00, 0x00, 0x00,
    0x00, 0x00, 0x00, 0x31, 0x31, 0x4C, 0xF9, 0x31, 0x4B, 0xFF, 0x31, 0x4B,
    0xFF, 0x31, 0x4B, 0xFF, 0x31, 0x4B, 0xFF, 0x31, 0x4B, 0xFF, 0x31, 0x4B,
    0xFF, 0x31, 0x4B, 0xFF, 0x39, 0x8D, 0xFF, 0x5A, 0xB5, 0xFF, 0x73, 0xBB,
    0xFF, 0x7B, 0xBB, 0xFF, 0x7B, 0xBB, 0xFF, 0x7B, 0xBB, 0xFF, 0x7B, 0xBB,
    0xFF, 0x7B, 0xBB, 0xFF, 0x7B, 0xBB, 0xFF, 0x7B, 0xBB, 0xFF, 0x7B, 0xBB,
    0xFF, 0x7B, 0xBB, 0xFF, 0x7B, 0xBB, 0xFF, 0x7B, 0xBB, 0xFF, 0x73, 0x9A,
    0xFF, 0x4A, 0x55, 0xFF, 0x21, 0x0F, 0xFF, 0x08, 0x4C, 0xFF, 0x08, 0x4C,
    0xFF, 0x08, 0x4C, 0xFF, 0x08, 0x4C, 0xFF, 0x08, 0x4C, 0xFF, 0x08, 0x4C,
    0xFF, 0x08, 0x4C, 0xFF, 0x08, 0x4C, 0xFF, 0x08, 0x4C, 0xFF, 0x08, 0x4C,
    0xFF, 0x08, 0x4C, 0xFF, 0x08, 0x4C, 0xFF, 0x18, 0xAD, 0xFF, 0x39, 0xD2,
    0xFF, 0x63, 0x39, 0xFF, 0x7B, 0xBB, 0xFF, 0x7B, 0xBB, 0xFF, 0x7B, 0xBB,
    0xFF, 0x7B, 0xBB, 0xFF, 0x7B, 0xBB, 0xFF, 0x7B, 0xBB, 0xFF, 0x7B, 0xBB,
    0xFF, 0x7B, 0xBB, 0xFF, 0x7B, 0xBB, 0xFF, 0x7B, 0xBB, 0xFF, 0x7B, 0xBB,
    0xFF, 0x7B, 0xBB, 0xFF, 0x7B, 0xBB, 0xFF, 0x84, 0x1B, 0xFF, 0xDE, 0xBE,
    0xFF, 0xBD, 0x99, 0xFF, 0x6A, 0xF0, 0xFF, 0x39, 0x4B, 0xFF, 0x31, 0x4B,
    0xFF, 0x31, 0x4B, 0xFF, 0x31, 0x4B, 0xFF, 0x31, 0x4B, 0xFF, 0x31, 0x4B,
    0xFF, 0x31, 0x4B, 0xD1, 0x31, 0x4B, 0x06, 0x31, 0x4C, 0x00, 0x00, 0x00,
    0x00, 0x00, 0x00, 0x00, 0x00, 0x00, 0x00, 0x00, 0x00, 0x00, 0x00, 0x00,
    0x00, 0x00, 0x00, 0x00, 0x00, 0x00, 0x00, 0x00, 0x00, 0x00, 0x00, 0x00,
    0x00, 0x00, 0x00, 0x00, 0x00, 0x00, 0x00, 0x00, 0x00, 0x00, 0x00, 0x00,
    0x00, 0x00, 0x00, 0xB3, 0x31, 0x4B, 0xFF, 0x31, 0x4B, 0xFF, 0x31, 0x4B,
    0xFF, 0x31, 0x4B, 0xFF, 0x31, 0x4B, 0xFF, 0x31, 0x4B, 0xFF, 0x31, 0x4B,
    0xFF, 0x52, 0x52, 0xFF, 0x73, 0x9A, 0xFF, 0x7B, 0xBB, 0xFF, 0x7B, 0xBB,
    0xFF, 0x7B, 0xBB, 0xFF, 0x7B, 0xBB, 0xFF, 0x7B, 0xBB, 0xFF, 0x7B, 0xBB,
    0xFF, 0x7B, 0xBB, 0xFF, 0x7B, 0xBB, 0xFF, 0x7B, 0xBB, 0xFF, 0x7B, 0xBB,
    0xFF, 0x7B, 0xBB, 0xFF, 0x73, 0x9A, 0xFF, 0x4A, 0x34, 0xFF, 0x10, 0x8D,
    0xFF, 0x08, 0x4C, 0xFF, 0x08, 0x4C, 0xFF, 0x08, 0x4C, 0xFF, 0x08, 0x4C,
    0xFF, 0x08, 0x4C, 0xFF, 0x08, 0x4C, 0xFF, 0x08, 0x4C, 0xFF, 0x08, 0x4C,
    0xFF, 0x08, 0x4C, 0xFF, 0x08, 0x4C, 0xFF, 0x08, 0x4C, 0xFF, 0x08, 0x4C,
    0xFF, 0x08, 0x4C, 0xFF, 0x08, 0x4C, 0xFF, 0x08, 0x4C, 0xFF, 0x08, 0x4C,
    0xFF, 0x08, 0x4C, 0xFF, 0x31, 0x71, 0xFF, 0x6B, 0x39, 0xFF, 0x7B, 0xBB,
    0xFF, 0x7B, 0xBB, 0xFF, 0x7B, 0xBB, 0xFF, 0x7B, 0xBB, 0xFF, 0x7B, 0xBB,
    0xFF, 0x7B, 0xBB, 0xFF, 0x7B, 0xBB, 0xFF, 0x7B, 0xBB, 0xFF, 0x7B, 0xBB,
    0xFF, 0x7B, 0xBB, 0xFF, 0x7B, 0xBB, 0xFF, 0x7B, 0xBB, 0xFF, 0x8C, 0x3C,
    0xFF, 0xF7, 0x3F, 0xFF, 0xFF, 0x7F, 0xFF, 0xD6, 0x5B, 0xFF, 0x7B, 0x92,
    0xFF, 0x39, 0x6C, 0xFF, 0x31, 0x4B, 0xFF, 0x31, 0x4B, 0xFF, 0x31, 0x4B,
    0xFF, 0x31, 0x4B, 0xFF, 0x31, 0x4B, 0x5F, 0x31, 0x4C, 0x00, 0x00, 0x00,
    0x00, 0x00, 0x00, 0x00, 0x00, 0x00, 0x00, 0x00, 0x00, 0x00, 0x00, 0x00,
    0x00, 0x00, 0x00, 0x00, 0x00, 0x00, 0x00, 0x00, 0x00, 0x00, 0x00, 0x00,
    0x00, 0x00, 0x00, 0x00, 0x00, 0x00, 0x00, 0x00, 0x00, 0x00, 0x00, 0x00,
    0x31, 0x31, 0x4C, 0xFE, 0x31, 0x4B, 0xFF, 0x31, 0x4B, 0xFF, 0x31, 0x4B,
    0xFF, 0x31, 0x4B, 0xFF, 0x31, 0x4B, 0xFF, 0x4A, 0x0E, 0xFF, 0x6B, 0x37,
    0xFF, 0x7B, 0xBB, 0xFF, 0x7B, 0xBB, 0xFF, 0x7B, 0xBB, 0xFF, 0x7B, 0xBB,
    0xFF, 0x7B, 0xBB, 0xFF, 0x7B, 0xBB, 0xFF, 0x7B, 0xBB, 0xFF, 0x7B, 0xBB,
    0xFF, 0x7B, 0xBB, 0xFF, 0x7B, 0xBB, 0xFF, 0x84, 0x1B, 0xFF, 0x8C, 0x3B,
    0xFF, 0x63, 0x18, 0xFF, 0x18, 0xCE, 0xFF, 0x08, 0x4C, 0xFF, 0x08, 0x4C,
    0xFF, 0x08, 0x4C, 0xFF, 0x08, 0x4C, 0xFF, 0x08, 0x4C, 0xFF, 0x08, 0x4C,
    0xFF, 0x08, 0x4C, 0xFF, 0x08, 0x4C, 0xFF, 0x08, 0x4C, 0xFF, 0x08, 0x4C,
    0xFF, 0x08, 0x4C, 0xFF, 0x08, 0x4C, 0xFF, 0x08, 0x4C, 0xFF, 0x08, 0x4C,
    0xFF, 0x08, 0x4C, 0xFF, 0x08, 0x4C, 0xFF, 0x08, 0x4C, 0xFF, 0x08, 0x4C,
    0xFF, 0x08, 0x4C, 0xFF, 0x08, 0x4C, 0xFF, 0x10, 0x6C, 0xFF, 0x42, 0x14,
    0xFF, 0x73, 0x9B, 0xFF, 0x7B, 0xBB, 0xFF, 0x7B, 0xBB, 0xFF, 0x7B, 0xBB,
    0xFF, 0x7B, 0xBB, 0xFF, 0x7B, 0xBB, 0xFF, 0x7B, 0xBB, 0xFF, 0x7B, 0xBB,
    0xFF, 0x7B, 0xBB, 0xFF, 0x7B, 0xBB, 0xFF, 0x7B, 0xBB, 0xFF, 0x7B, 0xBB,
    0xFF, 0xA4, 0xDC, 0xFF, 0xFF, 0x5F, 0xFF, 0xFF, 0x7F, 0xFF, 0xFF, 0x7F,
    0xFF, 0xE6, 0x9C, 0xFF, 0x8B, 0xD3, 0xFF, 0x39, 0x8C, 0xFF, 0x31, 0x4B,
    0xFF, 0x31, 0x4B, 0xFF, 0x31, 0x4B, 0xD9, 0x31, 0x4B, 0x02, 0x31, 0x6C,
    0x00, 0x00, 0x00, 0x00, 0x00, 0x00, 0x00, 0x00, 0x00, 0x00, 0x00, 0x00,
    0x00, 0x00, 0x00, 0x00, 0x00, 0x00, 0x00, 0x00, 0x00, 0x00, 0x00, 0x00,
    0x00, 0x00, 0x00, 0x00, 0x00, 0x00, 0x00, 0x00, 0x00, 0x00, 0x00, 0x00,
    0xA4, 0x31, 0x4B, 0xFF, 0x31, 0x4B, 0xFF, 0x31, 0x4B, 0xFF, 0x31, 0x4B,
    0xFF, 0x39, 0x6B, 0xFF, 0x8C, 0x14, 0xFF, 0x94, 0x9B, 0xFF, 0x7B, 0xBB,
    0xFF, 0x7B, 0xBB, 0xFF, 0x7B, 0xBB, 0xFF, 0x7B, 0xBB, 0xFF, 0x7B, 0xBB,
    0xFF, 0x7B, 0xBB, 0xFF, 0x7B, 0xBB, 0xFF, 0x7B, 0xBB, 0xFF, 0x7B, 0xBB,
    0xFF, 0x8C, 0x5B, 0xFF, 0xD6, 0xBE, 0xFF, 0xFF, 0xDF, 0xFF, 0xFF, 0xFF,
    0xFF, 0xE7, 0x3D, 0xFF, 0x73, 0x94, 0xFF, 0x08, 0x4C, 0xFF, 0x08, 0x4C,
    0xFF, 0x08, 0x4C, 0xFF, 0x08, 0x4C, 0xFF, 0x08, 0x4C, 0xFF, 0x08, 0x4C,
    0xFF, 0x08, 0x4C, 0xFF, 0x08, 0x4C, 0xFF, 0x08, 0x4C, 0xFF, 0x08, 0x4C,
    0xFF, 0x08, 0x4C, 0xFF, 0x08, 0x4C, 0xFF, 0x08, 0x4C, 0xFF, 0x08, 0x4C,
    0xFF, 0x08, 0x4C, 0xFF, 0x08, 0x4C, 0xFF, 0x08, 0x4C, 0xFF, 0x08, 0x4C,
    0xFF, 0x08, 0x4C, 0xFF, 0x08, 0x4C, 0xFF, 0x08, 0x4C, 0xFF, 0x08, 0x4C,
    0xFF, 0x21, 0x2F, 0xFF, 0x6B, 0x5A, 0xFF, 0x7B, 0xBB, 0xFF, 0x7B, 0xBB,
    0xFF, 0x7B, 0xBB, 0xFF, 0x7B, 0xBB, 0xFF, 0x7B, 0xBB, 0xFF, 0x7B, 0xBB,
    0xFF, 0x7B, 0xBB, 0xFF, 0x7B, 0xBB, 0xFF, 0x7B, 0xBB, 0xFF, 0x7B, 0xBB,
    0xFF, 0x7B, 0xBB, 0xFF, 0xC5, 0xFD, 0xFF, 0xFF, 0x5F, 0xFF, 0xFF, 0x5F,
    0xFF, 0xFF, 0x5F, 0xFF, 0xFF, 0x5F, 0xFF, 0xE6, 0x9D, 0xFF, 0x7B, 0x72,
    0xFF, 0x31, 0x4B, 0xFF, 0x31, 0x4B, 0xFF, 0x31, 0x4B, 0x50, 0x31, 0x4C,
    0x00, 0x00, 0x00, 0x00, 0x00, 0x00, 0x00, 0x00, 0x00, 0x00, 0x00, 0x00,
    0x00, 0x00, 0x00, 0x00, 0x00, 0x00, 0x00, 0x00, 0x00, 0x00, 0x00, 0x00,
    0x00, 0x00, 0x00, 0x00, 0x00, 0x00, 0x00, 0x00, 0x00, 0x19, 0x31, 0x4C,
    0xF4, 0x31, 0x4B, 0xFF, 0x31, 0x4B, 0xFF, 0x31, 0x4B, 0xFF, 0x49, 0xED,
    0xFF, 0xC5, 0xBA, 0xFF, 0xCD, 0xFE, 0xFF, 0x7B, 0xBB, 0xFF, 0x7B, 0xBB,
    0xFF, 0x7B, 0xBB, 0xFF, 0x7B, 0xBB, 0xFF, 0x7B, 0xBB, 0xFF, 0x7B, 0xBB,
    0xFF, 0x7B, 0xBB, 0xFF, 0x7B, 0xBB, 0xFF, 0x7B, 0xBB, 0xFF, 0x84, 0x1B,
    0xFF, 0xEF, 0x7F, 0xFF, 0xFF, 0xFF, 0xFF, 0xFF, 0xFF, 0xFF, 0xFF, 0xFF,
    0xFF, 0xFF, 0xFF, 0xFF, 0xFF, 0xFF, 0xFF, 0x83, 0xF5, 0xFF, 0x08, 0x4C,
    0xFF, 0x08, 0x4C, 0xFF, 0x08, 0x4C, 0xFF, 0x08, 0x4C, 0xFF, 0x08, 0x4C,
    0xFF, 0x08, 0x4C, 0xFF, 0x08, 0x4C, 0xFF, 0x08, 0x4C, 0xFF, 0x08, 0x4C,
    0xFF, 0x08, 0x4C, 0xFF, 0x08, 0x4C, 0xFF, 0x08, 0x4C, 0xFF, 0x08, 0x4C,
    0xFF, 0x08, 0x4C, 0xFF, 0x08, 0x4C, 0xFF, 0x08, 0x4C, 0xFF, 0x08, 0x4C,
    0xFF, 0x08, 0x4C, 0xFF, 0x08, 0x4C, 0xFF, 0x08, 0x4C, 0xFF, 0x08, 0x4C,
    0xFF, 0x08, 0x4C, 0xFF, 0x18, 0xAE, 0xFF, 0x63, 0x18, 0xFF, 0x7B, 0xBB,
    0xFF, 0x7B, 0xBB, 0xFF, 0x7B, 0xBB, 0xFF, 0x7B, 0xBB, 0xFF, 0x7B, 0xBB,
    0xFF, 0x7B, 0xBB, 0xFF, 0x7B, 0xBB, 0xFF, 0x7B, 0xBB, 0xFF, 0x7B, 0xBB,
    0xFF, 0x7B, 0xBB, 0xFF, 0x83, 0xFB, 0xFF, 0xEE, 0xFF, 0xFF, 0xFF, 0x5F,
    0xFF, 0xFF, 0x5F, 0xFF, 0xFF, 0x5F, 0xFF, 0xFF, 0x5F, 0xFF, 0xEE, 0xFE,
    0xFF, 0x39, 0xAF, 0xFF, 0x31, 0x4D, 0xFF, 0x31, 0x4B, 0xBB, 0x31, 0x4B,
    0x00, 0x39, 0x6D, 0x00, 0x00, 0x00, 0x00, 0x00, 0x00, 0x00, 0x00, 0x00,
    0x00, 0x00, 0x00, 0x00, 0x00, 0x00, 0x00, 0x00, 0x00, 0x00, 0x00, 0x00,
    0x00, 0x00, 0x00, 0x00, 0x00, 0x00, 0x00, 0x00, 0x00, 0x6F, 0x31, 0x4C,
    0xFF, 0x31, 0x4B, 0xFF, 0x31, 0x4B, 0xFF, 0x6A, 0xD0, 0xFF, 0xE6, 0xBD,
    0xFF, 0xF7, 0x1F, 0xFF, 0x84, 0x1B, 0xFF, 0x7B, 0xBB, 0xFF, 0x7B, 0xBB,
    0xFF, 0x7B, 0xBB, 0xFF, 0x7B, 0xBB, 0xFF, 0x7B, 0xBB, 0xFF, 0x7B, 0xBB,
    0xFF, 0x7B, 0xBB, 0xFF, 0x7B, 0xBB, 0xFF, 0x7B, 0xBB, 0xFF, 0xBD, 0xDD,
    0xFF, 0xFF, 0xFF, 0xFF, 0xFF, 0xFF, 0xFF, 0xFF, 0xFF, 0xFF, 0xFF, 0xFF,
    0xFF, 0xFF, 0xFF, 0xFF, 0xFF, 0xFF, 0xFF, 0xF7, 0xBE, 0xFF, 0x18, 0xCD,
    0xFF, 0x08, 0x4C, 0xFF, 0x08, 0x4C, 0xFF, 0x08, 0x4C, 0xFF, 0x08, 0x4C,
    0xFF, 0x08, 0x4C, 0xFF, 0x08, 0x4C, 0xFF, 0x08, 0x4C, 0xFF, 0x08, 0x4C,
    0xFF, 0x08, 0x4C, 0xFF, 0x08, 0x4C, 0xFF, 0x08, 0x4C, 0xFF, 0x08, 0x4C,
    0xFF, 0x08, 0x4C, 0xFF, 0x08, 0x4C, 0xFF, 0x08, 0x4C, 0xFF, 0x08, 0x4C,
    0xFF, 0x08, 0x4C, 0xFF, 0x08, 0x4C, 0xFF, 0x08, 0x4C, 0xFF, 0x08, 0x4C,
    0xFF, 0x08, 0x4C, 0xFF, 0x08, 0x4C, 0xFF, 0x10, 0x8D, 0xFF, 0x63, 0x38,
    0xFF, 0x7B, 0xBB, 0xFF, 0x7B, 0xBB, 0xFF, 0x7B, 0xBB, 0xFF, 0x7B, 0xBB,
    0xFF, 0x7B, 0xBB, 0xFF, 0x7B, 0xBB, 0xFF, 0x7B, 0xBB, 0xFF, 0x7B, 0xBB,
    0xFF, 0x7B, 0xBB, 0xFF, 0x7B, 0xBB, 0xFF, 0xAD, 0x1D, 0xFF, 0xFF, 0x5F,
    0xFF, 0xFF, 0x5F, 0xFF, 0xFF, 0x5F, 0xFF, 0xFF, 0x5F, 0xFF, 0xFF, 0x5F,
    0xFF, 0x73, 0x55, 0xFF, 0x31, 0x4F, 0xFF, 0x31, 0x4E, 0xF9, 0x31, 0x4C,
    0x22, 0x31, 0x4C, 0x00, 0x00, 0x00, 0x00, 0x00, 0x00, 0x00, 0x00, 0x00,
    0x00, 0x00, 0x00, 0x00, 0x00, 0x00, 0x00, 0x00, 0x00, 0x00, 0x00, 0x00,
    0x00, 0x00, 0x00, 0x00, 0x00, 0x00, 0x00, 0x00, 0x00, 0xCA, 0x31, 0x4B,
    0xFF, 0x39, 0x4B, 0xFF, 0x8C, 0x14, 0xFF, 0xF7, 0x1F, 0xFF, 0xFF, 0x5F,
    0xFF, 0xBD, 0x9D, 0xFF, 0x7B, 0xBB, 0xFF, 0x7B, 0xBB, 0xFF, 0x7B, 0xBB,
    0xFF, 0x7B, 0xBB, 0xFF, 0x7B, 0xBB, 0xFF, 0x7B, 0xBB, 0xFF, 0x7B, 0xBB,
    0xFF, 0x7B, 0xBB, 0xFF, 0x7B, 0xBB, 0xFF, 0x7B, 0xBB, 0xFF, 0xDE, 0xFE,
    0xFF, 0xFF, 0xFF, 0xFF, 0xFF, 0xFF, 0xFF, 0xFF, 0xFF, 0xFF, 0xFF, 0xFF,
    0xFF, 0xFF, 0xFF, 0xFF, 0xFF, 0xFF, 0xFF, 0xFF, 0xFF, 0xFF, 0x52, 0x91,
    0xFF, 0x10, 0x6C, 0xFF, 0x08, 0x4C, 0xFF, 0x08, 0x4C, 0xFF, 0x08, 0x4C,
    0xFF, 0x08, 0x4C, 0xFF, 0x08, 0x4C, 0xFF, 0x08, 0x4C, 0xFF, 0x08, 0x4C,
    0xFF, 0x08, 0x4C, 0xFF, 0x08, 0x4C, 0xFF, 0x08, 0x4C, 0xFF, 0x08, 0x4C,
    0xFF, 0x08, 0x4C, 0xFF, 0x08, 0x4C, 0xFF, 0x08, 0x4C, 0xFF, 0x08, 0x4C,
    0xFF, 0x08, 0x4C, 0xFF, 0x08, 0x4C, 0xFF, 0x08, 0x4C, 0xFF, 0x08, 0x4C,
    0xFF, 0x08, 0x4C, 0xFF, 0x08, 0x4C, 0xFF, 0x08, 0x4C, 0xFF, 0x18, 0xAD,
    0xFF, 0x6B, 0x59, 0xFF, 0x7B, 0xBB, 0xFF, 0x7B, 0xBB, 0xFF, 0x7B, 0xBB,
    0xFF, 0x7B, 0xBB, 0xFF, 0x7B, 0xBB, 0xFF, 0x7B, 0xBB, 0xFF, 0x7B, 0xBB,
    0xFF, 0x7B, 0xBB, 0xFF, 0x7B, 0xBB, 0xFF, 0x7B, 0xDB, 0xFF, 0xE6, 0x9E,
    0xFF, 0xFF, 0x5F, 0xFF, 0xFF, 0x5F, 0xFF, 0xFF, 0x5F, 0xFF, 0xFF, 0x5F,
    0xFF, 0xBD, 0x5A, 0xFF, 0x31, 0x70, 0xFF, 0x31, 0x70, 0xFF, 0x31, 0x6F,
    0x6F, 0x31, 0x6F, 0x00, 0x00, 0x00, 0x00, 0x00, 0x00, 0x00, 0x00, 0x00,
    0x00, 0x00, 0x00, 0x00, 0x00, 0x00, 0x00, 0x00, 0x00, 0x00, 0x00, 0x00,
    0x00, 0x00, 0x00, 0x00, 0x00, 0x00, 0x1C, 0x31, 0x6D, 0xFC, 0x31, 0x4B,
    0xFF, 0xAC, 0xD7, 0xFF, 0xFF, 0x3F, 0xFF, 0xFF, 0x3F, 0xFF, 0xF7, 0x1F,
    0xFF, 0x84, 0x1B, 0xFF, 0x7B, 0xBB, 0xFF, 0x7B, 0xBB, 0xFF, 0x7B, 0xBB,
    0xFF, 0x7B, 0xBB, 0xFF, 0x7B, 0xBB, 0xFF, 0x7B, 0xBB, 0xFF, 0x7B, 0xBB,
    0xFF, 0x7B, 0xBB, 0xFF, 0x7B, 0xBB, 0xFF, 0x7B, 0xBB, 0xFF, 0xDE, 0xFE,
    0xFF, 0xFF, 0xFF, 0xFF, 0xFF, 0xFF, 0xFF, 0xFF, 0xFF, 0xFF, 0xFF, 0xFF,
    0xFF, 0xFF, 0xFF, 0xFF, 0xFF, 0xFF, 0xFF, 0xFF, 0xFF, 0xFF, 0xCE, 0x5B,
    0xFF, 0xE7, 0x3D, 0xFF, 0xAD, 0x79, 0xFF, 0x18, 0xAD, 0xFF, 0x08, 0x4C,
    0xFF, 0x08, 0x4C, 0xFF, 0x08, 0x4C, 0xFF, 0x08, 0x4C, 0xFF, 0x08, 0x4C,
    0xFF, 0x08, 0x4C, 0xFF, 0x08, 0x4C, 0xFF, 0x08, 0x4C, 0xFF, 0x08, 0x4C,
    0xFF, 0x08, 0x4C, 0xFF, 0x08, 0x4C, 0xFF, 0x08, 0x4C, 0xFF, 0x08, 0x4C,
    0xFF, 0x08, 0x4C, 0xFF, 0x08, 0x4C, 0xFF, 0x08, 0x4C, 0xFF, 0x08, 0x4C,
    0xFF, 0x08, 0x4C, 0xFF, 0x08, 0x4C, 0xFF, 0x08, 0x4C, 0xFF, 0x08, 0x4C,
    0xFF, 0x21, 0x0F, 0xFF, 0x73, 0x9B, 0xFF, 0x7B, 0xBB, 0xFF, 0x7B, 0xBB,
    0xFF, 0x7B, 0xBB, 0xFF, 0x7B, 0xBB, 0xFF, 0x7B, 0xBB, 0xFF, 0x7B, 0xBB,
    0xFF, 0x7B, 0xBB, 0xFF, 0x7B, 0xBB, 0xFF, 0x7B, 0xBB, 0xFF, 0xA4, 0xFC,
    0xFF, 0xFF, 0x3F, 0xFF, 0xFF, 0x3F, 0xFF, 0xFF, 0x3F, 0xFF, 0xFF, 0x3F,
    0xFF, 0xEE, 0xFE, 0xFF, 0x39, 0x90, 0xFF, 0x31, 0x70, 0xFF, 0x31, 0x70,
    0xBC, 0x31, 0x70, 0x00, 0x00, 0x00, 0x00, 0x00, 0x00, 0x00, 0x00, 0x00,
    0x00, 0x00, 0x00, 0x00, 0x00, 0x00, 0x00, 0x00, 0x00, 0x00, 0x00, 0x00,
    0x00, 0x00, 0x00, 0x00, 0x00, 0x00, 0x63, 0x39, 0x6D, 0xFF, 0x4A, 0x11,
    0xFF, 0xF6, 0xFF, 0xFF, 0xFF, 0x3F, 0xFF, 0xFF, 0x3F, 0xFF, 0xC5, 0xBD,
    0xFF, 0x7B, 0xBB, 0xFF, 0x7B, 0xBB, 0xFF, 0x7B, 0xBB, 0xFF, 0x7B, 0xBB,
    0xFF, 0x7B, 0xBB, 0xFF, 0x7B, 0xBB, 0xFF, 0x7B, 0xBB, 0xFF, 0x7B, 0xBB,
    0xFF, 0x7B, 0xBB, 0xFF, 0x7B, 0xBB, 0xFF, 0x63, 0x18, 0xFF, 0x94, 0x76,
    0xFF, 0xFF, 0xFF, 0xFF, 0xFF, 0xFF, 0xFF, 0xFF, 0xFF, 0xFF, 0xFF, 0xFF,
    0xFF, 0xFF, 0xFF, 0xFF, 0xFF, 0xFF, 0xFF, 0xFF, 0xFF, 0xFF, 0xFF, 0xFF,
    0xFF, 0xFF, 0xFF, 0xFF, 0xFF, 0xFF, 0xFF, 0x84, 0x35, 0xFF, 0x08, 0x4C,
    0xFF, 0x08, 0x4C, 0xFF, 0x08, 0x4C, 0xFF, 0x08, 0x4C, 0xFF, 0x08, 0x4C,
    0xFF, 0x08, 0x4C, 0xFF, 0x08, 0x4C, 0xFF, 0x08, 0x4C, 0xFF, 0x08, 0x4C,
    0xFF, 0x08, 0x4C, 0xFF, 0x08, 0x4C, 0xFF, 0x08, 0x4C, 0xFF, 0x08, 0x4C,
    0xFF, 0x08, 0x4C, 0xFF, 0x08, 0x4C, 0xFF, 0x08, 0x4C, 0xFF, 0x08, 0x4C,
    0xFF, 0x08, 0x4C, 0xFF, 0x08, 0x4C, 0xFF, 0x08, 0x4C, 0xFF, 0x08, 0x4C,
    0xFF, 0x08, 0x4C, 0xFF, 0x41, 0xF3, 0xFF, 0x7B, 0xBB, 0xFF, 0x7B, 0xBB,
    0xFF, 0x7B, 0xBB, 0xFF, 0x7B, 0xBB, 0xFF, 0x7B, 0xBB, 0xFF, 0x7B, 0xBB,
    0xFF, 0x7B, 0xBB, 0xFF, 0x7B, 0xBB, 0xFF, 0x7B, 0xBB, 0xFF, 0x7B, 0xDB,
    0xFF, 0xEE, 0xDF, 0xFF, 0xFF, 0x3F, 0xFF, 0xFF, 0x3F, 0xFF, 0xFF, 0x3F,
    0xFF, 0xFF, 0x3F, 0xFF, 0x62, 0xD4, 0xFF, 0x31, 0x70, 0xFF, 0x31, 0x70,
    0xF8, 0x31, 0x70, 0x0E, 0x31, 0x70, 0x00, 0x00, 0x00, 0x00, 0x00, 0x00,
    0x00, 0x00, 0x00, 0x00, 0x00, 0x00, 0x00, 0x00, 0x00, 0x00, 0x00, 0x00,
    0x00, 0x00, 0x00, 0x00, 0x00, 0x00, 0x9B, 0x39, 0xB1, 0xFF, 0x73, 0x35,
    0xFF, 0xFF, 0x3F, 0xFF, 0xFF, 0x3F, 0xFF, 0xFF, 0x3F, 0xFF, 0x94, 0x5C,
    0xFF, 0x7B, 0xBB, 0xFF, 0x7B, 0xBB, 0xFF, 0x7B, 0xBB, 0xFF, 0x7B, 0xBB,
    0xFF, 0x7B, 0xBB, 0xFF, 0x7B, 0xBB, 0xFF, 0x7B, 0xBB, 0xFF, 0x7B, 0xBB,
    0xFF, 0x7B, 0xBB, 0xFF, 0x73, 0xBB, 0xFF, 0x21, 0x0F, 0xFF, 0x21, 0x0D,
    0xFF, 0xE7, 0x3D, 0xFF, 0xFF, 0xFF, 0xFF, 0xFF, 0xFF, 0xFF, 0xFF, 0xFF,
    0xFF, 0xFF, 0xFF, 0xFF, 0xFF, 0xFF, 0xFF, 0xDE, 0xFC, 0xFF, 0xFF, 0xFF,
    0xFF, 0xFF, 0xFF, 0xFF, 0xFF, 0xFF, 0xFF, 0x9C, 0xD7, 0xFF, 0x08, 0x4C,
    0xFF, 0x08, 0x4C, 0xFF, 0x08, 0x4C, 0xFF, 0x08, 0x4C, 0xFF, 0x08, 0x4C,
    0xFF, 0x08, 0x4C, 0xFF, 0x08, 0x4C, 0xFF, 0x08, 0x4C, 0xFF, 0x08, 0x4C,
    0xFF, 0x08, 0x4C, 0xFF, 0x08, 0x4C, 0xFF, 0x08, 0x4C, 0xFF, 0x08, 0x4C,
    0xFF, 0x08, 0x4C, 0xFF, 0x08, 0x4C, 0xFF, 0x08, 0x4C, 0xFF, 0x08, 0x4C,
    0xFF, 0x08, 0x4C, 0xFF, 0x08, 0x4C, 0xFF, 0x08, 0x4C, 0xFF, 0x08, 0x4C,
    0xFF, 0x08, 0x4C, 0xFF, 0x08, 0x4C, 0xFF, 0x63, 0x18, 0xFF, 0x7B, 0xBB,
    0xFF, 0x7B, 0xBB, 0xFF, 0x7B, 0xBB, 0xFF, 0x7B, 0xBB, 0xFF, 0x7B, 0xBB,
    0xFF, 0x7B, 0xBB, 0xFF, 0x7B, 0xBB, 0xFF, 0x7B, 0xBB, 0xFF, 0x7B, 0xBB,
    0xFF, 0xBD, 0x7D, 0xFF, 0xFF, 0x3F, 0xFF, 0xFF, 0x3F, 0xFF, 0xFF, 0x3F,
    0xFF, 0xFF, 0x3F, 0xFF, 0x94, 0x37, 0xFF, 0x39, 0x90, 0xFF, 0x39, 0x90,
    0xFF, 0x39, 0x90, 0x47, 0x39, 0x90, 0x00, 0x00, 0x00, 0x00, 0x00, 0x00,
    0x00, 0x00, 0x00, 0x00, 0x00, 0x00, 0x00, 0x00, 0x00, 0x00, 0x00, 0x00,
    0x00, 0x00, 0x00, 0x01, 0x39, 0xB2, 0xD3, 0x39, 0xB1, 0xFF, 0x9C, 0x78,
    0xFF, 0xFF, 0x1F, 0xFF, 0xFF, 0x1F, 0xFF, 0xE6, 0x9E, 0xFF, 0x7B, 0xBB,
    0xFF, 0x7B, 0xBB, 0xFF, 0x7B, 0xBB, 0xFF, 0x7B, 0xBB, 0xFF, 0x7B, 0xBB,
    0xFF, 0x7B, 0xBB, 0xFF, 0x7B, 0xBB, 0xFF, 0x7B, 0xBB, 0xFF, 0x7B, 0xBB,
    0xFF, 0x7B, 0xBB, 0xFF, 0x52, 0x96, 0xFF, 0x08, 0x4C, 0xFF, 0x08, 0x4C,
    0xFF, 0x31, 0x8F, 0xFF, 0xC6, 0x3B, 0xFF, 0xFF, 0xFF, 0xFF, 0xFF, 0xFF,
    0xFF, 0xEF, 0x7E, 0xFF, 0x84, 0x15, 0xFF, 0x21, 0x0E, 0xFF, 0xDE, 0xFD,
    0xFF, 0xFF, 0xFF, 0xFF, 0xEF, 0x7E, 0xFF, 0x39, 0xCF, 0xFF, 0x08, 0x4C,
    0xFF, 0x08, 0x4C, 0xFF, 0x08, 0x4C, 0xFF, 0x08, 0x4C, 0xFF, 0x08, 0x4C,
    0xFF, 0x08, 0x4C, 0xFF, 0x08, 0x4C, 0xFF, 0x08, 0x4C, 0xFF, 0x08, 0x4C,
    0xFF, 0x08, 0x4C, 0xFF, 0x08, 0x4C, 0xFF, 0x08, 0x4C, 0xFF, 0x08, 0x4C,
    0xFF, 0x08, 0x4C, 0xFF, 0x08, 0x4C, 0xFF, 0x08, 0x4C, 0xFF, 0x08, 0x4C,
    0xFF, 0x08, 0x4C, 0xFF, 0x08, 0x4C, 0xFF, 0x08, 0x4C, 0xFF, 0x08, 0x4C,
    0xFF, 0x08, 0x4C, 0xFF, 0x08, 0x4C, 0xFF, 0x29, 0x30, 0xFF, 0x73, 0xBB,
    0xFF, 0x7B, 0xBB, 0xFF, 0x7B, 0xBB, 0xFF, 0x7B, 0xBB, 0xFF, 0x7B, 0xBB,
    0xFF, 0x7B, 0xBB, 0xFF, 0x7B, 0xBB, 0xFF, 0x7B, 0xBB, 0xFF, 0x7B, 0xBB,
    0xFF, 0x8C, 0x5C, 0xFF, 0xF7, 0x1F, 0xFF, 0xFF, 0x3F, 0xFF, 0xFF, 0x3F,
    0xFF, 0xFF, 0x3F, 0xFF, 0xBD, 0x7B, 0xFF, 0x39, 0x91, 0xFF, 0x39, 0x91,
    0xFF, 0x39, 0x91, 0x81, 0x39, 0x91, 0x00, 0x00, 0x00, 0x00, 0x00, 0x00,
    0x00, 0x00, 0x00, 0x00, 0x00, 0x00, 0x00, 0x00, 0x00, 0x00, 0x00, 0x00,
    0x00, 0x00, 0x00, 0x10, 0x39, 0xB2, 0xF5, 0x39, 0xB2, 0xFF, 0xBD, 0x7B,
    0xFF, 0xFF, 0x1F, 0xFF, 0xFF, 0x1F, 0xFF, 0xBD, 0x7D, 0xFF, 0x7B, 0xBB,
    0xFF, 0x7B, 0xBB, 0xFF, 0x7B, 0xBB, 0xFF, 0x7B, 0xBB, 0xFF, 0x7B, 0xBB,
    0xFF, 0x7B, 0xBB, 0xFF, 0x7B, 0xBB, 0xFF, 0x7B, 0xBB, 0xFF, 0x7B, 0xBB,
    0xFF, 0x73, 0x9B, 0xFF, 0x18, 0xCE, 0xFF, 0x08, 0x4C, 0xFF, 0x08, 0x4C,
    0xFF, 0x08, 0x4C, 0xFF, 0x08, 0x4C, 0xFF, 0x29, 0x2E, 0xFF, 0x39, 0xAF,
    0xFF, 0x18, 0xAD, 0xFF, 0x08, 0x4C, 0xFF, 0x08, 0x4C, 0xFF, 0x18, 0xAD,
    0xFF, 0x4A, 0x31, 0xFF, 0x20, 0xED, 0xFF, 0x08, 0x4C, 0xFF, 0x08, 0x4C,
    0xFF, 0x08, 0x4C, 0xFF, 0x08, 0x4C, 0xFF, 0x08, 0x4C, 0xFF, 0x08, 0x4C,
    0xFF, 0x08, 0x4C, 0xFF, 0x08, 0x4C, 0xFF, 0x08, 0x4C, 0xFF, 0x08, 0x4C,
    0xFF, 0x08, 0x4C, 0xFF, 0x08, 0x4C, 0xFF, 0x08, 0x4C, 0xFF, 0x08, 0x4C,
    0xFF, 0x08, 0x4C, 0xFF, 0x08, 0x4C, 0xFF, 0x08, 0x4C, 0xFF, 0x08, 0x4C,
    0xFF, 0x08, 0x4C, 0xFF, 0x08, 0x4C, 0xFF, 0x08, 0x4C, 0xFF, 0x08, 0x4C,
    0xFF, 0x08, 0x4C, 0xFF, 0x08, 0x4C, 0xFF, 0x08, 0x4C, 0xFF, 0x5A, 0xD7,
    0xFF, 0x7B, 0xBB, 0xFF, 0x7B, 0xBB, 0xFF, 0x7B, 0xBB, 0xFF, 0x7B, 0xBB,
    0xFF, 0x7B, 0xBB, 0xFF, 0x7B, 0xBB, 0xFF, 0x7B, 0xBB, 0xFF, 0x7B, 0xBB,
    0xFF, 0x7B, 0xBB, 0xFF, 0xE6, 0x9E, 0xFF, 0xFF, 0x1F, 0xFF, 0xFF, 0x1F,
    0xFF, 0xFF, 0x1F, 0xFF, 0xE6, 0x7D, 0xFF, 0x39, 0xB1, 0xFF, 0x39, 0x91,
    0xFF, 0x39, 0x91, 0xB2, 0x39, 0x91, 0x00, 0x00, 0x00, 0x00, 0x00, 0x00,
    0x00, 0x00, 0x00, 0x00, 0x00, 0x00, 0x00, 0x00, 0x00, 0x00, 0x00, 0x00,
    0x00, 0x00, 0x00, 0x31, 0x39, 0xB2, 0xFF, 0x39, 0xB2, 0xFF, 0xDE, 0x3D,
    0xFF, 0xFF, 0x1F, 0xFF, 0xFF, 0x1F, 0xFF, 0x94, 0x7C, 0xFF, 0x7B, 0xBB,
    0xFF, 0x7B, 0xBB, 0xFF, 0x7B, 0xBB, 0xFF, 0x7B, 0xBB, 0xFF, 0x7B, 0xBB,
    0xFF, 0x7B, 0xBB, 0xFF, 0x7B, 0xBB, 0xFF, 0x7B, 0xBB, 0xFF, 0x7B, 0xBB,
    0xFF, 0x52, 0xB6, 0xFF, 0x08, 0x4C, 0xFF, 0x08, 0x4C, 0xFF, 0x08, 0x4C,
    0xFF, 0x08, 0x4C, 0xFF, 0x08, 0x4C, 0xFF, 0x08, 0x4C, 0xFF, 0x08, 0x4C,
    0xFF, 0x08, 0x4C, 0xFF, 0x08, 0x4C, 0xFF, 0x08, 0x4C, 0xFF, 0x08, 0x4C,
    0xFF, 0x08, 0x4C, 0xFF, 0x08, 0x4C, 0xFF, 0x08, 0x4C, 0xFF, 0x08, 0x4C,
    0xFF, 0x08, 0x4C, 0xFF, 0x08, 0x4C, 0xFF, 0x08, 0x4C, 0xFF, 0x08, 0x4C,
    0xFF, 0x08, 0x4C, 0xFF, 0x08, 0x4C, 0xFF, 0x08, 0x4C, 0xFF, 0x08, 0x4C,
    0xFF, 0x08, 0x4C, 0xFF, 0x08, 0x4C, 0xFF, 0x08, 0x4C, 0xFF, 0x08, 0x4C,
    0xFF, 0x08, 0x4C, 0xFF, 0x08, 0x4C, 0xFF, 0x08, 0x4C, 0xFF, 0x08, 0x4C,
    0xFF, 0x08, 0x4C, 0xFF, 0x08, 0x4C, 0xFF, 0x08, 0x4C, 0xFF, 0x08, 0x4C,
    0xFF, 0x08, 0x4C, 0xFF, 0x08, 0x4C, 0xFF, 0x08, 0x4C, 0xFF, 0x29, 0x50,
    0xFF, 0x7B, 0xBB, 0xFF, 0x7B, 0xBB, 0xFF, 0x7B, 0xBB, 0xFF, 0x7B, 0xBB,
    0xFF, 0x7B, 0xBB, 0xFF, 0x7B, 0xBB, 0xFF, 0x7B, 0xBB, 0xFF, 0x7B, 0xBB,
    0xFF, 0x7B, 0xBB, 0xFF, 0xBD, 0x9D, 0xFF, 0xFF, 0x1F, 0xFF, 0xFF, 0x1F,
    0xFF, 0xFF, 0x1F, 0xFF, 0xF6, 0xDF, 0xFF, 0x4A, 0x12, 0xFF, 0x39, 0xB1,
    0xFF, 0x39, 0xB1, 0xDA, 0x39, 0xB1, 0x02, 0x39, 0xB1, 0x00, 0x00, 0x00,
    0x00, 0x00, 0x00, 0x00, 0x00, 0x00, 0x00, 0x00, 0x00, 0x00, 0x00, 0x00,
    0x00, 0x00, 0x00, 0x54, 0x41, 0xD2, 0xFF, 0x41, 0xD2, 0xFF, 0xF6, 0xDF,
    0xFF, 0xFF, 0x1F, 0xFF, 0xF6, 0xDF, 0xFF, 0x83, 0xFB, 0xFF, 0x7B, 0xBB,
    0xFF, 0x7B, 0xBB, 0xFF, 0x7B, 0xBB, 0xFF, 0x7B, 0xBB, 0xFF, 0x7B, 0xBB,
    0xFF, 0x7B, 0xBB, 0xFF, 0x7B, 0xBB, 0xFF, 0x7B, 0xBB, 0xFF, 0x7B, 0xBB,
    0xFF, 0x29, 0x30, 0xFF, 0x08, 0x4C, 0xFF, 0x08, 0x4C, 0xFF, 0x08, 0x4C,
    0xFF, 0x08, 0x4C, 0xFF, 0x08, 0x4C, 0xFF, 0x08, 0x4C, 0xFF, 0x08, 0x4C,
    0xFF, 0x08, 0x4C, 0xFF, 0x08, 0x4C, 0xFF, 0x08, 0x4C, 0xFF, 0x08, 0x4C,
    0xFF, 0x08, 0x4C, 0xFF, 0x08, 0x4C, 0xFF, 0x08, 0x4C, 0xFF, 0x08, 0x4C,
    0xFF, 0x08, 0x4C, 0xFF, 0x08, 0x4C, 0xFF, 0x08, 0x4C, 0xFF, 0x08, 0x4C,
    0xFF, 0x08, 0x4C, 0xFF, 0x08, 0x4C, 0xFF, 0x08, 0x4C, 0xFF, 0x08, 0x4C,
    0xFF, 0x08, 0x4C, 0xFF, 0x08, 0x4C, 0xFF, 0x08, 0x4C, 0xFF, 0x08, 0x4C,
    0xFF, 0x08, 0x4C, 0xFF, 0x08, 0x4C, 0xFF, 0x08, 0x4C, 0xFF, 0x08, 0x4C,
    0xFF, 0x08, 0x4C, 0xFF, 0x08, 0x4C, 0xFF, 0x08, 0x4C, 0xFF, 0x08, 0x4C,
    0xFF, 0x08, 0x4C, 0xFF, 0x08, 0x4C, 0xFF, 0x08, 0x4C, 0xFF, 0x08, 0x4C,
    0xFF, 0x6B, 0x59, 0xFF, 0x7B, 0xBB, 0xFF, 0x7B, 0xBB, 0xFF, 0x7B, 0xBB,
    0xFF, 0x7B, 0xBB, 0xFF, 0x7B, 0xBB, 0xFF, 0x7B, 0xBB, 0xFF, 0x7B, 0xBB,
    0xFF, 0x7B, 0xBB, 0xFF, 0xA4, 0xDC, 0xFF, 0xFF, 0x1F, 0xFF, 0xFF, 0x1F,
    0xFF, 0xFF, 0x1F, 0xFF, 0xFF, 0x1F, 0xFF, 0x5A, 0x94, 0xFF, 0x39, 0xB1,
    0xFF, 0x39, 0xB1, 0xF2, 0x39, 0xB1, 0x0D, 0x39, 0xB1, 0x00, 0x00, 0x00,
    0x00, 0x00, 0x00, 0x00, 0x00, 0x00, 0x00, 0x00, 0x00, 0x00, 0x00, 0x00,
    0x00, 0x00, 0x00, 0x70, 0x41, 0xD2, 0xFF, 0x52, 0x54, 0xFF, 0xF6, 0xFF,
    0xFF, 0xFE, 0xFF, 0xFF, 0xDE, 0x5E, 0xFF, 0x7B, 0xBB, 0xFF, 0x7B, 0xBB,
    0xFF, 0x7B, 0xBB, 0xFF, 0x7B, 0xBB, 0xFF, 0x7B, 0xBB, 0xFF, 0x7B, 0xBB,
    0xFF, 0x7B, 0xBB, 0xFF, 0x7B, 0xBB, 0xFF, 0x7B, 0xBB, 0xFF, 0x6B, 0x7A,
    0xFF, 0x08, 0x4C, 0xFF, 0x08, 0x4C, 0xFF, 0x08, 0x4C, 0xFF, 0x08, 0x4C,
    0xFF, 0x08, 0x4C, 0xFF, 0x08, 0x4C, 0xFF, 0x08, 0x4C, 0xFF, 0x08, 0x4C,
    0xFF, 0x08, 0x4C, 0xFF, 0x08, 0x4C, 0xFF, 0x08, 0x4C, 0xFF, 0x08, 0x4C,
    0xFF, 0x08, 0x4C, 0xFF, 0x08, 0x4C, 0xFF, 0x08, 0x4C, 0xFF, 0x08, 0x4C,
    0xFF, 0x08, 0x4C, 0xFF, 0x08, 0x4C, 0xFF, 0x08, 0x4C, 0xFF, 0x08, 0x4C,
    0xFF, 0x08, 0x4C, 0xFF, 0x08, 0x4C, 0xFF, 0x08, 0x4C, 0xFF, 0x08, 0x4C,
    0xFF, 0x08, 0x4C, 0xFF, 0x08, 0x4C, 0xFF, 0x08, 0x4C, 0xFF, 0x08, 0x4C,
    0xFF, 0x08, 0x4C, 0xFF, 0x08, 0x4C, 0xFF, 0x08, 0x4C, 0xFF, 0x08, 0x4C,
    0xFF, 0x08, 0x4C, 0xFF, 0x08, 0x4C, 0xFF, 0x08, 0x4C, 0xFF, 0x08, 0x4C,
    0xFF, 0x08, 0x4C, 0xFF, 0x08, 0x4C, 0xFF, 0x08, 0x4C, 0xFF, 0x08, 0x4C,
    0xFF, 0x42, 0x34, 0xFF, 0x7B, 0xBB, 0xFF, 0x7B, 0xBB, 0xFF, 0x7B, 0xBB,
    0xFF, 0x7B, 0xBB, 0xFF, 0x7B, 0xBB, 0xFF, 0x7B, 0xBB, 0xFF, 0x7B, 0xBB,
    0xFF, 0x7B, 0xBB, 0xFF, 0x84, 0x1B, 0xFF, 0xFE, 0xFF, 0xFF, 0xFE, 0xFF,
    0xFF, 0xFE, 0xFF, 0xFF, 0xFE, 0xFF, 0xFF, 0x6B, 0x35, 0xFF, 0x39, 0xB2,
    0xFF, 0x39, 0xB2, 0xFF, 0x39, 0xB2, 0x1D, 0x39, 0xB2, 0x00, 0x00, 0x00,
    0x00, 0x00, 0x00, 0x00, 0x00, 0x00, 0x00, 0x00, 0x00, 0x00, 0x00, 0x00,
    0x00, 0x00, 0x00, 0x85, 0x41, 0xD3, 0xFF, 0x5A, 0xB5, 0xFF, 0xF6, 0xFF,
    0xFF, 0xFE, 0xFF, 0xFF, 0xCD, 0xBE, 0xFF, 0x7B, 0xBB, 0xFF, 0x7B, 0xBB,
    0xFF, 0x7B, 0xBB, 0xFF, 0x7B, 0xBB, 0xFF, 0x7B, 0xBB, 0xFF, 0x7B, 0xBB,
    0xFF, 0x7B, 0xBB, 0xFF, 0x7B, 0xBB, 0xFF, 0x7B, 0xBB, 0xFF, 0x52, 0x75,
    0xFF, 0x08, 0x4C, 0xFF, 0x08, 0x4C, 0xFF, 0x08, 0x4C, 0xFF, 0x08, 0x4C,
    0xFF, 0x08, 0x4C, 0xFF, 0x08, 0x4C, 0xFF, 0x08, 0x4C, 0xFF, 0x08, 0x4C,
    0xFF, 0x08, 0x4C, 0xFF, 0x08, 0x4C, 0xFF, 0x08, 0x4C, 0xFF, 0x08, 0x4C,
    0xFF, 0x08, 0x4C, 0xFF, 0x08, 0x4C, 0xFF, 0x08, 0x4C, 0xFF, 0x08, 0x4C,
    0xFF, 0x08, 0x4C, 0xFF, 0x08, 0x4C, 0xFF, 0x08, 0x4C, 0xFF, 0x08, 0x4C,
    0xFF, 0x08, 0x4C, 0xFF, 0x08, 0x4C, 0xFF, 0x08, 0x4C, 0xFF, 0x08, 0x4C,
    0xFF, 0x08, 0x4C, 0xFF, 0x08, 0x4C, 0xFF, 0x08, 0x4C, 0xFF, 0x08, 0x4C,
    0xFF, 0x08, 0x4C, 0xFF, 0x08, 0x4C, 0xFF, 0x08, 0x4C, 0xFF, 0x08, 0x4C,
    0xFF, 0x08, 0x4C, 0xFF, 0x08, 0x4C, 0xFF, 0x08, 0x4C, 0xFF, 0x08, 0x4C,
    0xFF, 0x08, 0x4C, 0xFF, 0x08, 0x4C, 0xFF, 0x08, 0x4C, 0xFF, 0x08, 0x4C,
    0xFF, 0x21, 0x0F, 0xFF, 0x7B, 0xBB, 0xFF, 0x7B, 0xBB, 0xFF, 0x7B, 0xBB,
    0xFF, 0x7B, 0xBB, 0xFF, 0x7B, 0xBB, 0xFF, 0x7B, 0xBB, 0xFF, 0x7B, 0xBB,
    0xFF, 0x7B, 0xBB, 0xFF, 0x7B, 0xDB, 0xFF, 0xEE, 0xBF, 0xFF, 0xFE, 0xFF,
    0xFF, 0xFE, 0xFF, 0xFF, 0xFE, 0xFF, 0xFF, 0x7B, 0x96, 0xFF, 0x39, 0xB2,
    0xFF, 0x39, 0xB2, 0xFF, 0x39, 0xB2, 0x31, 0x39, 0xB2, 0x00, 0x00, 0x00,
    0x00, 0x00, 0x00, 0x00, 0x00, 0x00, 0x00, 0x00, 0x00, 0x00, 0x00, 0x00,
    0x00, 0x00, 0x00, 0x92, 0x41, 0xF3, 0xFF, 0x6A, 0xF5, 0xFF, 0xFE, 0xFF,
    0xFF, 0xFE, 0xFF, 0xFF, 0xB5, 0x5D, 0xFF, 0x7B, 0xBB, 0xFF, 0x7B, 0xBB,
    0xFF, 0x7B, 0xBB, 0xFF, 0x7B, 0xBB, 0xFF, 0x7B, 0xBB, 0xFF, 0x7B, 0xBB,
    0xFF, 0x7B, 0xBB, 0xFF, 0x7B, 0xBB, 0xFF, 0x7B, 0xBB, 0xFF, 0x31, 0x91,
    0xFF, 0x08, 0x4C, 0xFF, 0x08, 0x4C, 0xFF, 0x08, 0x4C, 0xFF, 0x08, 0x4C,
    0xFF, 0x08, 0x4C, 0xFF, 0x08, 0x4C, 0xFF, 0x08, 0x4C, 0xFF, 0x08, 0x4C,
    0xFF, 0x08, 0x4C, 0xFF, 0x08, 0x4C, 0xFF, 0x08, 0x4C, 0xFF, 0x08, 0x4C,
    0xFF, 0x08, 0x4C, 0xFF, 0x08, 0x4C, 0xFF, 0x08, 0x4C, 0xFF, 0x08, 0x4C,
    0xFF, 0x08, 0x4C, 0xFF, 0x08, 0x4C, 0xFF, 0x08, 0x4C, 0xFF, 0x08, 0x4C,
    0xFF, 0x08, 0x4C, 0xFF, 0x08, 0x4C, 0xFF, 0x08, 0x4C, 0xFF, 0x08, 0x4C,
    0xFF, 0x08, 0x4C, 0xFF, 0x08, 0x4C, 0xFF, 0x08, 0x4C, 0xFF, 0x08, 0x4C,
    0xFF, 0x08, 0x4C, 0xFF, 0x08, 0x4C, 0xFF, 0x08, 0x4C, 0xFF, 0x08, 0x4C,
    0xFF, 0x08, 0x4C, 0xFF, 0x08, 0x4C, 0xFF, 0x08, 0x4C, 0xFF, 0x08, 0x4C,
    0xFF, 0x08, 0x4C, 0xFF, 0x08, 0x4C, 0xFF, 0x08, 0x4C, 0xFF, 0x08, 0x4C,
    0xFF, 0x10, 0x6C, 0xFF, 0x73, 0x7A, 0xFF, 0x7B, 0xBB, 0xFF, 0x7B, 0xBB,
    0xFF, 0x7B, 0xBB, 0xFF, 0x7B, 0xBB, 0xFF, 0x7B, 0xBB, 0xFF, 0x7B, 0xBB,
    0xFF, 0x7B, 0xBB, 0xFF, 0x7B, 0xBB, 0xFF, 0xE6, 0x5E, 0xFF, 0xFE, 0xFF,
    0xFF, 0xFE, 0xFF, 0xFF, 0xFE, 0xFF, 0xFF, 0x8B, 0xD7, 0xFF, 0x41, 0xD2,
    0xFF, 0x41, 0xD2, 0xFF, 0x41, 0xD2, 0x3F, 0x39, 0xD2, 0x00, 0x00, 0x00,
    0x00, 0x00, 0x00, 0x00, 0x00, 0x00, 0x00, 0x00, 0x00, 0x00, 0x00, 0x00,
    0x00, 0x00, 0x00, 0x99, 0x41, 0xF3, 0xFF, 0x6B, 0x16, 0xFF, 0xFE, 0xDF,
    0xFF, 0xFE, 0xDF, 0xFF, 0xAD, 0x1D, 0xFF, 0x7B, 0xBB, 0xFF, 0x7B, 0xBB,
    0xFF, 0x7B, 0xBB, 0xFF, 0x7B, 0xBB, 0xFF, 0x7B, 0xBB, 0xFF, 0x7B, 0xBB,
    0xFF, 0x7B, 0xBB, 0xFF, 0x7B, 0xBB, 0xFF, 0x7B, 0xBB, 0xFF, 0x18, 0xCE,
    0xFF, 0x08, 0x4C, 0xFF, 0x08, 0x4C, 0xFF, 0x08, 0x4C, 0xFF, 0x08, 0x4C,
    0xFF, 0x08, 0x4C, 0xFF, 0x08, 0x4C, 0xFF, 0x08, 0x4C, 0xFF, 0x08, 0x4C,
    0xFF, 0x08, 0x4C, 0xFF, 0x08, 0x4C, 0xFF, 0x08, 0x4C, 0xFF, 0x08, 0x4C,
    0xFF, 0x08, 0x4C, 0xFF, 0x08, 0x4C, 0xFF, 0x08, 0x4C, 0xFF, 0x08, 0x4C,
    0xFF, 0x08, 0x4C, 0xFF, 0x08, 0x4C, 0xFF, 0x08, 0x4C, 0xFF, 0x08, 0x4C,
    0xFF, 0x08, 0x4C, 0xFF, 0x08, 0x4C, 0xFF, 0x08, 0x4C, 0xFF, 0x08, 0x4C,
    0xFF, 0x08, 0x4C, 0xFF, 0x08, 0x4C, 0xFF, 0x08, 0x4C, 0xFF, 0x08, 0x4C,
    0xFF, 0x08, 0x4C, 0xFF, 0x08, 0x4C, 0xFF, 0x08, 0x4C, 0xFF, 0x08, 0x4C,
    0xFF, 0x08, 0x4C, 0xFF, 0x08, 0x4C, 0xFF, 0x08, 0x4C, 0xFF, 0x08, 0x4C,
    0xFF, 0x08, 0x4C, 0xFF, 0x08, 0x4C, 0xFF, 0x08, 0x4C, 0xFF, 0x08, 0x4C,
    0xFF, 0x08, 0x4C, 0xFF, 0x5A, 0xF7, 0xFF, 0x7B, 0xBB, 0xFF, 0x7B, 0xBB,
    0xFF, 0x7B, 0xBB, 0xFF, 0x7B, 0xBB, 0xFF, 0x7B, 0xBB, 0xFF, 0x7B, 0xBB,
    0xFF, 0x7B, 0xBB, 0xFF, 0x7B, 0xBB, 0xFF, 0xD6, 0x1E, 0xFF, 0xFE, 0xFF,
    0xFF, 0xFE, 0xFF, 0xFF, 0xFE, 0xFF, 0xFF, 0x8B, 0xF8, 0xFF, 0x41, 0xD2,
    0xFF, 0x41, 0xD2, 0xFF, 0x41, 0xD2, 0x46, 0x41, 0xD2, 0x00, 0x00, 0x00,
    0x00, 0x00, 0x00, 0x00, 0x00, 0x00, 0x00, 0x00, 0x00, 0x00, 0x00, 0x00,
    0x00, 0x00, 0x00, 0x9A, 0x41, 0xF3, 0xFF, 0x6B, 0x16, 0xFF, 0xFE, 0xDF,
    0xFF, 0xFE, 0xDF, 0xFF, 0xA4, 0xDC, 0xFF, 0x7B, 0xBB, 0xFF, 0x7B, 0xBB,
    0xFF, 0x7B, 0xBB, 0xFF, 0x7B, 0xBB, 0xFF, 0x7B, 0xBB, 0xFF, 0x7B, 0xBB,
    0xFF, 0x7B, 0xBB, 0xFF, 0x7B, 0xBB, 0xFF, 0x73, 0x7A, 0xFF, 0x10, 0x6C,
    0xFF, 0x08, 0x4C, 0xFF, 0x08, 0x4C, 0xFF, 0x08, 0x4C, 0xFF, 0x08, 0x4C,
    0xFF, 0x08, 0x4C, 0xFF, 0x08, 0x4C, 0xFF, 0x08, 0x4C, 0xFF, 0x08, 0x4C,
    0xFF, 0x08, 0x4C, 0xFF, 0x08, 0x4C, 0xFF, 0x08, 0x4C, 0xFF, 0x08, 0x4C,
    0xFF, 0x08, 0x4C, 0xFF, 0x08, 0x4C, 0xFF, 0x08, 0x4C, 0xFF, 0x08, 0x4C,
    0xFF, 0x08, 0x4C, 0xFF, 0x08, 0x4C, 0xFF, 0x08, 0x4C, 0xFF, 0x08, 0x4C,
    0xFF, 0x08, 0x4C, 0xFF, 0x08, 0x4C, 0xFF, 0x08, 0x4C, 0xFF, 0x08, 0x4C,
    0xFF, 0x08, 0x4C, 0xFF, 0x08, 0x4C, 0xFF, 0x08, 0x4C, 0xFF, 0x08, 0x4C,
    0xFF, 0x08, 0x4C, 0xFF, 0x08, 0x4C, 0xFF, 0x08, 0x4C, 0xFF, 0x08, 0x4C,
    0xFF, 0x08, 0x4C, 0xFF, 0x08, 0x4C, 0xFF, 0x08, 0x4C, 0xFF, 0x08, 0x4C,
    0xFF, 0x08, 0x4C, 0xFF, 0x08, 0x4C, 0xFF, 0x08, 0x4C, 0xFF, 0x08, 0x4C,
    0xFF, 0x08, 0x4C, 0xFF, 0x4A, 0x55, 0xFF, 0x7B, 0xBB, 0xFF, 0x7B, 0xBB,
    0xFF, 0x7B, 0xBB, 0xFF, 0x7B, 0xBB, 0xFF, 0x7B, 0xBB, 0xFF, 0x7B, 0xBB,
    0xFF, 0x7B, 0xBB, 0xFF, 0x7B, 0xBB, 0xFF, 0xCD, 0xDE, 0xFF, 0xFE, 0xDF,
    0xFF, 0xFE, 0xDF, 0xFF, 0xFE, 0xDF, 0xFF, 0x8B, 0xF8, 0xFF, 0x41, 0xD3,
    0xFF, 0x41, 0xD3, 0xFF, 0x41, 0xD3, 0x46, 0x41, 0xD3, 0x00, 0x00, 0x00,
    0x00, 0x00, 0x00, 0x00, 0x00, 0x00, 0x00, 0x00, 0x00, 0x00, 0x00, 0x00,
    0x00, 0x00, 0x00, 0x92, 0x42, 0x14, 0xFF, 0x6A, 0xF6, 0xFF, 0xF6, 0xDF,
    0xFF, 0xF6, 0xDF, 0xFF, 0xA4, 0xBC, 0xFF, 0x7B, 0xBB, 0xFF, 0x7B, 0xBB,
    0xFF, 0x7B, 0xBB, 0xFF, 0x7B, 0xBB, 0xFF, 0x7B, 0xBB, 0xFF, 0x7B, 0xBB,
    0xFF, 0x7B, 0xBB, 0xFF, 0x7B, 0xBB, 0xFF, 0x6B, 0x39, 0xFF, 0x08, 0x4C,
    0xFF, 0x08, 0x4C, 0xFF, 0x08, 0x4C, 0xFF, 0x08, 0x4C, 0xFF, 0x08, 0x4C,
    0xFF, 0x08, 0x4C, 0xFF, 0x08, 0x4C, 0xFF, 0x08, 0x4C, 0xFF, 0x08, 0x4C,
    0xFF, 0x08, 0x4C, 0xFF, 0x08, 0x4C, 0xFF, 0x08, 0x4C, 0xFF, 0x08, 0x4C,
    0xFF, 0x08, 0x4C, 0xFF, 0x08, 0x4C, 0xFF, 0x08, 0x4C, 0xFF, 0x08, 0x4C,
    0xFF, 0x08, 0x4C, 0xFF, 0x08, 0x4C, 0xFF, 0x08, 0x4C, 0xFF, 0x08, 0x4C,
    0xFF, 0x08, 0x4C, 0xFF, 0x08, 0x4C, 0xFF, 0x08, 0x4C, 0xFF, 0x08, 0x4C,
    0xFF, 0x08, 0x4C, 0xFF, 0x08, 0x4C, 0xFF, 0x08, 0x4C, 0xFF, 0x08, 0x4C,
    0xFF, 0x08, 0x4C, 0xFF, 0x08, 0x4C, 0xFF, 0x08, 0x4C, 0xFF, 0x08, 0x4C,
    0xFF, 0x08, 0x4C, 0xFF, 0x08, 0x4C, 0xFF, 0x08, 0x4C, 0xFF, 0x08, 0x4C,
    0xFF, 0x08, 0x4C, 0xFF, 0x08, 0x4C, 0xFF, 0x08, 0x4C, 0xFF, 0x08, 0x4C,
    0xFF, 0x08, 0x4C, 0xFF, 0x39, 0xF3, 0xFF, 0x7B, 0xBB, 0xFF, 0x7B, 0xBB,
    0xFF, 0x7B, 0xBB, 0xFF, 0x7B, 0xBB, 0xFF, 0x7B, 0xBB, 0xFF, 0x7B, 0xBB,
    0xFF, 0x7B, 0xBB, 0xFF, 0x7B, 0xBB, 0xFF, 0xCD, 0xBE, 0xFF, 0xF6, 0xDF,
    0xFF, 0xF6, 0xDF, 0xFF, 0xF6, 0xDF, 0xFF, 0x8B, 0xD8, 0xFF, 0x41, 0xF3,
    0xFF, 0x41, 0xF3, 0xFF, 0x41, 0xF3, 0x3F, 0x41, 0xF3, 0x00, 0x00, 0x00,
    0x00, 0x00, 0x00, 0x00, 0x00, 0x00, 0x00, 0x00, 0x00, 0x00, 0x00, 0x00,
    0x00, 0x00, 0x00, 0x85, 0x4A, 0x14, 0xFF, 0x62, 0xD6, 0xFF, 0xF6, 0xBF,
    0xFF, 0xF6, 0xDF, 0xFF, 0xA4, 0xBC, 0xFF, 0x7B, 0xBB, 0xFF, 0x7B, 0xBB,
    0xFF, 0x7B, 0xBB, 0xFF, 0x7B, 0xBB, 0xFF, 0x7B, 0xBB, 0xFF, 0x7B, 0xBB,
    0xFF, 0x7B, 0xBB, 0xFF, 0x7B, 0xBB, 0xFF, 0x62, 0xF8, 0xFF, 0x08, 0x4C,
    0xFF, 0x08, 0x4C, 0xFF, 0x08, 0x4C, 0xFF, 0x08, 0x4C, 0xFF, 0x08, 0x4C,
    0xFF, 0x08, 0x4C, 0xFF, 0x08, 0x4C, 0xFF, 0x08, 0x4C, 0xFF, 0x08, 0x4C,
    0xFF, 0x08, 0x4C, 0xFF, 0x08, 0x4C, 0xFF, 0x08, 0x4C, 0xFF, 0x08, 0x4C,
    0xFF, 0x08, 0x4C, 0xFF, 0x08, 0x4C, 0xFF, 0x08, 0x4C, 0xFF, 0x08, 0x4C,
    0xFF, 0x08, 0x4C, 0xFF, 0x08, 0x4C, 0xFF, 0x08, 0x4C, 0xFF, 0x08, 0x4C,
    0xFF, 0x08, 0x4C, 0xFF, 0x08, 0x4C, 0xFF, 0x08, 0x4C, 0xFF, 0x08, 0x4C,
    0xFF, 0x08, 0x4C, 0xFF, 0x08, 0x4C, 0xFF, 0x08, 0x4C, 0xFF, 0x08, 0x4C,
    0xFF, 0x08, 0x4C, 0xFF, 0x08, 0x4C, 0xFF, 0x08, 0x4C, 0xFF, 0x08, 0x4C,
    0xFF, 0x08, 0x4C, 0xFF, 0x08, 0x4C, 0xFF, 0x08, 0x4C, 0xFF, 0x08, 0x4C,
    0xFF, 0x08, 0x4C, 0xFF, 0x08, 0x4C, 0xFF, 0x08, 0x4C, 0xFF, 0x08, 0x4C,
    0xFF, 0x08, 0x4C, 0xFF, 0x31, 0x92, 0xFF, 0x7B, 0xBB, 0xFF, 0x7B, 0xBB,
    0xFF, 0x7B, 0xBB, 0xFF, 0x7B, 0xBB, 0xFF, 0x7B, 0xBB, 0xFF, 0x7B, 0xBB,
    0xFF, 0x7B, 0xBB, 0xFF, 0x7B, 0xBB, 0xFF, 0xCD, 0xBE, 0xFF, 0xF6, 0xDF,
    0xFF, 0xF6, 0xDF, 0xFF, 0xF6, 0xDF, 0xFF, 0x83, 0x97, 0xFF, 0x41, 0xF3,
    0xFF, 0x41, 0xF3, 0xFF, 0x41, 0xF3, 0x32, 0x41, 0xF3, 0x00, 0x00, 0x00,
    0x00, 0x00, 0x00, 0x00, 0x00, 0x00, 0x00, 0x00, 0x00, 0x00, 0x00, 0x00,
    0x00, 0x00, 0x00, 0x70, 0x4A, 0x14, 0xFF, 0x5A, 0x95, 0xFF, 0xF6, 0xBF,
    0xFF, 0xF6, 0xBF, 0xFF, 0xA4, 0xDD, 0xFF, 0x7B, 0xBB, 0xFF, 0x7B, 0xBB,
    0xFF, 0x7B, 0xBB, 0xFF, 0x7B, 0xBB, 0xFF, 0x7B, 0xBB, 0xFF, 0x7B, 0xBB,
    0xFF, 0x7B, 0xBB, 0xFF, 0x7B, 0xBB, 0xFF, 0x5A, 0xD7, 0xFF, 0x08, 0x4C,
    0xFF, 0x08, 0x4C, 0xFF, 0x08, 0x4C, 0xFF, 0x08, 0x4C, 0xFF, 0x08, 0x4C,
    0xFF, 0x08, 0x4C, 0xFF, 0x08, 0x4C, 0xFF, 0x08, 0x4C, 0xFF, 0x08, 0x4C,
    0xFF, 0x08, 0x4C, 0xFF, 0x08, 0x4C, 0xFF, 0x08, 0x4C, 0xFF, 0x08, 0x4C,
    0xFF, 0x08, 0x4C, 0xFF, 0x08, 0x4C, 0xFF, 0x08, 0x4C, 0xFF, 0x08, 0x4C,
    0xFF, 0x08, 0x4C, 0xFF, 0x08, 0x4C, 0xFF, 0x08, 0x4C, 0xFF, 0x08, 0x4C,
    0xFF, 0x08, 0x4C, 0xFF, 0x08, 0x4C, 0xFF, 0x08, 0x4C, 0xFF, 0x08, 0x4C,
    0xFF, 0x08, 0x4C, 0xFF, 0x08, 0x4C, 0xFF, 0x08, 0x4C, 0xFF, 0x08, 0x4C,
    0xFF, 0x08, 0x4C, 0xFF, 0x08, 0x4C, 0xFF, 0x08, 0x4C, 0xFF, 0x08, 0x4C,
    0xFF, 0x08, 0x4C, 0xFF, 0x08, 0x4C, 0xFF, 0x08, 0x4C, 0xFF, 0x08, 0x4C,
    0xFF, 0x08, 0x4C, 0xFF, 0x08, 0x4C, 0xFF, 0x08, 0x4C, 0xFF, 0x08, 0x4C,
    0xFF, 0x08, 0x4C, 0xFF, 0x31, 0x71, 0xFF, 0x7B, 0xBB, 0xFF, 0x7B, 0xBB,
    0xFF, 0x7B, 0xBB, 0xFF, 0x7B, 0xBB, 0xFF, 0x7B, 0xBB, 0xFF, 0x7B, 0xBB,
    0xFF, 0x7B, 0xBB, 0xFF, 0x7B, 0xBB, 0xFF, 0xD5, 0xDE, 0xFF, 0xF6, 0xBF,
    0xFF, 0xF6, 0xBF, 0xFF, 0xF6, 0xBF, 0xFF, 0x73, 0x36, 0xFF, 0x41, 0xF3,
    0xFF, 0x41, 0xF3, 0xFF, 0x41, 0xF3, 0x1D, 0x41, 0xF3, 0x00, 0x00, 0x00,
    0x00, 0x00, 0x00, 0x00, 0x00, 0x00, 0x00, 0x00, 0x00, 0x00, 0x00, 0x00,
    0x00, 0x00, 0x00, 0x55, 0x4A, 0x34, 0xFF, 0x4A, 0x35, 0xFF, 0xF6, 0x9F,
    0xFF, 0xF6, 0xBF, 0xFF, 0xB5, 0x1D, 0xFF, 0x7B, 0xBB, 0xFF, 0x7B, 0xBB,
    0xFF, 0x7B, 0xBB, 0xFF, 0x7B, 0xBB, 0xFF, 0x7B, 0xBB, 0xFF, 0x7B, 0xBB,
    0xFF, 0x7B, 0xBB, 0xFF, 0x7B, 0xBB, 0xFF, 0x5A, 0xD7, 0xFF, 0x08, 0x4C,
    0xFF, 0x08, 0x4C, 0xFF, 0x08, 0x4C, 0xFF, 0x08, 0x4C, 0xFF, 0x08, 0x4C,
    0xFF, 0x08, 0x4C, 0xFF, 0x08, 0x4C, 0xFF, 0x08, 0x4C, 0xFF, 0x08, 0x4C,
    0xFF, 0x08, 0x4C, 0xFF, 0x08, 0x4C, 0xFF, 0x08, 0x4C, 0xFF, 0x08, 0x4C,
    0xFF, 0x08, 0x4C, 0xFF, 0x08, 0x4C, 0xFF, 0x08, 0x4C, 0xFF, 0x08, 0x4C,
    0xFF, 0x08, 0x4C, 0xFF, 0x08, 0x4C, 0xFF, 0x08, 0x4C, 0xFF, 0x08, 0x4C,
    0xFF, 0x08, 0x4C, 0xFF, 0x08, 0x4C, 0xFF, 0x08, 0x4C, 0xFF, 0x08, 0x4C,
    0xFF, 0x08, 0x4C, 0xFF, 0x08, 0x4C, 0xFF, 0x08, 0x4C, 0xFF, 0x08, 0x4C,
    0xFF, 0x08, 0x4C, 0xFF, 0x08, 0x4C, 0xFF, 0x08, 0x4C, 0xFF, 0x08, 0x4C,
    0xFF, 0x08, 0x4C, 0xFF, 0x08, 0x4C, 0xFF, 0x08, 0x4C, 0xFF, 0x08, 0x4C,
    0xFF, 0x08, 0x4C, 0xFF, 0x08, 0x4C, 0xFF, 0x08, 0x4C, 0xFF, 0x08, 0x4C,
    0xFF, 0x08, 0x4C, 0xFF, 0x31, 0x71, 0xFF, 0x7B, 0xBB, 0xFF, 0x7B, 0xBB,
    0xFF, 0x7B, 0xBB, 0xFF, 0x7B, 0xBB, 0xFF, 0x7B, 0xBB, 0xFF, 0x7B, 0xBB,
    0xFF, 0x7B, 0xBB, 0xFF, 0x7B, 0xBB, 0xFF, 0xDE, 0x1E, 0xFF, 0xF6, 0xBF,
    0xFF, 0xF6, 0xBF, 0xFF, 0xF6, 0xBF, 0xFF, 0x62, 0xD6, 0xFF, 0x42, 0x14,
    0xFF, 0x42, 0x14, 0xF3, 0x42, 0x14, 0x0E, 0x42, 0x14, 0x00, 0x00, 0x00,
    0x00, 0x00, 0x00, 0x00, 0x00, 0x00, 0x00, 0x00, 0x00, 0x00, 0x00, 0x00,
    0x00, 0x00, 0x00, 0x32, 0x4A, 0x35, 0xFF, 0x4A, 0x35, 0xFF, 0xDD, 0xFD,
    0xFF, 0xF6, 0xBF, 0xFF, 0xBD, 0x5D, 0xFF, 0x7B, 0xBB, 0xFF, 0x7B, 0xBB,
    0xFF, 0x7B, 0xBB, 0xFF, 0x7B, 0xBB, 0xFF, 0x7B, 0xBB, 0xFF, 0x7B, 0xBB,
    0xFF, 0x7B, 0xBB, 0xFF, 0x7B, 0xBB, 0xFF, 0x5A, 0xD7, 0xFF, 0x08, 0x4C,
    0xFF, 0x08, 0x4C, 0xFF, 0x08, 0x4C, 0xFF, 0x08, 0x4C, 0xFF, 0x08, 0x4C,
    0xFF, 0x08, 0x4C, 0xFF, 0x08, 0x4C, 0xFF, 0x08, 0x4C, 0xFF, 0x08, 0x4C,
    0xFF, 0x08, 0x4C, 0xFF, 0x08, 0x4C, 0xFF, 0x08, 0x4C, 0xFF, 0x08, 0x4C,
    0xFF, 0x08, 0x4C, 0xFF, 0x08, 0x4C, 0xFF, 0x08, 0x4C, 0xFF, 0x08, 0x4C,
    0xFF, 0x08, 0x4C, 0xFF, 0x08, 0x4C, 0xFF, 0x08, 0x4C, 0xFF, 0x08, 0x4C,
    0xFF, 0x08, 0x4C, 0xFF, 0x08, 0x4C, 0xFF, 0x08, 0x4C, 0xFF, 0x08, 0x4C,
    0xFF, 0x08, 0x4C, 0xFF, 0x08, 0x4C, 0xFF, 0x08, 0x4C, 0xFF, 0x08, 0x4C,
    0xFF, 0x08, 0x4C, 0xFF, 0x08, 0x4C, 0xFF, 0x08, 0x4C, 0xFF, 0x08, 0x4C,
    0xFF, 0x08, 0x4C, 0xFF, 0x08, 0x4C, 0xFF, 0x08, 0x4C, 0xFF, 0x08, 0x4C,
    0xFF, 0x08, 0x4C, 0xFF, 0x08, 0x4C, 0xFF, 0x08, 0x4C, 0xFF, 0x08, 0x4C,
    0xFF, 0x08, 0x4C, 0xFF, 0x31, 0x91, 0xFF, 0x7B, 0xBB, 0xFF, 0x7B, 0xBB,
    0xFF, 0x7B, 0xBB, 0xFF, 0x7B, 0xBB, 0xFF, 0x7B, 0xBB, 0xFF, 0x7B, 0xBB,
    0xFF, 0x7B, 0xBB, 0xFF, 0x7B, 0xBB, 0xFF, 0xE6, 0x5F, 0xFF, 0xF6, 0xBF,
    0xFF, 0xF6, 0xBF, 0xFF, 0xF6, 0x7F, 0xFF, 0x52, 0x75, 0xFF, 0x4A, 0x14,
    0xFF, 0x42, 0x14, 0xDB, 0x42, 0x14, 0x02, 0x42, 0x14, 0x00, 0x00, 0x00,
    0x00, 0x00, 0x00, 0x00, 0x00, 0x00, 0x00, 0x00, 0x00, 0x00, 0x00, 0x00,
    0x00, 0xF8, 0x1F, 0x11, 0x4A, 0x35, 0xF6, 0x4A, 0x35, 0xFF, 0xC5, 0x5C,
    0xFF, 0xF6, 0x9F, 0xFF, 0xD5, 0xBE, 0xFF, 0x7B, 0xBB, 0xFF, 0x7B, 0xBB,
    0xFF, 0x7B, 0xBB, 0xFF, 0x7B, 0xBB, 0xFF, 0x7B, 0xBB, 0xFF, 0x7B, 0xBB,
    0xFF, 0x7B, 0xBB, 0xFF, 0x7B, 0xBB, 0xFF, 0x63, 0x38, 0xFF, 0x08, 0x4C,
    0xFF, 0x08, 0x4C, 0xFF, 0x08, 0x4C, 0xFF, 0x08, 0x4C, 0xFF, 0x08, 0x4C,
    0xFF, 0x08, 0x4C, 0xFF, 0x08, 0x4C, 0xFF, 0x08, 0x4C, 0xFF, 0x08, 0x4C,
    0xFF, 0x08, 0x4C, 0xFF, 0x08, 0x4C, 0xFF, 0x08, 0x4C, 0xFF, 0x08, 0x4C,
    0xFF, 0x08, 0x4C, 0xFF, 0x08, 0x4C, 0xFF, 0x08, 0x4C, 0xFF, 0x08, 0x4C,
    0xFF, 0x08, 0x4C, 0xFF, 0x08, 0x4C, 0xFF, 0x08, 0x4C, 0xFF, 0x08, 0x4C,
    0xFF, 0x08, 0x4C, 0xFF, 0x08, 0x4C, 0xFF, 0x08, 0x4C, 0xFF, 0x08, 0x4C,
    0xFF, 0x08, 0x4C, 0xFF, 0x08, 0x4C, 0xFF, 0x08, 0x4C, 0xFF, 0x08, 0x4C,
    0xFF, 0x08, 0x4C, 0xFF, 0x08, 0x4C, 0xFF, 0x08, 0x4C, 0xFF, 0x08, 0x4C,
    0xFF, 0x08, 0x4C, 0xFF, 0x08, 0x4C, 0xFF, 0x08, 0x4C, 0xFF, 0x08, 0x4C,
    0xFF, 0x08, 0x4C, 0xFF, 0x08, 0x4C, 0xFF, 0x08, 0x4C, 0xFF, 0x08, 0x4C,
    0xFF, 0x08, 0x4C, 0xFF, 0x39, 0xD2, 0xFF, 0x7B, 0xBB, 0xFF, 0x7B, 0xBB,
    0xFF, 0x7B, 0xBB, 0xFF, 0x7B, 0xBB, 0xFF, 0x7B, 0xBB, 0xFF, 0x7B, 0xBB,
    0xFF, 0x7B, 0xBB, 0xFF, 0x7B, 0xDB, 0xFF, 0xF6, 0x9F, 0xFF, 0xF6, 0xBF,
    0xFF, 0xF6, 0xBF, 0xFF, 0xE6, 0x1E, 0xFF, 0x4A, 0x14, 0xFF, 0x4A, 0x14,
    0xFF, 0x4A, 0x14, 0xB3, 0x4A, 0x14, 0x00, 0x00, 0x00, 0x00, 0x00, 0x00,
    0x00, 0x00, 0x00, 0x00, 0x00, 0x00, 0x00, 0xF8, 0x1F, 0x00, 0xF8, 0x1F,
    0x01, 0xF9, 0xD8, 0x04, 0xB2, 0x95, 0xD4, 0x4A, 0x35, 0xFF, 0xA4, 0x7A,
    0xFF, 0xF6, 0x9F, 0xFF, 0xE6, 0x1E, 0xFF, 0x7B, 0xBB, 0xFF, 0x7B, 0xBB,
    0xFF, 0x7B, 0xBB, 0xFF, 0x7B, 0xBB, 0xFF, 0x7B, 0xBB, 0xFF, 0x7B, 0xBB,
    0xFF, 0x7B, 0xBB, 0xFF, 0x7B, 0xBB, 0xFF, 0x6B, 0x7A, 0xFF, 0x08, 0x4C,
    0xFF, 0x08, 0x4C, 0xFF, 0x08, 0x4C, 0xFF, 0x08, 0x4C, 0xFF, 0x08, 0x4C,
    0xFF, 0x08, 0x4C, 0xFF, 0x08, 0x4C, 0xFF, 0x08, 0x4C, 0xFF, 0x08, 0x4C,
    0xFF, 0x08, 0x4C, 0xFF, 0x08, 0x4C, 0xFF, 0x08, 0x4C, 0xFF, 0x08, 0x4C,
    0xFF, 0x08, 0x4C, 0xFF, 0x08, 0x4C, 0xFF, 0x08, 0x4C, 0xFF, 0x08, 0x4C,
    0xFF, 0x08, 0x4C, 0xFF, 0x08, 0x4C, 0xFF, 0x08, 0x4C, 0xFF, 0x08, 0x4C,
    0xFF, 0x08, 0x4C, 0xFF, 0x08, 0x4C, 0xFF, 0x08, 0x4C, 0xFF, 0x08, 0x4C,
    0xFF, 0x08, 0x4C, 0xFF, 0x08, 0x4C, 0xFF, 0x08, 0x4C, 0xFF, 0x08, 0x4C,
    0xFF, 0x08, 0x4C, 0xFF, 0x08, 0x4C, 0xFF, 0x08, 0x4C, 0xFF, 0x08, 0x4C,
    0xFF, 0x08, 0x4C, 0xFF, 0x08, 0x4C, 0xFF, 0x08, 0x4C, 0xFF, 0x08, 0x4C,
    0xFF, 0x08, 0x4C, 0xFF, 0x08, 0x4C, 0xFF, 0x08, 0x4C, 0xFF, 0x08, 0x4C,
    0xFF, 0x08, 0x4C, 0xFF, 0x4A, 0x34, 0xFF, 0x7B, 0xBB, 0xFF, 0x7B, 0xBB,
    0xFF, 0x7B, 0xBB, 0xFF, 0x7B, 0xBB, 0xFF, 0x7B, 0xBB, 0xFF, 0x7B, 0xBB,
    0xFF, 0x7B, 0xBB, 0xFF, 0x94, 0x5C, 0xFF, 0xF6, 0x7F, 0xFF, 0xF6, 0x9F,
    0xFF, 0xF6, 0x9F, 0xFF, 0xC5, 0x3C, 0xFF, 0x4A, 0x34, 0xFF, 0x4A, 0x14,
    0xFF, 0x4A, 0x14, 0x82, 0x4A, 0x14, 0x00, 0x00, 0x00, 0x00, 0x00, 0x00,
    0x00, 0x00, 0x00, 0x00, 0x00, 0x00, 0x01, 0xF9, 0x5A, 0x02, 0xFA, 0xD4,
    0x04, 0xFA, 0x96, 0x06, 0xFA, 0xB7, 0x9F, 0x52, 0x55, 0xFF, 0x83, 0x78,
    0xFF, 0xF6, 0x5F, 0xFF, 0xF6, 0x3E, 0xFF, 0x8C, 0x1B, 0xFF, 0x7B, 0xBB,
    0xFF, 0x7B, 0xBB, 0xFF, 0x7B, 0xBB, 0xFF, 0x7B, 0xBB, 0xFF, 0x7B, 0xBB,
    0xFF, 0x7B, 0xBB, 0xFF, 0x7B, 0xBB, 0xFF, 0x73, 0xBB, 0xFF, 0x18, 0xAD,
    0xFF, 0x08, 0x4C, 0xFF, 0x08, 0x4C, 0xFF, 0x08, 0x4C, 0xFF, 0x08, 0x4C,
    0xFF, 0x08, 0x4C, 0xFF, 0x08, 0x4C, 0xFF, 0x08, 0x4C, 0xFF, 0x08, 0x4C,
    0xFF, 0x08, 0x4C, 0xFF, 0x08, 0x4C, 0xFF, 0x08, 0x4C, 0xFF, 0x08, 0x4C,
    0xFF, 0x08, 0x4C, 0xFF, 0x08, 0x4C, 0xFF, 0x08, 0x4C, 0xFF, 0x08, 0x4C,
    0xFF, 0x08, 0x4C, 0xFF, 0x08, 0x4C, 0xFF, 0x08, 0x4C, 0xFF, 0x08, 0x4C,
    0xFF, 0x08, 0x4C, 0xFF, 0x08, 0x4C, 0xFF, 0x08, 0x4C, 0xFF, 0x08, 0x4C,
    0xFF, 0x08, 0x4C, 0xFF, 0x08, 0x4C, 0xFF, 0x08, 0x4C, 0xFF, 0x08, 0x4C,
    0xFF, 0x08, 0x4C, 0xFF, 0x08, 0x4C, 0xFF, 0x08, 0x4C, 0xFF, 0x08, 0x4C,
    0xFF, 0x08, 0x4C, 0xFF, 0x08, 0x4C, 0xFF, 0x08, 0x4C, 0xFF, 0x08, 0x4C,
    0xFF, 0x08, 0x4C, 0xFF, 0x08, 0x4C, 0xFF, 0x08, 0x4C, 0xFF, 0x08, 0x4C,
    0xFF, 0x08, 0x4C, 0xFF, 0x5A, 0xB7, 0xFF, 0x7B, 0xBB, 0xFF, 0x7B, 0xBB,
    0xFF, 0x7B, 0xBB, 0xFF, 0x7B, 0xBB, 0xFF, 0x7B, 0xBB, 0xFF, 0x7B, 0xBB,
    0xFF, 0x7B, 0xBB, 0xFF, 0xAC, 0xDC, 0xFF, 0xF6, 0x5E, 0xFF, 0xF6, 0x7F,
    0xFF, 0xF6, 0x7F, 0xFF, 0xA4, 0x5A, 0xFF, 0x4A, 0x35, 0xFF, 0x4A, 0x35,
    0xFF, 0x4A, 0x35, 0x49, 0x4A, 0x35, 0x00, 0xF8, 0x1F, 0x00, 0x00, 0x00,
    0x00, 0x00, 0x00, 0x00, 0x00, 0x00, 0x03, 0xFA, 0x95, 0x05, 0xFA, 0x97,
    0x08, 0xFA, 0xB6, 0x0D, 0xFA, 0xB6, 0x67, 0x6A, 0x76, 0xFF, 0x6A, 0xB6,
    0xFF, 0xF5, 0xFE, 0xFF, 0xF5, 0xFE, 0xFF, 0xA4, 0x7C, 0xFF, 0x7B, 0xBB,
    0xFF, 0x7B, 0xBB, 0xFF, 0x7B, 0xBB, 0xFF, 0x7B, 0xBB, 0xFF, 0x7B, 0xBB,
    0xFF, 0x7B, 0xBB, 0xFF, 0x7B, 0xBB, 0xFF, 0x7B, 0xBB, 0xFF, 0x29, 0x50,
    0xFF, 0x08, 0x4C, 0xFF, 0x08, 0x4C, 0xFF, 0x08, 0x4C, 0xFF, 0x08, 0x4C,
    0xFF, 0x08, 0x4C, 0xFF, 0x08, 0x4C, 0xFF, 0x08, 0x4C, 0xFF, 0x08, 0x4C,
    0xFF, 0x08, 0x4C, 0xFF, 0x08, 0x4C, 0xFF, 0x08, 0x4C, 0xFF, 0x08, 0x4C,
    0xFF, 0x08, 0x4C, 0xFF, 0x08, 0x4C, 0xFF, 0x08, 0x4C, 0xFF, 0x08, 0x4C,
    0xFF, 0x08, 0x4C, 0xFF, 0x08, 0x4C, 0xFF, 0x08, 0x4C, 0xFF, 0x08, 0x4C,
    0xFF, 0x08, 0x4C, 0xFF, 0x08, 0x4C, 0xFF, 0x08, 0x4C, 0xFF, 0x08, 0x4C,
    0xFF, 0x08, 0x4C, 0xFF, 0x08, 0x4C, 0xFF, 0x08, 0x4C, 0xFF, 0x08, 0x4C,
    0xFF, 0x08, 0x4C, 0xFF, 0x08, 0x4C, 0xFF, 0x08, 0x4C, 0xFF, 0x08, 0x4C,
    0xFF, 0x08, 0x4C, 0xFF, 0x08, 0x4C, 0xFF, 0x08, 0x4C, 0xFF, 0x08, 0x4C,
    0xFF, 0x08, 0x4C, 0xFF, 0x08, 0x4C, 0xFF, 0x08, 0x4C, 0xFF, 0x08, 0x4C,
    0xFF, 0x08, 0x4C, 0xFF, 0x6B, 0x59, 0xFF, 0x7B, 0xBB, 0xFF, 0x7B, 0xBB,
    0xFF, 0x7B, 0xBB, 0xFF, 0x7B, 0xBB, 0xFF, 0x7B, 0xBB, 0xFF, 0x7B, 0xBB,
    0xFF, 0x7B, 0xBB, 0xFF, 0xCD, 0x3D, 0xFF, 0xF6, 0x1E, 0xFF, 0xF6, 0x3E,
    0xFF, 0xF6, 0x3E, 0xFF, 0x7B, 0x37, 0xFF, 0x52, 0x35, 0xFF, 0x52, 0x35,
    0xF8, 0x4A, 0x35, 0x12, 0x62, 0x55, 0x01, 0xF9, 0x7A, 0x00, 0xF8, 0x1F,
    0x00, 0x00, 0x00, 0x00, 0x00, 0x00, 0x07, 0xFA, 0xB6, 0x0C, 0xFA, 0xB6,
    0x12, 0xFA, 0xB6, 0x1A, 0xFA, 0xD6, 0x37, 0xBA, 0x96, 0xFB, 0x6A, 0x76,
    0xFF, 0xDC, 0xFB, 0xFF, 0xFD, 0x9D, 0xFF, 0xCC, 0xDC, 0xFF, 0x7B, 0xBB,
    0xFF, 0x7B, 0xBB, 0xFF, 0x7B, 0xBB, 0xFF, 0x7B, 0xBB, 0xFF, 0x7B, 0xBB,
    0xFF, 0x7B, 0xBB, 0xFF, 0x7B, 0xBB, 0xFF, 0x7B, 0xBB, 0xFF, 0x4A, 0x34,
    0xFF, 0x08, 0x4C, 0xFF, 0x08, 0x4C, 0xFF, 0x08, 0x4C, 0xFF, 0x08, 0x4C,
    0xFF, 0x08, 0x4C, 0xFF, 0x08, 0x4C, 0xFF, 0x08, 0x4C, 0xFF, 0x08, 0x4C,
    0xFF, 0x08, 0x4C, 0xFF, 0x08, 0x4C, 0xFF, 0x08, 0x4C, 0xFF, 0x08, 0x4C,
    0xFF, 0x08, 0x4C, 0xFF, 0x08, 0x4C, 0xFF, 0x08, 0x4C, 0xFF, 0x08, 0x4C,
    0xFF, 0x08, 0x4C, 0xFF, 0x08, 0x4C, 0xFF, 0x08, 0x4C, 0xFF, 0x08, 0x4C,
    0xFF, 0x08, 0x4C, 0xFF, 0x08, 0x4C, 0xFF, 0x08, 0x4C, 0xFF, 0x08, 0x4C,
    0xFF, 0x08, 0x4C, 0xFF, 0x08, 0x4C, 0xFF, 0x08, 0x4C, 0xFF, 0x08, 0x4C,
    0xFF, 0x08, 0x4C, 0xFF, 0x08, 0x4C, 0xFF, 0x08, 0x4C, 0xFF, 0x08, 0x4C,
    0xFF, 0x08, 0x4C, 0xFF, 0x08, 0x4C, 0xFF, 0x08, 0x4C, 0xFF, 0x08, 0x4C,
    0xFF, 0x08, 0x4C, 0xFF, 0x08, 0x4C, 0xFF, 0x08, 0x4C, 0xFF, 0x08, 0x4C,
    0xFF, 0x18, 0xCE, 0xFF, 0x7B, 0xBB, 0xFF, 0x7B, 0xBB, 0xFF, 0x7B, 0xBB,
    0xFF, 0x7B, 0xBB, 0xFF, 0x7B, 0xBB, 0xFF, 0x7B, 0xBB, 0xFF, 0x7B, 0xBB,
    0xFF, 0x7B, 0xDB, 0xFF, 0xED, 0x5C, 0xFF, 0xF5, 0x9D, 0xFF, 0xF5, 0xDD,
    0xFF, 0xED, 0xBD, 0xFF, 0x62, 0x76, 0xFF, 0x5A, 0x55, 0xFF, 0x52, 0x55,
    0xC1, 0x52, 0x55, 0x06, 0xFA, 0xB7, 0x03, 0xFA, 0xB5, 0x01, 0xFA, 0x56,
    0x00, 0xF8, 0x3F, 0x00, 0x00, 0x00, 0x0F, 0xFA, 0xB6, 0x17, 0xFA, 0xD6,
    0x21, 0xFA, 0xD6, 0x2C, 0xFA, 0xB6, 0x39, 0xFA, 0xD6, 0xD3, 0x8A, 0x96,
    0xFF, 0xBB, 0xD9, 0xFF, 0xFD, 0x1C, 0xFF, 0xF4, 0xDB, 0xFF, 0x7B, 0xDB,
    0xFF, 0x7B, 0xBB, 0xFF, 0x7B, 0xBB, 0xFF, 0x7B, 0xBB, 0xFF, 0x7B, 0xBB,
    0xFF, 0x7B, 0xBB, 0xFF, 0x7B, 0xBB, 0xFF, 0x7B, 0xBB, 0xFF, 0x63, 0x38,
    0xFF, 0x08, 0x4C, 0xFF, 0x08, 0x4C, 0xFF, 0x08, 0x4C, 0xFF, 0x08, 0x4C,
    0xFF, 0x08, 0x4C, 0xFF, 0x08, 0x4C, 0xFF, 0x08, 0x4C, 0xFF, 0x08, 0x4C,
    0xFF, 0x08, 0x4C, 0xFF, 0x08, 0x4C, 0xFF, 0x08, 0x4C, 0xFF, 0x08, 0x4C,
    0xFF, 0x08, 0x4C, 0xFF, 0x08, 0x4C, 0xFF, 0x08, 0x4C, 0xFF, 0x08, 0x4C,
    0xFF, 0x08, 0x4C, 0xFF, 0x08, 0x4C, 0xFF, 0x08, 0x4C, 0xFF, 0x08, 0x4C,
    0xFF, 0x08, 0x4C, 0xFF, 0x08, 0x4C, 0xFF, 0x08, 0x4C, 0xFF, 0x08, 0x4C,
    0xFF, 0x08, 0x4C, 0xFF, 0x08, 0x4C, 0xFF, 0x08, 0x4C, 0xFF, 0x08, 0x4C,
    0xFF, 0x08, 0x4C, 0xFF, 0x08, 0x4C, 0xFF, 0x08, 0x4C, 0xFF, 0x08, 0x4C,
    0xFF, 0x08, 0x4C, 0xFF, 0x08, 0x4C, 0xFF, 0x08, 0x4C, 0xFF, 0x08, 0x4C,
    0xFF, 0x08, 0x4C, 0xFF, 0x08, 0x4C, 0xFF, 0x08, 0x4C, 0xFF, 0x08, 0x4C,
    0xFF, 0x39, 0xD2, 0xFF, 0x7B, 0xBB, 0xFF, 0x7B, 0xBB, 0xFF, 0x7B, 0xBB,
    0xFF, 0x7B, 0xBB, 0xFF, 0x7B, 0xBB, 0xFF, 0x7B, 0xBB, 0xFF, 0x7B, 0xBB,
    0xFF, 0xA4, 0x1B, 0xFF, 0xFC, 0xFB, 0xFF, 0xFD, 0x3C, 0xFF, 0xFD, 0x5C,
    0xFF, 0xCC, 0x9A, 0xFF, 0x72, 0x76, 0xFF, 0x6A, 0x56, 0xFF, 0x62, 0x55,
    0x79, 0x6A, 0x55, 0x0C, 0xFA, 0xB6, 0x07, 0xFA, 0xB6, 0x04, 0xFA, 0x96,
    0x02, 0xFA, 0x95, 0x00, 0xF8, 0x1F, 0x1B, 0xFA, 0xD6, 0x28, 0xFA, 0xD6,
    0x36, 0xFA, 0xB6, 0x46, 0xFA, 0xD6, 0x56, 0xFA, 0xB6, 0xA4, 0xBA, 0xB6,
    0xFF, 0xAA, 0xF7, 0xFF, 0xFC, 0x9A, 0xFF, 0xFC, 0x7A, 0xFF, 0xAB, 0xFB,
    0xFF, 0x7B, 0xBB, 0xFF, 0x7B, 0xBB, 0xFF, 0x7B, 0xBB, 0xFF, 0x7B, 0xBB,
    0xFF, 0x7B, 0xBB, 0xFF, 0x7B, 0xBB, 0xFF, 0x7B, 0xBB, 0xFF, 0x7B, 0xBB,
    0xFF, 0x20, 0xEE, 0xFF, 0x08, 0x4C, 0xFF, 0x08, 0x4C, 0xFF, 0x08, 0x4C,
    0xFF, 0x08, 0x4C, 0xFF, 0x08, 0x4C, 0xFF, 0x08, 0x4C, 0xFF, 0x08, 0x4C,
    0xFF, 0x08, 0x4C, 0xFF, 0x08, 0x4C, 0xFF, 0x08, 0x4C, 0xFF, 0x08, 0x4C,
    0xFF, 0x08, 0x4C, 0xFF, 0x08, 0x4C, 0xFF, 0x08, 0x4C, 0xFF, 0x08, 0x4C,
    0xFF, 0x08, 0x4C, 0xFF, 0x08, 0x4C, 0xFF, 0x08, 0x4C, 0xFF, 0x08, 0x4C,
    0xFF, 0x08, 0x4C, 0xFF, 0x08, 0x4C, 0xFF, 0x08, 0x4C, 0xFF, 0x08, 0x4C,
    0xFF, 0x08, 0x4C, 0xFF, 0x08, 0x4C, 0xFF, 0x08, 0x4C, 0xFF, 0x08, 0x4C,
    0xFF, 0x08, 0x4C, 0xFF, 0x08, 0x4C, 0xFF, 0x08, 0x4C, 0xFF, 0x08, 0x4C,
    0xFF, 0x08, 0x4C, 0xFF, 0x08, 0x4C, 0xFF, 0x08, 0x4C, 0xFF, 0x08, 0x4C,
    0xFF, 0x08, 0x4C, 0xFF, 0x08, 0x4C, 0xFF, 0x08, 0x4C, 0xFF, 0x08, 0x4C,
    0xFF, 0x62, 0xF8, 0xFF, 0x7B, 0xBB, 0xFF, 0x7B, 0xBB, 0xFF, 0x7B, 0xBB,
    0xFF, 0x7B, 0xBB, 0xFF, 0x7B, 0xBB, 0xFF, 0x7B, 0xBB, 0xFF, 0x7B, 0xBB,
    0xFF, 0xD4, 0x1A, 0xFF, 0xFC, 0x7A, 0xFF, 0xFC, 0xBB, 0xFF, 0xFC, 0xFB,
    0xFF, 0xB3, 0x58, 0xFF, 0x82, 0x76, 0xFF, 0x7A, 0x76, 0xF9, 0x6A, 0x76,
    0x3B, 0xB2, 0x96, 0x16, 0xFA, 0xD6, 0x0E, 0xFA, 0xB6, 0x07, 0xFA, 0xB6,
    0x04, 0xFA, 0x76, 0x02, 0xFA, 0x95, 0x2C, 0xFA, 0xB6, 0x3D, 0xFA, 0xB6,
    0x4F, 0xFA, 0xB6, 0x62, 0xFA, 0xB6, 0x74, 0xFA, 0xD6, 0x90, 0xF2, 0xB6,
    0xFA, 0xB2, 0xB6, 0xFF, 0xEB, 0xD9, 0xFF, 0xFB, 0xF9, 0xFF, 0xDB, 0xD9,
    0xFF, 0x7B, 0xBB, 0xFF, 0x7B, 0xBB, 0xFF, 0x7B, 0xBB, 0xFF, 0x7B, 0xBB,
    0xFF, 0x7B, 0xBB, 0xFF, 0x7B, 0xBB, 0xFF, 0x7B, 0xBB, 0xFF, 0x7B, 0xBB,
    0xFF, 0x4A, 0x34, 0xFF, 0x08, 0x4C, 0xFF, 0x08, 0x4C, 0xFF, 0x08, 0x4C,
    0xFF, 0x08, 0x4C, 0xFF, 0x08, 0x4C, 0xFF, 0x08, 0x4C, 0xFF, 0x08, 0x4C,
    0xFF, 0x08, 0x4C, 0xFF, 0x08, 0x4C, 0xFF, 0x08, 0x4C, 0xFF, 0x08, 0x4C,
    0xFF, 0x08, 0x4C, 0xFF, 0x08, 0x4C, 0xFF, 0x08, 0x4C, 0xFF, 0x08, 0x4C,
    0xFF, 0x08, 0x4C, 0xFF, 0x08, 0x4C, 0xFF, 0x08, 0x4C, 0xFF, 0x08, 0x4C,
    0xFF, 0x08, 0x4C, 0xFF, 0x08, 0x4C, 0xFF, 0x08, 0x4C, 0xFF, 0x08, 0x4C,
    0xFF, 0x08, 0x4C, 0xFF, 0x08, 0x4C, 0xFF, 0x08, 0x4C, 0xFF, 0x08, 0x4C,
    0xFF, 0x08, 0x4C, 0xFF, 0x08, 0x4C, 0xFF, 0x08, 0x4C, 0xFF, 0x08, 0x4C,
    0xFF, 0x08, 0x4C, 0xFF, 0x08, 0x4C, 0xFF, 0x08, 0x4C, 0xFF, 0x08, 0x4C,
    0xFF, 0x08, 0x4C, 0xFF, 0x08, 0x4C, 0xFF, 0x08, 0x4C, 0xFF, 0x20, 0xEE,
    0xFF, 0x73, 0xBB, 0xFF, 0x7B, 0xBB, 0xFF, 0x7B, 0xBB, 0xFF, 0x7B, 0xBB,
    0xFF, 0x7B, 0xBB, 0xFF, 0x7B, 0xBB, 0xFF, 0x7B, 0xBB, 0xFF, 0x8B, 0xBB,
    0xFF, 0xF3, 0xD9, 0xFF, 0xFC, 0x19, 0xFF, 0xFC, 0x3A, 0xFF, 0xF4, 0x5A,
    0xFF, 0xAA, 0xB6, 0xFF, 0x9A, 0x96, 0xFF, 0x8A, 0x76, 0xC8, 0x8A, 0x96,
    0x35, 0xFA, 0xB6, 0x25, 0xFA, 0xD6, 0x18, 0xFA, 0xB6, 0x0E, 0xFA, 0xB6,
    0x07, 0xFA, 0xB6, 0x03, 0xFA, 0x96, 0x41, 0xFA, 0xD6, 0x56, 0xFA, 0xB6,
    0x6C, 0xFA, 0xD6, 0x80, 0xFA, 0xD6, 0x93, 0xFA, 0xD6, 0xA3, 0xFA, 0xB6,
    0xE0, 0xDA, 0xB6, 0xFF, 0xDB, 0x17, 0xFF, 0xFB, 0xB8, 0xFF, 0xFB, 0x98,
    0xFF, 0x9B, 0xBA, 0xFF, 0x7B, 0xBB, 0xFF, 0x7B, 0xBB, 0xFF, 0x7B, 0xBB,
    0xFF, 0x7B, 0xBB, 0xFF, 0x7B, 0xBB, 0xFF, 0x7B, 0xBB, 0xFF, 0x7B, 0xBB,
    0xFF, 0x73, 0x7A, 0xFF, 0x10, 0x8D, 0xFF, 0x08, 0x4C, 0xFF, 0x08, 0x4C,
    0xFF, 0x08, 0x4C, 0xFF, 0x08, 0x4C, 0xFF, 0x08, 0x4C, 0xFF, 0x08, 0x4C,
    0xFF, 0x08, 0x4C, 0xFF, 0x08, 0x4C, 0xFF, 0x08, 0x4C, 0xFF, 0x08, 0x4C,
    0xFF, 0x08, 0x4C, 0xFF, 0x08, 0x4C, 0xFF, 0x08, 0x4C, 0xFF, 0x08, 0x4C,
    0xFF, 0x08, 0x4C, 0xFF, 0x08, 0x4C, 0xFF, 0x08, 0x4C, 0xFF, 0x08, 0x4C,
    0xFF, 0x08, 0x4C, 0xFF, 0x08, 0x4C, 0xFF, 0x08, 0x4C, 0xFF, 0x08, 0x4C,
    0xFF, 0x08, 0x4C, 0xFF, 0x08, 0x4C, 0xFF, 0x08, 0x4C, 0xFF, 0x08, 0x4C,
    0xFF, 0x08, 0x4C, 0xFF, 0x08, 0x4C, 0xFF, 0x08, 0x4C, 0xFF, 0x08, 0x4C,
    0xFF, 0x08, 0x4C, 0xFF, 0x08, 0x4C, 0xFF, 0x08, 0x4C, 0xFF, 0x08, 0x4C,
    0xFF, 0x08, 0x4C, 0xFF, 0x08, 0x4C, 0xFF, 0x08, 0x4C, 0xFF, 0x4A, 0x75,
    0xFF, 0x7B, 0xBB, 0xFF, 0x7B, 0xBB, 0xFF, 0x7B, 0xBB, 0xFF, 0x7B, 0xBB,
    0xFF, 0x7B, 0xBB, 0xFF, 0x7B, 0xBB, 0xFF, 0x7B, 0xBB, 0xFF, 0xC3, 0x99,
    0xFF, 0xFB, 0x98, 0xFF, 0xFB, 0xB8, 0xFF, 0xFB, 0xD9, 0xFF, 0xE3, 0x78,
    0xFF, 0xBA, 0x96, 0xFF, 0xAA, 0x96, 0xFF, 0xA2, 0x96, 0x8E, 0xC2, 0xB6,
    0x4C, 0xFA, 0xD6, 0x38, 0xFA, 0xB6, 0x26, 0xFA, 0xB6, 0x17, 0xFA, 0xD6,
    0x0C, 0xFA, 0xB6, 0x06, 0xFA, 0x96, 0x58, 0xFA, 0xD6, 0x70, 0xFA, 0xD6,
    0x87, 0xFA, 0xD6, 0x9C, 0xFA, 0xD6, 0xAD, 0xFA, 0xD6, 0xBA, 0xFA, 0xD6,
    0xCE, 0xF2, 0xB6, 0xFF, 0xDA, 0xB6, 0xFF, 0xFB, 0x57, 0xFF, 0xFB, 0x57,
    0xFF, 0xDB, 0x78, 0xFF, 0x7B, 0xBB, 0xFF, 0x7B, 0xBB, 0xFF, 0x7B, 0xBB,
    0xFF, 0x7B, 0xBB, 0xFF, 0x7B, 0xBB, 0xFF, 0x7B, 0xBB, 0xFF, 0x7B, 0xBB,
    0xFF, 0x7B, 0xBB, 0xFF, 0x42, 0x13, 0xFF, 0x08, 0x4C, 0xFF, 0x08, 0x4C,
    0xFF, 0x08, 0x4C, 0xFF, 0x08, 0x4C, 0xFF, 0x08, 0x4C, 0xFF, 0x08, 0x4C,
    0xFF, 0x08, 0x4C, 0xFF, 0x08, 0x4C, 0xFF, 0x08, 0x4C, 0xFF, 0x08, 0x4C,
    0xFF, 0x08, 0x4C, 0xFF, 0x08, 0x4C, 0xFF, 0x08, 0x4C, 0xFF, 0x08, 0x4C,
    0xFF, 0x08, 0x4C, 0xFF, 0x08, 0x4C, 0xFF, 0x08, 0x4C, 0xFF, 0x08, 0x4C,
    0xFF, 0x08, 0x4C, 0xFF, 0x08, 0x4C, 0xFF, 0x08, 0x4C, 0xFF, 0x08, 0x4C,
    0xFF, 0x08, 0x4C, 0xFF, 0x08, 0x4C, 0xFF, 0x08, 0x4C, 0xFF, 0x08, 0x4C,
    0xFF, 0x08, 0x4C, 0xFF, 0x08, 0x4C, 0xFF, 0x08, 0x4C, 0xFF, 0x08, 0x4C,
    0xFF, 0x08, 0x4C, 0xFF, 0x08, 0x4C, 0xFF, 0x08, 0x4C, 0xFF, 0x08, 0x4C,
    0xFF, 0x08, 0x4C, 0xFF, 0x08, 0x4C, 0xFF, 0x18, 0xCE, 0xFF, 0x73, 0x9B,
    0xFF, 0x7B, 0xBB, 0xFF, 0x7B, 0xBB, 0xFF, 0x7B, 0xBB, 0xFF, 0x7B, 0xBB,
    0xFF, 0x7B, 0xBB, 0xFF, 0x7B, 0xBB, 0xFF, 0x8B, 0xBB, 0xFF, 0xF3, 0x58,
    0xFF, 0xFB, 0x78, 0xFF, 0xFB, 0x78, 0xFF, 0xFB, 0x98, 0xFF, 0xDA, 0xD6,
    0xFF, 0xCA, 0xB6, 0xFF, 0xC2, 0xB6, 0xEC, 0xBA, 0xB6, 0x7E, 0xFA, 0xD6,
    0x65, 0xFA, 0xB6, 0x4C, 0xFA, 0xD6, 0x35, 0xFA, 0xB6, 0x22, 0xFA, 0xB6,
    0x13, 0xFA, 0xB6, 0x09, 0xFA, 0xD6, 0x6E, 0xFA, 0xB6, 0x89, 0xFA, 0xB6,
    0xA0, 0xFA, 0xD6, 0xB5, 0xFA, 0xF6, 0xC3, 0xFB, 0x16, 0xCC, 0xFA, 0xD6,
    0xD2, 0xFA, 0xD6, 0xF2, 0xEA, 0xB6, 0xFF, 0xEA, 0xF7, 0xFF, 0xFB, 0x37,
    0xFF, 0xFB, 0x37, 0xFF, 0xA3, 0x9A, 0xFF, 0x7B, 0xBB, 0xFF, 0x7B, 0xBB,
    0xFF, 0x7B, 0xBB, 0xFF, 0x7B, 0xBB, 0xFF, 0x7B, 0xBB, 0xFF, 0x7B, 0xBB,
    0xFF, 0x7B, 0xBB, 0xFF, 0x73, 0x9A, 0xFF, 0x18, 0xAD, 0xFF, 0x08, 0x4C,
    0xFF, 0x08, 0x4C, 0xFF, 0x08, 0x4C, 0xFF, 0x08, 0x4C, 0xFF, 0x08, 0x4C,
    0xFF, 0x08, 0x4C, 0xFF, 0x08, 0x4C, 0xFF, 0x08, 0x4C, 0xFF, 0x08, 0x4C,
    0xFF, 0x08, 0x4C, 0xFF, 0x08, 0x4C, 0xFF, 0x08, 0x4C, 0xFF, 0x08, 0x4C,
    0xFF, 0x08, 0x4C, 0xFF, 0x08, 0x4C, 0xFF, 0x08, 0x4C, 0xFF, 0x08, 0x4C,
    0xFF, 0x08, 0x4C, 0xFF, 0x08, 0x4C, 0xFF, 0x08, 0x4C, 0xFF, 0x08, 0x4C,
    0xFF, 0x08, 0x4C, 0xFF, 0x08, 0x4C, 0xFF, 0x08, 0x4C, 0xFF, 0x08, 0x4C,
    0xFF, 0x08, 0x4C, 0xFF, 0x08, 0x4C, 0xFF, 0x08, 0x4C, 0xFF, 0x08, 0x4C,
    0xFF, 0x08, 0x4C, 0xFF, 0x08, 0x4C, 0xFF, 0x08, 0x4C, 0xFF, 0x08, 0x4C,
    0xFF, 0x08, 0x4C, 0xFF, 0x08, 0x4C, 0xFF, 0x52, 0x96, 0xFF, 0x7B, 0xBB,
    0xFF, 0x7B, 0xBB, 0xFF, 0x7B, 0xBB, 0xFF, 0x7B, 0xBB, 0xFF, 0x7B, 0xBB,
    0xFF, 0x7B, 0xBB, 0xFF, 0x7B, 0xBB, 0xFF, 0xCB, 0x79, 0xFF, 0xFB, 0x37,
    0xFF, 0xFB, 0x57, 0xFF, 0xFB, 0x57, 0xFF, 0xF3, 0x37, 0xFF, 0xDA, 0xB6,
    0xFF, 0xD2, 0xB6, 0xFF, 0xCA, 0xB6, 0xC7, 0xE2, 0xB6, 0x96, 0xFA, 0xD6,
    0x7D, 0xFA, 0xD6, 0x61, 0xFA, 0xB6, 0x46, 0xFA, 0xD6, 0x2D, 0xFA, 0xB6,
    0x1B, 0xFA, 0xD6, 0x0E, 0xFA, 0xB6, 0x9D, 0xFC, 0xB9, 0xA2, 0xFB, 0x37,
    0xB5, 0xFA, 0xF6, 0xCB, 0xFB, 0xB7, 0xD6, 0xFB, 0xB8, 0xD8, 0xFB, 0x16,
    0xDB, 0xFA, 0xD6, 0xE3, 0xFA, 0xB6, 0xFE, 0xEA, 0xB6, 0xFF, 0xFB, 0x37,
    0xFF, 0xFB, 0x37, 0xFF, 0xEB, 0x58, 0xFF, 0x83, 0xBB, 0xFF, 0x7B, 0xBB,
    0xFF, 0x7B, 0xBB, 0xFF, 0x7B, 0xBB, 0xFF, 0x7B, 0xBB, 0xFF, 0x7B, 0xBB,
    0xFF, 0x7B, 0xBB, 0xFF, 0x7B, 0xBB, 0xFF, 0x52, 0xB6, 0xFF, 0x08, 0x4C,
    0xFF, 0x08, 0x4C, 0xFF, 0x08, 0x4C, 0xFF, 0x08, 0x4C, 0xFF, 0x08, 0x4C,
    0xFF, 0x08, 0x4C, 0xFF, 0x08, 0x4C, 0xFF, 0x08, 0x4C, 0xFF, 0x08, 0x4C,
    0xFF, 0x08, 0x4C, 0xFF, 0x08, 0x4C, 0xFF, 0x08, 0x4C, 0xFF, 0x08, 0x4C,
    0xFF, 0x08, 0x4C, 0xFF, 0x08, 0x4C, 0xFF, 0x08, 0x4C, 0xFF, 0x08, 0x4C,
    0xFF, 0x08, 0x4C, 0xFF, 0x08, 0x4C, 0xFF, 0x08, 0x4C, 0xFF, 0x08, 0x4C,
    0xFF, 0x08, 0x4C, 0xFF, 0x08, 0x4C, 0xFF, 0x08, 0x4C, 0xFF, 0x08, 0x4C,
    0xFF, 0x08, 0x4C, 0xFF, 0x08, 0x4C, 0xFF, 0x08, 0x4C, 0xFF, 0x08, 0x4C,
    0xFF, 0x08, 0x4C, 0xFF, 0x08, 0x4C, 0xFF, 0x08, 0x4C, 0xFF, 0x08, 0x4C,
    0xFF, 0x08, 0x4C, 0xFF, 0x29, 0x50, 0xFF, 0x73, 0xBB, 0xFF, 0x7B, 0xBB,
    0xFF, 0x7B, 0xBB, 0xFF, 0x7B, 0xBB, 0xFF, 0x7B, 0xBB, 0xFF, 0x7B, 0xBB,
    0xFF, 0x7B, 0xBB, 0xFF, 0x9B, 0x9A, 0xFF, 0xFB, 0x37, 0xFF, 0xFB, 0x37,
    0xFF, 0xFB, 0x37, 0xFF, 0xFB, 0x37, 0xFF, 0xEA, 0xD6, 0xFF, 0xE2, 0xB6,
    0xFF, 0xDA, 0xB6, 0xF4, 0xDA, 0xB6, 0xBE, 0xFA, 0xB6, 0xA9, 0xFA, 0xB6,
    0x90, 0xFA, 0xD6, 0x73, 0xFA, 0xD6, 0x55, 0xFA, 0xB6, 0x39, 0xFA, 0xB6,
    0x22, 0xFA, 0xD6, 0x12, 0xFA, 0xB6, 0xBE, 0xFD, 0xBB, 0xB3, 0xFB, 0x77,
    0xC3, 0xFB, 0x37, 0xDA, 0xFC, 0x59, 0xE2, 0xFC, 0x79, 0xDF, 0xFB, 0x57,
    0xDF, 0xFA, 0xD6, 0xE0, 0xFA, 0xB6, 0xF2, 0xF2, 0xB6, 0xFF, 0xF2, 0xF7,
    0xFF, 0xFB, 0x37, 0xFF, 0xFB, 0x37, 0xFF, 0xC3, 0x79, 0xFF, 0x7B, 0xBB,
    0xFF, 0x7B, 0xBB, 0xFF, 0x7B, 0xBB, 0xFF, 0x7B, 0xBB, 0xFF, 0x7B, 0xBB,
    0xFF, 0x7B, 0xBB, 0xFF, 0x7B, 0xBB, 0xFF, 0x7B, 0xBB, 0xFF, 0x31, 0xB2,
    0xFF, 0x08, 0x4C, 0xFF, 0x08, 0x4C, 0xFF, 0x08, 0x4C, 0xFF, 0x08, 0x4C,
    0xFF, 0x08, 0x4C, 0xFF, 0x08, 0x4C, 0xFF, 0x08, 0x4C, 0xFF, 0x08, 0x4C,
    0xFF, 0x08, 0x4C, 0xFF, 0x08, 0x4C, 0xFF, 0x08, 0x4C, 0xFF, 0x08, 0x4C,
    0xFF, 0x08, 0x4C, 0xFF, 0x08, 0x4C, 0xFF, 0x08, 0x4C, 0xFF, 0x08, 0x4C,
    0xFF, 0x08, 0x4C, 0xFF, 0x08, 0x4C, 0xFF, 0x08, 0x4C, 0xFF, 0x08, 0x4C,
    0xFF, 0x08, 0x4C, 0xFF, 0x08, 0x4C, 0xFF, 0x08, 0x4C, 0xFF, 0x08, 0x4C,
    0xFF, 0x08, 0x4C, 0xFF, 0x08, 0x4C, 0xFF, 0x08, 0x4C, 0xFF, 0x08, 0x4C,
    0xFF, 0x08, 0x4C, 0xFF, 0x08, 0x4C, 0xFF, 0x08, 0x4C, 0xFF, 0x08, 0x4C,
    0xFF, 0x10, 0x8D, 0xFF, 0x6B, 0x59, 0xFF, 0x7B, 0xBB, 0xFF, 0x7B, 0xBB,
    0xFF, 0x7B, 0xBB, 0xFF, 0x7B, 0xBB, 0xFF, 0x7B, 0xBB, 0xFF, 0x7B, 0xBB,
    0xFF, 0x83, 0xBB, 0xFF, 0xEB, 0x58, 0xFF, 0xFB, 0x37, 0xFF, 0xFB, 0x37,
    0xFF, 0xFB, 0x37, 0xFF, 0xF3, 0x17, 0xFF, 0xE2, 0xB6, 0xFF, 0xE2, 0xB6,
    0xFF, 0xE2, 0xB6, 0xDE, 0xF2, 0xB6, 0xC8, 0xFA, 0xD6, 0xB6, 0xFA, 0xB6,
    0x9E, 0xFA, 0xD6, 0x81, 0xFA, 0xD6, 0x60, 0xFA, 0xB6, 0x41, 0xFA, 0xB6,
    0x28, 0xFA, 0xB6, 0x15, 0xFA, 0xD6, 0xCE, 0xFE, 0x3C, 0xBB, 0xFB, 0xB7,
    0xC9, 0xFB, 0x57, 0xE0, 0xFC, 0xB9, 0xE7, 0xFC, 0xDA, 0xE2, 0xFB, 0x77,
    0xE0, 0xFA, 0xD6, 0xE0, 0xFA, 0xB6, 0xE2, 0xFA, 0xB6, 0xFC, 0xEA, 0xD6,
    0xFF, 0xFB, 0x17, 0xFF, 0xFB, 0x37, 0xFF, 0xFB, 0x37, 0xFF, 0xA3, 0x9A,
    0xFF, 0x7B, 0xBB, 0xFF, 0x7B, 0xBB, 0xFF, 0x7B, 0xBB, 0xFF, 0x7B, 0xBB,
    0xFF, 0x7B, 0xBB, 0xFF, 0x7B, 0xBB, 0xFF, 0x7B, 0xBB, 0xFF, 0x73, 0x9A,
    0xFF, 0x21, 0x0F, 0xFF, 0x08, 0x4C, 0xFF, 0x08, 0x4C, 0xFF, 0x08, 0x4C,
    0xFF, 0x08, 0x4C, 0xFF, 0x08, 0x4C, 0xFF, 0x08, 0x4C, 0xFF, 0x08, 0x4C,
    0xFF, 0x08, 0x4C, 0xFF, 0x08, 0x4C, 0xFF, 0x08, 0x4C, 0xFF, 0x08, 0x4C,
    0xFF, 0x08, 0x4C, 0xFF, 0x08, 0x4C, 0xFF, 0x08, 0x4C, 0xFF, 0x08, 0x4C,
    0xFF, 0x08, 0x4C, 0xFF, 0x08, 0x4C, 0xFF, 0x08, 0x4C, 0xFF, 0x08, 0x4C,
    0xFF, 0x08, 0x4C, 0xFF, 0x08, 0x4C, 0xFF, 0x08, 0x4C, 0xFF, 0x08, 0x4C,
    0xFF, 0x08, 0x4C, 0xFF, 0x08, 0x4C, 0xFF, 0x08, 0x4C, 0xFF, 0x08, 0x4C,
    0xFF, 0x08, 0x4C, 0xFF, 0x08, 0x4C, 0xFF, 0x08, 0x4C, 0xFF, 0x10, 0x6C,
    0xFF, 0x5A, 0xD7, 0xFF, 0x7B, 0xBB, 0xFF, 0x7B, 0xBB, 0xFF, 0x7B, 0xBB,
    0xFF, 0x7B, 0xBB, 0xFF, 0x7B, 0xBB, 0xFF, 0x7B, 0xBB, 0xFF, 0x7B, 0xBB,
    0xFF, 0xCB, 0x59, 0xFF, 0xFB, 0x37, 0xFF, 0xFB, 0x37, 0xFF, 0xFB, 0x37,
    0xFF, 0xFB, 0x37, 0xFF, 0xEA, 0xD6, 0xFF, 0xE2, 0xB6, 0xFF, 0xE2, 0xB6,
    0xF2, 0xEA, 0xB6, 0xD7, 0xFA, 0xB6, 0xCD, 0xFA, 0xD6, 0xBC, 0xFA, 0xB6,
    0xA5, 0xFA, 0xD6, 0x87, 0xFA, 0xD6, 0x66, 0xFA, 0xB6, 0x46, 0xFA, 0xB6,
    0x2B, 0xFA, 0xB6, 0x17, 0xFA, 0xD6, 0xCA, 0xFD, 0xFC, 0xBB, 0xFB, 0x97,
    0xC9, 0xFB, 0x57, 0xE0, 0xFC, 0xB9, 0xE7, 0xFC, 0xDA, 0xE2, 0xFB, 0x77,
    0xE0, 0xFA, 0xD6, 0xE0, 0xFA, 0xB6, 0xE0, 0xFA, 0xB6, 0xEA, 0xF2, 0xB6,
    0xFF, 0xEA, 0xD7, 0xFF, 0xFB, 0x37, 0xFF, 0xFB, 0x37, 0xFF, 0xF3, 0x37,
    0xFF, 0x93, 0x9A, 0xFF, 0x7B, 0xBB, 0xFF, 0x7B, 0xBB, 0xFF, 0x7B, 0xBB,
    0xFF, 0x7B, 0xBB, 0xFF, 0x7B, 0xBB, 0xFF, 0x7B, 0xBB, 0xFF, 0x7B, 0xBB,
    0xFF, 0x6B, 0x59, 0xFF, 0x18, 0xCE, 0xFF, 0x08, 0x4C, 0xFF, 0x08, 0x4C,
    0xFF, 0x08, 0x4C, 0xFF, 0x08, 0x4C, 0xFF, 0x08, 0x4C, 0xFF, 0x08, 0x4C,
    0xFF, 0x08, 0x4C, 0xFF, 0x08, 0x4C, 0xFF, 0x08, 0x4C, 0xFF, 0x08, 0x4C,
    0xFF, 0x08, 0x4C, 0xFF, 0x08, 0x4C, 0xFF, 0x08, 0x4C, 0xFF, 0x08, 0x4C,
    0xFF, 0x08, 0x4C, 0xFF, 0x08, 0x4C, 0xFF, 0x08, 0x4C, 0xFF, 0x08, 0x4C,
    0xFF, 0x08, 0x4C, 0xFF, 0x08, 0x4C, 0xFF, 0x08, 0x4C, 0xFF, 0x08, 0x4C,
    0xFF, 0x08, 0x4C, 0xFF, 0x08, 0x4C, 0xFF, 0x08, 0x4C, 0xFF, 0x08, 0x4C,
    0xFF, 0x08, 0x4C, 0xFF, 0x08, 0x4C, 0xFF, 0x08, 0x4C, 0xFF, 0x52, 0x96,
    0xFF, 0x7B, 0xBB, 0xFF, 0x7B, 0xBB, 0xFF, 0x7B, 0xBB, 0xFF, 0x7B, 0xBB,
    0xFF, 0x7B, 0xBB, 0xFF, 0x7B, 0xBB, 0xFF, 0x7B, 0xBB, 0xFF, 0xB3, 0x79,
    0xFF, 0xFB, 0x37, 0xFF, 0xFB, 0x37, 0xFF, 0xFB, 0x37, 0xFF, 0xFB, 0x37,
    0xFF, 0xF2, 0xF7, 0xFF, 0xEA, 0xB6, 0xFF, 0xEA, 0xB6, 0xFC, 0xEA, 0xB6,
    0xDF, 0xFA, 0xB6, 0xD7, 0xFA, 0xB6, 0xCD, 0xFA, 0xD6, 0xBC, 0xFA, 0xB6,
    0xA5, 0xFA, 0xD6, 0x87, 0xFA, 0xB6, 0x66, 0xFA, 0xB6, 0x46, 0xFA, 0xB6,
    0x2B, 0xFA, 0xD6, 0x17, 0xFA, 0xD6, 0xB2, 0xFD, 0x3A, 0xB1, 0xFB, 0x57,
    0xC3, 0xFB, 0x37, 0xDB, 0xFC, 0x79, 0xE3, 0xFC, 0xB9, 0xE0, 0xFB, 0x57,
    0xDF, 0xFA, 0xD6, 0xE0, 0xFA, 0xB6, 0xE0, 0xFA, 0xB6, 0xE0, 0xFA, 0xB6,
    0xF2, 0xF2, 0xB6, 0xFF, 0xF2, 0xF7, 0xFF, 0xFB, 0x37, 0xFF, 0xFB, 0x37,
    0xFF, 0xEB, 0x38, 0xFF, 0x8B, 0xBB, 0xFF, 0x7B, 0xBB, 0xFF, 0x7B, 0xBB,
    0xFF, 0x7B, 0xBB, 0xFF, 0x7B, 0xBB, 0xFF, 0x7B, 0xBB, 0xFF, 0x7B, 0xBB,
    0xFF, 0x7B, 0xBB, 0xFF, 0x6B, 0x59, 0xFF, 0x20, 0xEE, 0xFF, 0x08, 0x4C,
    0xFF, 0x08, 0x4C, 0xFF, 0x08, 0x4C, 0xFF, 0x08, 0x4C, 0xFF, 0x08, 0x4C,
    0xFF, 0x08, 0x4C, 0xFF, 0x08, 0x4C, 0xFF, 0x08, 0x4C, 0xFF, 0x08, 0x4C,
    0xFF, 0x08, 0x4C, 0xFF, 0x08, 0x4C, 0xFF, 0x08, 0x4C, 0xFF, 0x08, 0x4C,
    0xFF, 0x08, 0x4C, 0xFF, 0x08, 0x4C, 0xFF, 0x08, 0x4C, 0xFF, 0x08, 0x4C,
    0xFF, 0x08, 0x4C, 0xFF, 0x08, 0x4C, 0xFF, 0x08, 0x4C, 0xFF, 0x08, 0x4C,
    0xFF, 0x08, 0x4C, 0xFF, 0x08, 0x4C, 0xFF, 0x08, 0x4C, 0xFF, 0x08, 0x4C,
    0xFF, 0x08, 0x4C, 0xFF, 0x10, 0x6C, 0xFF, 0x52, 0x75, 0xFF, 0x7B, 0xBB,
    0xFF, 0x7B, 0xBB, 0xFF, 0x7B, 0xBB, 0xFF, 0x7B, 0xBB, 0xFF, 0x7B, 0xBB,
    0xFF, 0x7B, 0xBB, 0xFF, 0x7B, 0xBB, 0xFF, 0xA3, 0x9A, 0xFF, 0xFB, 0x37,
    0xFF, 0xFB, 0x37, 0xFF, 0xFB, 0x37, 0xFF, 0xFB, 0x37, 0xFF, 0xF3, 0x17,
    0xFF, 0xEA, 0xB6, 0xFF, 0xEA, 0xB6, 0xFF, 0xEA, 0xB6, 0xE7, 0xF2, 0xB6,
    0xDA, 0xFA, 0xB6, 0xD3, 0xFA, 0xD6, 0xC8, 0xFA, 0xD6, 0xB6, 0xFA, 0xB6,
    0x9E, 0xFA, 0xD6, 0x80, 0xFA, 0xB6, 0x60, 0xFA, 0xB6, 0x41, 0xFA, 0xB6,
    0x28, 0xFA, 0xB6, 0x15, 0xFA, 0xD6, 0x8C, 0xFB, 0x97, 0x9F, 0xFA, 0xF6,
    0xB6, 0xFB, 0x16, 0xCD, 0xFB, 0xF8, 0xD8, 0xFB, 0xF8, 0xD9, 0xFB, 0x37,
    0xDB, 0xFA, 0xD6, 0xDD, 0xFA, 0xB6, 0xDF, 0xFA, 0xB6, 0xE0, 0xFA, 0xB6,
    0xE1, 0xFA, 0xB6, 0xF9, 0xEA, 0xD6, 0xFF, 0xF3, 0x17, 0xFF, 0xFB, 0x37,
    0xFF, 0xFB, 0x37, 0xFF, 0xE3, 0x58, 0xFF, 0x83, 0xBB, 0xFF, 0x7B, 0xBB,
    0xFF, 0x7B, 0xBB, 0xFF, 0x7B, 0xBB, 0xFF, 0x7B, 0xBB, 0xFF, 0x7B, 0xBB,
    0xFF, 0x7B, 0xBB, 0xFF, 0x7B, 0xBB, 0xFF, 0x6B, 0x7A, 0xFF, 0x29, 0x30,
    0xFF, 0x08, 0x4C, 0xFF, 0x08, 0x4C, 0xFF, 0x08, 0x4C, 0xFF, 0x08, 0x4C,
    0xFF, 0x08, 0x4C, 0xFF, 0x08, 0x4C, 0xFF, 0x08, 0x4C, 0xFF, 0x08, 0x4C,
    0xFF, 0x08, 0x4C, 0xFF, 0x08, 0x4C, 0xFF, 0x08, 0x4C, 0xFF, 0x08, 0x4C,
    0xFF, 0x08, 0x4C, 0xFF, 0x08, 0x4C, 0xFF, 0x08, 0x4C, 0xFF, 0x08, 0x4C,
    0xFF, 0x08, 0x4C, 0xFF, 0x08, 0x4C, 0xFF, 0x08, 0x4C, 0xFF, 0x08, 0x4C,
    0xFF, 0x08, 0x4C, 0xFF, 0x08, 0x4C, 0xFF, 0x08, 0x4C, 0xFF, 0x08, 0x4C,
    0xFF, 0x10, 0x8D, 0xFF, 0x5A, 0xD7, 0xFF, 0x7B, 0xBB, 0xFF, 0x7B, 0xBB,
    0xFF, 0x7B, 0xBB, 0xFF, 0x7B, 0xBB, 0xFF, 0x7B, 0xBB, 0xFF, 0x7B, 0xBB,
    0xFF, 0x7B, 0xBB, 0xFF, 0xA3, 0x9A, 0xFF, 0xF3, 0x37, 0xFF, 0xFB, 0x37,
    0xFF, 0xFB, 0x37, 0xFF, 0xFB, 0x37, 0xFF, 0xFB, 0x37, 0xFF, 0xEA, 0xD6,
    0xFF, 0xEA, 0xB6, 0xFF, 0xE2, 0xB6, 0xEE, 0xF2, 0xB6, 0xD9, 0xFA, 0xB6,
    0xD3, 0xFA, 0xD6, 0xCA, 0xFA, 0xD6, 0xBD, 0xFA, 0xB6, 0xA9, 0xFA, 0xB6,
    0x91, 0xFA, 0xB6, 0x73, 0xFA, 0xB6, 0x55, 0xFA, 0xB6, 0x39, 0xFA, 0xB6,
    0x22, 0xFA, 0xD6, 0x12, 0xFA, 0xB6, 0x6E, 0xFA, 0xB6, 0x88, 0xFA, 0xD6,
    0xA1, 0xFA, 0xD6, 0xB6, 0xFB, 0x37, 0xC4, 0xFB, 0x37, 0xCC, 0xFA, 0xD6,
    0xD2, 0xFA, 0xD6, 0xD7, 0xFA, 0xB6, 0xDA, 0xFA, 0xB6, 0xDD, 0xFA, 0xB6,
    0xDE, 0xFA, 0xB6, 0xE3, 0xFA, 0xB6, 0xFC, 0xEA, 0xD6, 0xFF, 0xFB, 0x37,
    0xFF, 0xFB, 0x37, 0xFF, 0xFB, 0x37, 0xFF, 0xEB, 0x38, 0xFF, 0x8B, 0x9A,
    0xFF, 0x7B, 0xBB, 0xFF, 0x7B, 0xBB, 0xFF, 0x7B, 0xBB, 0xFF, 0x7B, 0xBB,
    0xFF, 0x7B, 0xBB, 0xFF, 0x7B, 0xBB, 0xFF, 0x7B, 0xBB, 0xFF, 0x73, 0xBB,
    0xFF, 0x42, 0x13, 0xFF, 0x10, 0x6C, 0xFF, 0x08, 0x4C, 0xFF, 0x08, 0x4C,
    0xFF, 0x08, 0x4C, 0xFF, 0x08, 0x4C, 0xFF, 0x08, 0x4C, 0xFF, 0x08, 0x4C,
    0xFF, 0x08, 0x4C, 0xFF, 0x08, 0x4C, 0xFF, 0x08, 0x4C, 0xFF, 0x08, 0x4C,
    0xFF, 0x08, 0x4C, 0xFF, 0x08, 0x4C, 0xFF, 0x08, 0x4C, 0xFF, 0x08, 0x4C,
    0xFF, 0x08, 0x4C, 0xFF, 0x08, 0x4C, 0xFF, 0x08, 0x4C, 0xFF, 0x08, 0x4C,
    0xFF, 0x08, 0x4C, 0xFF, 0x08, 0x4C, 0xFF, 0x08, 0x4C, 0xFF, 0x29, 0x30,
    0xFF, 0x6B, 0x59, 0xFF, 0x7B, 0xBB, 0xFF, 0x7B, 0xBB, 0xFF, 0x7B, 0xBB,
    0xFF, 0x7B, 0xBB, 0xFF, 0x7B, 0xBB, 0xFF, 0x7B, 0xBB, 0xFF, 0x7B, 0xBB,
    0xFF, 0xAB, 0x9A, 0xFF, 0xFB, 0x37, 0xFF, 0xFB, 0x37, 0xFF, 0xFB, 0x37,
    0xFF, 0xFB, 0x37, 0xFF, 0xFB, 0x37, 0xFF, 0xEA, 0xD7, 0xFF, 0xE2, 0xB6,
    0xFF, 0xE2, 0xB6, 0xF2, 0xEA, 0xB6, 0xD6, 0xFA, 0xD6, 0xCF, 0xFA, 0xD6,
    0xC7, 0xFA, 0xD6, 0xBB, 0xFA, 0xB6, 0xAB, 0xFA, 0xB6, 0x96, 0xFA, 0xB6,
    0x7D, 0xFA, 0xB6, 0x61, 0xFA, 0xB6, 0x46, 0xFA, 0xD6, 0x2D, 0xFA, 0xD6,
    0x1B, 0xFA, 0xB6, 0x0E, 0xFA, 0xB6, 0x58, 0xFA, 0xB6, 0x71, 0xFA, 0xB6,
    0x88, 0xFA, 0xD6, 0x9C, 0xFA, 0xD6, 0xAD, 0xFA, 0xD6, 0xBA, 0xFA, 0xD6,
    0xC4, 0xFA, 0xD6, 0xCC, 0xFA, 0xD6, 0xD2, 0xFA, 0xD6, 0xD6, 0xFA, 0xB6,
    0xD9, 0xFA, 0xB6, 0xDB, 0xFA, 0xB6, 0xE4, 0xF2, 0xD6, 0xFD, 0xEA, 0xF7,
    0xFF, 0xFB, 0x37, 0xFF, 0xFB, 0x37, 0xFF, 0xFB, 0x37, 0xFF, 0xF3, 0x37,
    0xFF, 0x9B, 0x9A, 0xFF, 0x7B, 0xBB, 0xFF, 0x7B, 0xBB, 0xFF, 0x7B, 0xBB,
    0xFF, 0x7B, 0xBB, 0xFF, 0x7B, 0xBB, 0xFF, 0x7B, 0xBB, 0xFF, 0x7B, 0xBB,
    0xFF, 0x7B, 0xBB, 0xFF, 0x63, 0x18, 0xFF, 0x29, 0x30, 0xFF, 0x08, 0x4C,
    0xFF, 0x08, 0x4C, 0xFF, 0x08, 0x4C, 0xFF, 0x08, 0x4C, 0xFF, 0x08, 0x4C,
    0xFF, 0x08, 0x4C, 0xFF, 0x08, 0x4C, 0xFF, 0x08, 0x4C, 0xFF, 0x08, 0x4C,
    0xFF, 0x08, 0x4C, 0xFF, 0x08, 0x4C, 0xFF, 0x08, 0x4C, 0xFF, 0x08, 0x4C,
    0xFF, 0x08, 0x4C, 0xFF, 0x08, 0x4C, 0xFF, 0x08, 0x4C, 0xFF, 0x08, 0x4C,
    0xFF, 0x08, 0x4C, 0xFF, 0x18, 0xAD, 0xFF, 0x4A, 0x75, 0xFF, 0x73, 0xBB,
    0xFF, 0x7B, 0xBB, 0xFF, 0x7B, 0xBB, 0xFF, 0x7B, 0xBB, 0xFF, 0x7B, 0xBB,
    0xFF, 0x7B, 0xBB, 0xFF, 0x7B, 0xBB, 0xFF, 0x7B, 0xBB, 0xFF, 0xBB, 0x79,
    0xFF, 0xFB, 0x37, 0xFF, 0xFB, 0x37, 0xFF, 0xFB, 0x37, 0xFF, 0xFB, 0x37,
    0xFF, 0xFB, 0x37, 0xFF, 0xEA, 0xF7, 0xFF, 0xE2, 0xD6, 0xFF, 0xE2, 0xD6,
    0xF5, 0xE2, 0xB6, 0xD2, 0xFA, 0xD6, 0xC9, 0xFA, 0xD6, 0xC0, 0xFA, 0xB6,
    0xB4, 0xFA, 0xB6, 0xA5, 0xFA, 0xD6, 0x93, 0xFA, 0xB6, 0x7D, 0xFA, 0xD6,
    0x66, 0xFA, 0xD6, 0x4C, 0xFA, 0xD6, 0x35, 0xFA, 0xB6, 0x22, 0xFA, 0xD6,
    0x13, 0xFA, 0xB6, 0x09, 0xFA, 0xB6, 0x41, 0xFA, 0xB6, 0x56, 0xFA, 0xB6,
    0x6C, 0xFA, 0xD6, 0x80, 0xFA, 0xD6, 0x92, 0xFA, 0xB6, 0xA2, 0xFA, 0xD6,
    0xAF, 0xFA, 0xD6, 0xBA, 0xFA, 0xB6, 0xC3, 0xFA, 0xD6, 0xC9, 0xFA, 0xD6,
    0xCF, 0xFA, 0xD6, 0xD3, 0xFA, 0xD6, 0xD6, 0xFA, 0xB6, 0xE2, 0xF2, 0xD6,
    0xFD, 0xEA, 0xF7, 0xFF, 0xFB, 0x37, 0xFF, 0xFB, 0x37, 0xFF, 0xFB, 0x37,
    0xFF, 0xFB, 0x37, 0xFF, 0xB3, 0x79, 0xFF, 0x7B, 0xBB, 0xFF, 0x7B, 0xBB,
    0xFF, 0x7B, 0xBB, 0xFF, 0x7B, 0xBB, 0xFF, 0x7B, 0xBB, 0xFF, 0x7B, 0xBB,
    0xFF, 0x7B, 0xBB, 0xFF, 0x7B, 0xBB, 0xFF, 0x7B, 0xBB, 0xFF, 0x5A, 0xD7,
    0xFF, 0x29, 0x71, 0xFF, 0x10, 0x6C, 0xFF, 0x08, 0x4C, 0xFF, 0x08, 0x4C,
    0xFF, 0x08, 0x4C, 0xFF, 0x08, 0x4C, 0xFF, 0x08, 0x4C, 0xFF, 0x08, 0x4C,
    0xFF, 0x08, 0x4C, 0xFF, 0x08, 0x4C, 0xFF, 0x08, 0x4C, 0xFF, 0x08, 0x4C,
    0xFF, 0x08, 0x4C, 0xFF, 0x08, 0x4C, 0xFF, 0x08, 0x4C, 0xFF, 0x20, 0xEE,
    0xFF, 0x4A, 0x55, 0xFF, 0x73, 0x9A, 0xFF, 0x7B, 0xBB, 0xFF, 0x7B, 0xBB,
    0xFF, 0x7B, 0xBB, 0xFF, 0x7B, 0xBB, 0xFF, 0x7B, 0xBB, 0xFF, 0x7B, 0xBB,
    0xFF, 0x7B, 0xBB, 0xFF, 0x83, 0xBB, 0xFF, 0xD3, 0x58, 0xFF, 0xFB, 0x37,
    0xFF, 0xFB, 0x37, 0xFF, 0xFB, 0x37, 0xFF, 0xFB, 0x37, 0xFF, 0xFB, 0x37,
    0xFF, 0xEB, 0x17, 0xFF, 0xE2, 0xD6, 0xFF, 0xDA, 0xD7, 0xF4, 0xE2, 0xD6,
    0xCA, 0xFA, 0xB6, 0xBF, 0xFA, 0xD6, 0xB6, 0xFA, 0xB6, 0xAA, 0xFA, 0xB6,
    0x9C, 0xFA, 0xB6, 0x8A, 0xFA, 0xB6, 0x77, 0xFA, 0xB6, 0x62, 0xFA, 0xB6,
    0x4C, 0xFA, 0xD6, 0x37, 0xFA, 0xB6, 0x25, 0xFA, 0xD6, 0x17, 0xFA, 0xD6,
    0x0C, 0xFA, 0xB6, 0x06, 0xFA, 0x96, 0x2C, 0xFA, 0xB6, 0x3D, 0xFA, 0xB6,
    0x4F, 0xFA, 0xB6, 0x62, 0xFA, 0xB6, 0x75, 0xFA, 0xB6, 0x85, 0xFA, 0xD6,
    0x94, 0xFA, 0xD6, 0xA2, 0xFA, 0xB6, 0xAD, 0xFA, 0xB6, 0xB6, 0xFA, 0xB6,
    0xBE, 0xFA, 0xD6, 0xC4, 0xFA, 0xD6, 0xC9, 0xFA, 0xD6, 0xCE, 0xFA, 0xD6,
    0xDC, 0xF2, 0xD6, 0xFC, 0xEA, 0xF7, 0xFF, 0xFB, 0x57, 0xFF, 0xFB, 0x57,
    0xFF, 0xFB, 0x37, 0xFF, 0xFB, 0x37, 0xFF, 0xDB, 0x58, 0xFF, 0x8B, 0xBA,
    0xFF, 0x7B, 0xBB, 0xFF, 0x7B, 0xBB, 0xFF, 0x7B, 0xBB, 0xFF, 0x7B, 0xBB,
    0xFF, 0x7B, 0xBB, 0xFF, 0x7B, 0xBB, 0xFF, 0x7B, 0xBB, 0xFF, 0x7B, 0xBB,
    0xFF, 0x7B, 0xBB, 0xFF, 0x6B, 0x5A, 0xFF, 0x4A, 0x75, 0xFF, 0x31, 0x71,
    0xFF, 0x18, 0xAE, 0xFF, 0x08, 0x4C, 0xFF, 0x08, 0x4C, 0xFF, 0x08, 0x4C,
    0xFF, 0x08, 0x4C, 0xFF, 0x08, 0x4C, 0xFF, 0x08, 0x4C, 0xFF, 0x10, 0x8D,
    0xFF, 0x29, 0x30, 0xFF, 0x42, 0x13, 0xFF, 0x63, 0x18, 0xFF, 0x73, 0xBB,
    0xFF, 0x7B, 0xBB, 0xFF, 0x7B, 0xBB, 0xFF, 0x7B, 0xBB, 0xFF, 0x7B, 0xBB,
    0xFF, 0x7B, 0xBB, 0xFF, 0x7B, 0xBB, 0xFF, 0x7B, 0xBB, 0xFF, 0x7B, 0xBB,
    0xFF, 0xA3, 0x9A, 0xFF, 0xEB, 0x58, 0xFF, 0xFB, 0x37, 0xFF, 0xFB, 0x57,
    0xFF, 0xFB, 0x57, 0xFF, 0xFB, 0x57, 0xFF, 0xFB, 0x58, 0xFF, 0xEB, 0x17,
    0xFF, 0xDA, 0xD7, 0xFF, 0xDA, 0xD7, 0xF0, 0xDA, 0xD7, 0xC0, 0xFA, 0xB6,
    0xB2, 0xFA, 0xB6, 0xA8, 0xFA, 0xD6, 0x9C, 0xFA, 0xB6, 0x8E, 0xFA, 0xB6,
    0x7E, 0xFA, 0xD6, 0x6C, 0xFA, 0xD6, 0x5A, 0xFA, 0xB6, 0x47, 0xFA, 0xD6,
    0x35, 0xFA, 0xB6, 0x25, 0xFA, 0xD6, 0x18, 0xFA, 0xD6, 0x0E, 0xFA, 0xB6,
    0x07, 0xFA, 0xB6, 0x03, 0xFA, 0x96, 0x1B, 0xFA, 0xD6, 0x27, 0xFA, 0xB6,
    0x36, 0xFA, 0xB6, 0x45, 0xFA, 0xD6, 0x55, 0xFA, 0xD6, 0x65, 0xFA, 0xB6,
    0x75, 0xFA, 0xD6, 0x83, 0xFA, 0xD6, 0x90, 0xFA, 0xB6, 0x9C, 0xFA, 0xD6,
    0xA6, 0xFA, 0xD6, 0xAF, 0xFA, 0xB6, 0xB6, 0xFA, 0xB6, 0xBC, 0xFA, 0xB6,
    0xC2, 0xFA, 0xD6, 0xD0, 0xF2, 0xD6, 0xF8, 0xEA, 0xF7, 0xFF, 0xFB, 0x58,
    0xFF, 0xFB, 0x58, 0xFF, 0xFB, 0x58, 0xFF, 0xFB, 0x58, 0xFF, 0xF3, 0x58,
    0xFF, 0xBB, 0x79, 0xFF, 0x83, 0xBB, 0xFF, 0x7B, 0xBB, 0xFF, 0x7B, 0xBB,
    0xFF, 0x7B, 0xBB, 0xFF, 0x7B, 0xBB, 0xFF, 0x7B, 0xBB, 0xFF, 0x7B, 0xBB,
    0xFF, 0x7B, 0xBB, 0xFF, 0x7B, 0xBB, 0xFF, 0x7B, 0xBB, 0xFF, 0x7B, 0xBB,
    0xFF, 0x7B, 0xBB, 0xFF, 0x73, 0x9A, 0xFF, 0x6B, 0x39, 0xFF, 0x63, 0x18,
    0xFF, 0x63, 0x18, 0xFF, 0x63, 0x18, 0xFF, 0x6B, 0x7A, 0xFF, 0x73, 0xBB,
    0xFF, 0x7B, 0xBB, 0xFF, 0x7B, 0xBB, 0xFF, 0x7B, 0xBB, 0xFF, 0x7B, 0xBB,
    0xFF, 0x7B, 0xBB, 0xFF, 0x7B, 0xBB, 0xFF, 0x7B, 0xBB, 0xFF, 0x7B, 0xBB,
    0xFF, 0x7B, 0xBB, 0xFF, 0x7B, 0xBB, 0xFF, 0x93, 0xBA, 0xFF, 0xD3, 0x79,
    0xFF, 0xFB, 0x57, 0xFF, 0xFB, 0x58, 0xFF, 0xFB, 0x58, 0xFF, 0xFB, 0x58,
    0xFF, 0xFB, 0x78, 0xFF, 0xFB, 0x78, 0xFF, 0xE3, 0x17, 0xFF, 0xD2, 0xD7,
    0xFF, 0xD2, 0xD7, 0xE6, 0xDA, 0xD7, 0xAF, 0xFA, 0xD6, 0xA1, 0xFA, 0xD6,
    0x96, 0xFA, 0xD6, 0x8A, 0xFA, 0xB6, 0x7D, 0xFA, 0xB6, 0x6E, 0xFA, 0xB6,
    0x5E, 0xFA, 0xB6, 0x4E, 0xFA, 0xB6, 0x3E, 0xFA, 0xD6, 0x2F, 0xFA, 0xB6,
    0x22, 0xFA, 0xD6, 0x16, 0xFA, 0xB6, 0x0E, 0xFA, 0xB6, 0x07, 0xFA, 0xB6,
    0x04, 0xFA, 0x96, 0x02, 0xFA, 0x76, 0x0F, 0xFA, 0xB6, 0x17, 0xFA, 0xB6,
    0x21, 0xFA, 0xD6, 0x2C, 0xFA, 0xB6, 0x39, 0xFA, 0xB6, 0x47, 0xFA, 0xD6,
    0x54, 0xFA, 0xB6, 0x62, 0xFA, 0xB6, 0x6F, 0xFA, 0xB6, 0x7C, 0xFA, 0xD6,
    0x87, 0xFA, 0xB6, 0x92, 0xFA, 0xD6, 0x9B, 0xFA, 0xD6, 0xA3, 0xFA, 0xB6,
    0xAB, 0xFA, 0xB6, 0xB1, 0xFA, 0xB6, 0xBE, 0xF2, 0xD6, 0xEE, 0xE2, 0xF7,
    0xFF, 0xF3, 0x78, 0xFF, 0xFB, 0x98, 0xFF, 0xFB, 0x78, 0xFF, 0xFB, 0x78,
    0xFF, 0xFB, 0x78, 0xFF, 0xEB, 0x78, 0xFF, 0xB3, 0x99, 0xFF, 0x83, 0xBB,
    0xFF, 0x7B, 0xBB, 0xFF, 0x7B, 0xBB, 0xFF, 0x7B, 0xBB, 0xFF, 0x7B, 0xBB,
    0xFF, 0x7B, 0xBB, 0xFF, 0x7B, 0xBB, 0xFF, 0x7B, 0xBB, 0xFF, 0x7B, 0xBB,
    0xFF, 0x7B, 0xBB, 0xFF, 0x7B, 0xBB, 0xFF, 0x7B, 0xBB, 0xFF, 0x7B, 0xBB,
    0xFF, 0x7B, 0xBB, 0xFF, 0x7B, 0xBB, 0xFF, 0x7B, 0xBB, 0xFF, 0x7B, 0xBB,
    0xFF, 0x7B, 0xBB, 0xFF, 0x7B, 0xBB, 0xFF, 0x7B, 0xBB, 0xFF, 0x7B, 0xBB,
    0xFF, 0x7B, 0xBB, 0xFF, 0x7B, 0xBB, 0xFF, 0x7B, 0xBB, 0xFF, 0x7B, 0xBB,
    0xFF, 0x93, 0xBA, 0xFF, 0xCB, 0x99, 0xFF, 0xF3, 0x78, 0xFF, 0xFB, 0x78,
    0xFF, 0xFB, 0x78, 0xFF, 0xFB, 0x78, 0xFF, 0xFB, 0x98, 0xFF, 0xFB, 0x98,
    0xFF, 0xF3, 0x98, 0xFF, 0xDB, 0x18, 0xFF, 0xCA, 0xD7, 0xFE, 0xC2, 0xD7,
    0xD1, 0xDA, 0xD7, 0x99, 0xFA, 0xD6, 0x8D, 0xFA, 0xB6, 0x82, 0xFA, 0xB6,
    0x76, 0xFA, 0xD6, 0x69, 0xFA, 0xB6, 0x5C, 0xFA, 0xB6, 0x4E, 0xFA, 0xD6,
    0x40, 0xFA, 0xB6, 0x33, 0xFA, 0xB6, 0x27, 0xFA, 0xD6, 0x1C, 0xFA, 0xD6,
    0x13, 0xFA, 0xD6, 0x0C, 0xFA, 0xB6, 0x07, 0xFA, 0xB6, 0x04, 0xFA, 0x96,
    0x02, 0xFA, 0xD4, 0x00, 0xF8, 0x5E, 0x07, 0xFA, 0xB6, 0x0C, 0xFA, 0xB6,
    0x12, 0xFA, 0xB6, 0x1A, 0xFA, 0xD6, 0x22, 0xFA, 0xD6, 0x2D, 0xFA, 0xB6,
    0x37, 0xFA, 0xB6, 0x43, 0xFA, 0xB6, 0x4F, 0xFA, 0xB6, 0x5A, 0xFA, 0xD6,
    0x65, 0xFA, 0xB6, 0x70, 0xFA, 0xD6, 0x7A, 0xFA, 0xB6, 0x83, 0xFA, 0xD6,
    0x8C, 0xFA, 0xB6, 0x94, 0xFA, 0xD6, 0x9B, 0xFA, 0xD6, 0xA4, 0xFA, 0xD6,
    0xD6, 0xDA, 0xF7, 0xFE, 0xEB, 0x78, 0xFF, 0xFB, 0xB9, 0xFF, 0xFB, 0xB9,
    0xFF, 0xFB, 0xB9, 0xFF, 0xFB, 0x98, 0xFF, 0xFB, 0x98, 0xFF, 0xF3, 0x98,
    0xFF, 0xCB, 0x99, 0xFF, 0x9B, 0xBA, 0xFF, 0x7B, 0xBB, 0xFF, 0x7B, 0xBB,
    0xFF, 0x7B, 0xBB, 0xFF, 0x7B, 0xBB, 0xFF, 0x7B, 0xBB, 0xFF, 0x7B, 0xBB,
    0xFF, 0x7B, 0xBB, 0xFF, 0x7B, 0xBB, 0xFF, 0x7B, 0xBB, 0xFF, 0x7B, 0xBB,
    0xFF, 0x7B, 0xBB, 0xFF, 0x7B, 0xBB, 0xFF, 0x7B, 0xBB, 0xFF, 0x7B, 0xBB,
    0xFF, 0x7B, 0xBB, 0xFF, 0x7B, 0xBB, 0xFF, 0x7B, 0xBB, 0xFF, 0x7B, 0xBB,
    0xFF, 0x7B, 0xBB, 0xFF, 0x83, 0xBB, 0xFF, 0xAB, 0xBA, 0xFF, 0xDB, 0x99,
    0xFF, 0xFB, 0x98, 0xFF, 0xFB, 0x98, 0xFF, 0xFB, 0x98, 0xFF, 0xFB, 0xB9,
    0xFF, 0xFB, 0xB9, 0xFF, 0xFB, 0xD9, 0xFF, 0xFB, 0xD9, 0xFF, 0xEB, 0xB9,
    0xFF, 0xCB, 0x18, 0xFF, 0xBA, 0xD8, 0xF5, 0xBA, 0xD8, 0xAD, 0xDA, 0xD7,
    0x7F, 0xFA, 0xB6, 0x76, 0xFA, 0xD6, 0x6B, 0xFA, 0xD6, 0x60, 0xFA, 0xB6,
    0x55, 0xFA, 0xB6, 0x49, 0xFA, 0xD6, 0x3E, 0xFA, 0xB6, 0x32, 0xFA, 0xB6,
    0x28, 0xFA, 0xB6, 0x1E, 0xFA, 0xB6, 0x16, 0xFA, 0xD6, 0x0F, 0xFA, 0xB6,
    0x0A, 0xFA, 0xB6, 0x05, 0xFA, 0x97, 0x03, 0xFA, 0xB6, 0x01, 0xFA, 0x37,
    0x00, 0xF8, 0x1F, 0x00, 0x00, 0x00, 0x03, 0xFA, 0xB5, 0x05, 0xFA, 0x97,
    0x09, 0xFA, 0xB6, 0x0D, 0xFA, 0xB6, 0x12, 0xFA, 0xB6, 0x19, 0xFA, 0xB6,
    0x21, 0xFA, 0xD6, 0x29, 0xFA, 0xD6, 0x32, 0xFA, 0xB6, 0x3B, 0xFA, 0xB6,
    0x45, 0xFA, 0xB6, 0x4E, 0xFA, 0xD6, 0x58, 0xFA, 0xB6, 0x61, 0xFA, 0xB6,
    0x6A, 0xFA, 0xD6, 0x72, 0xFA, 0xD6, 0x7A, 0xFA, 0xB6, 0x81, 0xFA, 0xB6,
    0x88, 0xFA, 0xB6, 0xAA, 0xE2, 0xD7, 0xEE, 0xDB, 0x79, 0xFF, 0xF3, 0xFA,
    0xFF, 0xFB, 0xFA, 0xFF, 0xFB, 0xF9, 0xFF, 0xFB, 0xD9, 0xFF, 0xFB, 0xD9,
    0xFF, 0xFB, 0xD9, 0xFF, 0xFB, 0xB9, 0xFF, 0xEB, 0xB9, 0xFF, 0xCB, 0xBA,
    0xFF, 0xAB, 0xBA, 0xFF, 0x8B, 0xBB, 0xFF, 0x7B, 0xBB, 0xFF, 0x7B, 0xBB,
    0xFF, 0x7B, 0xBB, 0xFF, 0x7B, 0xBB, 0xFF, 0x7B, 0xBB, 0xFF, 0x7B, 0xBB,
    0xFF, 0x7B, 0xBB, 0xFF, 0x7B, 0xBB, 0xFF, 0x7B, 0xBB, 0xFF, 0x7B, 0xBB,
    0xFF, 0x7B, 0xBB, 0xFF, 0x83, 0xBB, 0xFF, 0x93, 0xBB, 0xFF, 0xB3, 0xBA,
    0xFF, 0xD3, 0xBA, 0xFF, 0xF3, 0xB9, 0xFF, 0xFB, 0xD9, 0xFF, 0xFB, 0xD9,
    0xFF, 0xFB, 0xD9, 0xFF, 0xFB, 0xD9, 0xFF, 0xFB, 0xF9, 0xFF, 0xFB, 0xFA,
    0xFF, 0xFC, 0x1A, 0xFF, 0xF4, 0x1A, 0xFF, 0xDB, 0x99, 0xFF, 0xB2, 0xF8,
    0xFE, 0xAA, 0xF8, 0xD2, 0xBA, 0xD8, 0x7D, 0xEA, 0xD6, 0x66, 0xFA, 0xB6,
    0x5D, 0xFA, 0xB6, 0x54, 0xFA, 0xB6, 0x4A, 0xFA, 0xD6, 0x40, 0xFA, 0xD6,
    0x37, 0xFA, 0xB6, 0x2E, 0xFA, 0xB6, 0x25, 0xFA, 0xD6, 0x1D, 0xFA, 0xD6,
    0x16, 0xFA, 0xB6, 0x10, 0xFA, 0xB6, 0x0B, 0xFA, 0xB6, 0x07, 0xFA, 0xB6,
    0x04, 0xFA, 0x96, 0x02, 0xFA, 0xD4, 0x01, 0xF9, 0x99, 0x00, 0xF8, 0x1F,
    0x00, 0x00, 0x00, 0x00, 0x00, 0x00, 0x01, 0xF9, 0x7A, 0x02, 0xFA, 0xB5,
    0x04, 0xFA, 0x96, 0x06, 0xFA, 0x96, 0x09, 0xFA, 0xB6, 0x0D, 0xFA, 0xB6,
    0x11, 0xFA, 0xB6, 0x17, 0xFA, 0xB6, 0x1C, 0xFA, 0xD6, 0x23, 0xFA, 0xD6,
    0x2A, 0xFA, 0xB6, 0x32, 0xFA, 0xB6, 0x39, 0xFA, 0xB6, 0x41, 0xFA, 0xB6,
    0x48, 0xFA, 0xD6, 0x50, 0xFA, 0xD6, 0x58, 0xFA, 0xB6, 0x5E, 0xFA, 0xB6,
    0x65, 0xFA, 0xB6, 0x6C, 0xFA, 0xD6, 0x78, 0xF2, 0xD6, 0xB9, 0xD3, 0x18,
    0xF9, 0xE3, 0xFA, 0xFF, 0xF4, 0x5B, 0xFF, 0xFC, 0x3A, 0xFF, 0xFC, 0x3A,
    0xFF, 0xFC, 0x3A, 0xFF, 0xFC, 0x1A, 0xFF, 0xFC, 0x1A, 0xFF, 0xFC, 0x1A,
    0xFF, 0xFC, 0x1A, 0xFF, 0xFB, 0xFA, 0xFF, 0xEB, 0xFA, 0xFF, 0xDB, 0xFA,
    0xFF, 0xD3, 0xFA, 0xFF, 0xC3, 0xFA, 0xFF, 0xBB, 0xDA, 0xFF, 0xBB, 0xDA,
    0xFF, 0xBB, 0xDA, 0xFF, 0xBB, 0xFA, 0xFF, 0xCB, 0xFA, 0xFF, 0xD3, 0xFA,
    0xFF, 0xE3, 0xFA, 0xFF, 0xF3, 0xFA, 0xFF, 0xFB, 0xFA, 0xFF, 0xFC, 0x1A,
    0xFF, 0xFC, 0x1A, 0xFF, 0xFC, 0x1A, 0xFF, 0xFC, 0x1A, 0xFF, 0xFC, 0x3A,
    0xFF, 0xFC, 0x3A, 0xFF, 0xFC, 0x5A, 0xFF, 0xF4, 0x5B, 0xFF, 0xF4, 0x5B,
    0xFF, 0xE4, 0x1A, 0xFF, 0xB3, 0x39, 0xFF, 0xA2, 0xF9, 0xE8, 0xA2, 0xF8,
    0x8D, 0xC2, 0xD7, 0x55, 0xFA, 0xD6, 0x4D, 0xFA, 0xD6, 0x45, 0xFA, 0xB6,
    0x3D, 0xFA, 0xB6, 0x36, 0xFA, 0xB6, 0x2E, 0xFA, 0xB6, 0x27, 0xFA, 0xD6,
    0x20, 0xFA, 0xD6, 0x1A, 0xFA, 0xD6, 0x14, 0xFA, 0xB6, 0x0F, 0xFA, 0xB6,
    0x0B, 0xFA, 0xB6, 0x07, 0xFA, 0xB6, 0x05, 0xFA, 0x97, 0x03, 0xFA, 0xB5,
    0x02, 0xFA, 0x56, 0x01, 0xF8, 0x7E, 0x00, 0xF8, 0x1F, 0x00, 0x00, 0x00,
    0x00, 0x00, 0x00, 0x00, 0x00, 0x00, 0x00, 0xF8, 0x1F, 0x00, 0xF8, 0x1F,
    0x01, 0xF9, 0x99, 0x02, 0xFA, 0xB5, 0x03, 0xFA, 0xB6, 0x05, 0xFA, 0x97,
    0x07, 0xFA, 0xB6, 0x0B, 0xFA, 0xB6, 0x0E, 0xFA, 0xB6, 0x12, 0xFA, 0xB6,
    0x17, 0xFA, 0xD6, 0x1C, 0xFA, 0xD6, 0x21, 0xFA, 0xD6, 0x26, 0xFA, 0xD6,
    0x2C, 0xFA, 0xB6, 0x32, 0xFA, 0xB6, 0x38, 0xFA, 0xD6, 0x3E, 0xFA, 0xB6,
    0x44, 0xFA, 0xD6, 0x49, 0xFA, 0xD6, 0x4F, 0xFA, 0xD6, 0x54, 0xFA, 0xB6,
    0x6B, 0xE2, 0xD7, 0xBA, 0xCB, 0x79, 0xF8, 0xE4, 0x3B, 0xFF, 0xF4, 0x9B,
    0xFF, 0xF4, 0x9B, 0xFF, 0xF4, 0x7B, 0xFF, 0xF4, 0x7B, 0xFF, 0xF4, 0x7B,
    0xFF, 0xF4, 0x7B, 0xFF, 0xF4, 0x5B, 0xFF, 0xF4, 0x5B, 0xFF, 0xF4, 0x5B,
    0xFF, 0xF4, 0x5B, 0xFF, 0xF4, 0x5B, 0xFF, 0xF4, 0x5B, 0xFF, 0xF4, 0x5B,
    0xFF, 0xF4, 0x5B, 0xFF, 0xF4, 0x5B, 0xFF, 0xF4, 0x5B, 0xFF, 0xF4, 0x5B,
    0xFF, 0xF4, 0x5B, 0xFF, 0xF4, 0x5B, 0xFF, 0xF4, 0x7B, 0xFF, 0xF4, 0x7B,
    0xFF, 0xF4, 0x7B, 0xFF, 0xF4, 0x7B, 0xFF, 0xF4, 0x9B, 0xFF, 0xF4, 0x9B,
    0xFF, 0xF4, 0x9C, 0xFF, 0xF4, 0xBC, 0xFF, 0xE4, 0x7B, 0xFF, 0xB3, 0x9A,
    0xFF, 0x92, 0xF9, 0xE9, 0x92, 0xF9, 0x93, 0xAA, 0xD8, 0x47, 0xEA, 0xD6,
    0x3B, 0xFA, 0xD6, 0x35, 0xFA, 0xB6, 0x2F, 0xFA, 0xB6, 0x2A, 0xFA, 0xB6,
    0x24, 0xFA, 0xB6, 0x1F, 0xFA, 0xD6, 0x19, 0xFA, 0xD6, 0x15, 0xFA, 0xD6,
    0x10, 0xFA, 0xB6, 0x0C, 0xFA, 0xB6, 0x09, 0xFA, 0xB6, 0x06, 0xFA, 0xB6,
    0x04, 0xFA, 0x96, 0x03, 0xFA, 0xB5, 0x02, 0xFA, 0x95, 0x01, 0xF8, 0xBC,
    0x00, 0xF8, 0x1F, 0x00, 0x00, 0x00, 0x00, 0x00, 0x00, 0x00, 0x00, 0x00,
    0x00, 0x00, 0x00, 0x00, 0x00, 0x00, 0x00, 0x00, 0x00, 0x00, 0x00, 0x00,
    0x00, 0xF8, 0x1F, 0x00, 0xF8, 0x1F, 0x01, 0xF9, 0x5A, 0x02, 0xFA, 0x76,
    0x03, 0xFA, 0xB5, 0x04, 0xFA, 0x96, 0x06, 0xFA, 0xB7, 0x08, 0xFA, 0xB6,
    0x0B, 0xFA, 0xB6, 0x0E, 0xFA, 0xB6, 0x11, 0xFA, 0xB6, 0x14, 0xFA, 0xD6,
    0x18, 0xFA, 0xD6, 0x1C, 0xFA, 0xD6, 0x20, 0xFA, 0xD6, 0x25, 0xFA, 0xB6,
    0x29, 0xFA, 0xB6, 0x2D, 0xFA, 0xB6, 0x31, 0xFA, 0xB6, 0x35, 0xFA, 0xB6,
    0x39, 0xFA, 0xB6, 0x3D, 0xFA, 0xB6, 0x56, 0xDA, 0xD7, 0xA3, 0xC3, 0x9A,
    0xEE, 0xDC, 0x5B, 0xFF, 0xF4, 0xDC, 0xFF, 0xF4, 0xDC, 0xFF, 0xF4, 0xDC,
    0xFF, 0xF4, 0xDC, 0xFF, 0xF4, 0xDC, 0xFF, 0xF4, 0xBC, 0xFF, 0xF4, 0xBC,
    0xFF, 0xF4, 0xBC, 0xFF, 0xF4, 0xBC, 0xFF, 0xF4, 0xBC, 0xFF, 0xF4, 0xBC,
    0xFF, 0xF4, 0xBC, 0xFF, 0xF4, 0xBC, 0xFF, 0xF4, 0xBC, 0xFF, 0xF4, 0xBC,
    0xFF, 0xF4, 0xBC, 0xFF, 0xF4, 0xDC, 0xFF, 0xF4, 0xDC, 0xFF, 0xF4, 0xDC,
    0xFF, 0xF4, 0xDC, 0xFF, 0xF4, 0xDC, 0xFF, 0xF4, 0xFC, 0xFF, 0xF4, 0xFD,
    0xFF, 0xDC, 0x7C, 0xFF, 0xAB, 0x9A, 0xFF, 0x8A, 0xF9, 0xD7, 0x8A, 0xF9,
    0x7F, 0xA2, 0xF9, 0x38, 0xE2, 0xD7, 0x2B, 0xFA, 0xB6, 0x27, 0xFA, 0xD6,
    0x23, 0xFA, 0xD6, 0x1E, 0xFA, 0xD6, 0x1A, 0xFA, 0xD6, 0x16, 0xFA, 0xB6,
    0x13, 0xFA, 0xB6, 0x0F, 0xFA, 0xB6, 0x0C, 0xFA, 0xB6, 0x09, 0xFA, 0xB6,
    0x07, 0xFA, 0xB6, 0x05, 0xFA, 0x97, 0x03, 0xFA, 0xB6, 0x02, 0xFA, 0x95,
    0x01, 0xFA, 0x37, 0x01, 0xF8, 0xBC, 0x00, 0xF8, 0x1F, 0x00, 0x00, 0x00,
    0x00, 0x00, 0x00, 0x00, 0x00, 0x00, 0x00, 0x00, 0x00, 0x00, 0x00, 0x00,
    0x00, 0x00, 0x00, 0x00, 0x00, 0x00, 0x00, 0x00, 0x00, 0x00, 0x00, 0x00,
    0x00, 0x00, 0x00, 0x00, 0x00, 0x00, 0x00, 0x00, 0x00, 0x00, 0xF8, 0x1F,
    0x01, 0xF8, 0x1F, 0x01, 0xFA, 0x17, 0x02, 0xFA, 0x76, 0x03, 0xFA, 0xB5,
    0x04, 0xFA, 0xB6, 0x05, 0xFA, 0x97, 0x07, 0xFA, 0xB6, 0x09, 0xFA, 0xB6,
    0x0B, 0xFA, 0xB6, 0x0E, 0xFA, 0xB6, 0x10, 0xFA, 0xB6, 0x13, 0xFA, 0xB6,
    0x15, 0xFA, 0xD6, 0x18, 0xFA, 0xD6, 0x1B, 0xFA, 0xD6, 0x1E, 0xFA, 0xD6,
    0x21, 0xFA, 0xD6, 0x23, 0xFA, 0xD6, 0x26, 0xFA, 0xD6, 0x29, 0xFA, 0xD6,
    0x30, 0xEA, 0xD6, 0x6D, 0xB3, 0x59, 0xB5, 0xCC, 0x1B, 0xEF, 0xDC, 0x9C,
    0xFF, 0xEC, 0xFD, 0xFF, 0xF5, 0x1D, 0xFF, 0xF5, 0x1D, 0xFF, 0xF5, 0x1D,
    0xFF, 0xF5, 0x1D, 0xFF, 0xF5, 0x1D, 0xFF, 0xF5, 0x1D, 0xFF, 0xF5, 0x1D,
    0xFF, 0xF5, 0x1D, 0xFF, 0xF5, 0x1D, 0xFF, 0xF5, 0x1D, 0xFF, 0xF5, 0x1D,
    0xFF, 0xF5, 0x1D, 0xFF, 0xF5, 0x1D, 0xFF, 0xF5, 0x1D, 0xFF, 0xF5, 0x3D,
    0xFF, 0xF5, 0x1D, 0xFF, 0xDC, 0xBC, 0xFF, 0xB3, 0xFB, 0xFE, 0x8B, 0x3A,
    0xDF, 0x7A, 0xFA, 0x9A, 0x82, 0xF9, 0x4C, 0xA2, 0xF8, 0x1F, 0xFA, 0xD6,
    0x1D, 0xFA, 0xD6, 0x1A, 0xFA, 0xD6, 0x17, 0xFA, 0xD6, 0x14, 0xFA, 0xB6,
    0x11, 0xFA, 0xB6, 0x0F, 0xFA, 0xB6, 0x0D, 0xFA, 0xB6, 0x0A, 0xFA, 0xB6,
    0x08, 0xFA, 0xB6, 0x06, 0xFA, 0xB6, 0x05, 0xFA, 0x96, 0x03, 0xFA, 0x96,
    0x02, 0xFA, 0xB5, 0x02, 0xFA, 0x95, 0x01, 0xF9, 0x5A, 0x00, 0xF8, 0x1F,
    0x00, 0xF8, 0x1F, 0x00, 0x00, 0x00, 0x00, 0x00, 0x00, 0x00, 0x00, 0x00,
    0x00, 0x00, 0x00, 0x00, 0x00, 0x00, 0x00, 0x00, 0x00, 0x00, 0x00, 0x00,
    0x00, 0x00, 0x00, 0x00, 0x00, 0x00, 0x00, 0x00, 0x00, 0x00, 0x00, 0x00,
    0x00, 0x00, 0x00, 0x00, 0x00, 0x00, 0x00, 0x00, 0x00, 0x00, 0x00, 0x00,
    0x00, 0x00, 0x00, 0x00, 0xF8, 0x1F, 0x00, 0xF8, 0x1F, 0x00, 0xF8, 0xBD,
    0x01, 0xF9, 0xB9, 0x02, 0xFA, 0x76, 0x02, 0xFA, 0x95, 0x03, 0xFA, 0xB5,
    0x04, 0xFA, 0x96, 0x05, 0xFA, 0x96, 0x07, 0xFA, 0xB6, 0x08, 0xFA, 0xB6,
    0x0A, 0xFA, 0xB6, 0x0B, 0xFA, 0xB6, 0x0D, 0xFA, 0xB6, 0x0F, 0xFA, 0xB6,
    0x10, 0xFA, 0xD6, 0x12, 0xFA, 0xB6, 0x14, 0xFA, 0xD6, 0x16, 0xFA, 0xB6,
    0x17, 0xFA, 0xD6, 0x19, 0xFA, 0xD6, 0x1A, 0xFA, 0xB6, 0x25, 0xD2, 0xD7,
    0x53, 0xAB, 0x59, 0x8C, 0xB3, 0xFB, 0xBE, 0xC4, 0x5C, 0xEA, 0xCC, 0x9D,
    0xFC, 0xD4, 0xDD, 0xFF, 0xE5, 0x1D, 0xFF, 0xED, 0x3E, 0xFF, 0xF5, 0x5E,
    0xFF, 0xF5, 0x5E, 0xFF, 0xF5, 0x5E, 0xFF, 0xF5, 0x3E, 0xFF, 0xE5, 0x1E,
    0xFF, 0xDC, 0xDD, 0xFF, 0xC4, 0x7D, 0xFE, 0xB4, 0x1C, 0xFA, 0x93, 0x9B,
    0xDC, 0x83, 0x3A, 0xAD, 0x7A, 0xFA, 0x78, 0x82, 0xF9, 0x3C, 0x9A, 0xF9,
    0x18, 0xE2, 0xD7, 0x13, 0xFA, 0xD6, 0x11, 0xFA, 0xB6, 0x10, 0xFA, 0xB6,
    0x0E, 0xFA, 0xB6, 0x0C, 0xFA, 0xB6, 0x0B, 0xFA, 0xB6, 0x09, 0xFA, 0xB6,
    0x08, 0xFA, 0xB6, 0x06, 0xFA, 0xB7, 0x05, 0xFA, 0x96, 0x04, 0xFA, 0x96,
    0x03, 0xFA, 0x96, 0x02, 0xFA, 0x76, 0x01, 0xFA, 0x36, 0x01, 0xF9, 0x1B,
    0x00, 0xF8, 0x1F, 0x00, 0xF8, 0x1F, 0x00, 0x00, 0x00, 0x00, 0x00, 0x00,
    0x00, 0x00, 0x00, 0x00, 0x00, 0x00, 0x00, 0x00, 0x00, 0x00, 0x00, 0x00,
    0x00, 0x00, 0x00, 0x00, 0x00, 0x00, 0x00, 0x00, 0x00, 0x00, 0x00, 0x00,
    0x00, 0x00, 0x00, 0x00, 0x00, 0x00, 0x00, 0x00, 0x00, 0x00, 0x00, 0x00,
    0x00, 0x00, 0x00, 0x00, 0x00, 0x00, 0x00, 0x00, 0x00, 0x00, 0x00, 0x00,
    0x00, 0x00, 0x00, 0x00, 0x00, 0x00, 0x00, 0x00, 0x00, 0x00, 0x00, 0x00,
    0x00, 0x00, 0x00, 0x00, 0xF8, 0x1F, 0x00, 0xF8, 0x1F, 0x00, 0xF8, 0x1F,
    0x01, 0xF9, 0xF8, 0x01, 0xFA, 0x76, 0x02, 0xFA, 0x76, 0x03, 0xFA, 0x76,
    0x03, 0xFA, 0xB6, 0x04, 0xFA, 0xB6, 0x05, 0xFA, 0x96, 0x06, 0xFA, 0x96,
    0x07, 0xFA, 0xB7, 0x08, 0xFA, 0xB6, 0x09, 0xFA, 0xB6, 0x0A, 0xFA, 0xB6,
    0x0B, 0xFA, 0xB6, 0x0B, 0xFA, 0xB6, 0x0C, 0xFA, 0xD6, 0x0D, 0xFA, 0xB6,
    0x0E, 0xFA, 0xB6, 0x0E, 0xFA, 0xB6, 0x0F, 0xFA, 0xD6, 0x10, 0xFA, 0xB6,
    0x23, 0xAA, 0xD8, 0x3F, 0x8A, 0xF9, 0x58, 0x7A, 0xF9, 0x6A, 0x83, 0x1A,
    0x76, 0x83, 0x3A, 0x7B, 0x7B, 0x1A, 0x7A, 0x72, 0xFA, 0x72, 0x72, 0xFA,
    0x64, 0x7A, 0xFA, 0x4F, 0x7A, 0xF9, 0x35, 0x8A, 0xF9, 0x17, 0xBA, 0xD8,
    0x0D, 0xFA, 0xB6, 0x0C, 0xFA, 0xB6, 0x0B, 0xFA, 0xB6, 0x0A, 0xFA, 0xB6,
    0x09, 0xFA, 0xB6, 0x08, 0xFA, 0xB6, 0x07, 0xFA, 0xB6, 0x06, 0xFA, 0x96,
    0x05, 0xFA, 0xB6, 0x05, 0xFA, 0x97, 0x04, 0xFA, 0x96, 0x03, 0xFA, 0x96,
    0x02, 0xFA, 0x95, 0x02, 0xFA, 0x95, 0x01, 0xFA, 0x76, 0x01, 0xF9, 0x5A,
    0x00, 0xF8, 0x1F, 0x00, 0xF8, 0x1F, 0x00, 0x00, 0x00, 0x00, 0x00, 0x00,
    0x00, 0x00, 0x00, 0x00, 0x00, 0x00, 0x00, 0x00, 0x00, 0x00, 0x00, 0x00,
    0x00, 0x00, 0x00, 0x00, 0x00, 0x00, 0x00, 0x00, 0x00, 0x00, 0x00, 0x00,
    0x00, 0x00, 0x00, 0x00, 0x00, 0x00, 0x00, 0x00, 0x00, 0x00, 0x00, 0x00,
    0x00, 0x00, 0x00, 0x00, 0x00, 0x00, 0x00, 0x00, 0x00, 0x00, 0x00, 0x00,
    0x00, 0x00, 0x00, 0x00, 0x00, 0x00, 0x00, 0x00, 0x00, 0x00, 0x00, 0x00,
    0x00, 0x00, 0x00, 0x00, 0x00, 0x00, 0x00, 0x00, 0x00, 0x00, 0x00, 0x00,
    0x00, 0x00, 0x00, 0x00, 0x00, 0x00, 0x00, 0x00, 0x00, 0x00, 0x00, 0x00,
    0x00, 0x00, 0x00, 0x00, 0xF8, 0x1F, 0x00, 0xF8, 0x1F, 0x00, 0xF8, 0x1F,
    0x00, 0xF9, 0x1B, 0x01, 0xF9, 0xF8, 0x01, 0xFA, 0x37, 0x02, 0xFA, 0x76,
    0x02, 0xFA, 0x95, 0x03, 0xFA, 0x76, 0x03, 0xFA, 0xB6, 0x03, 0xFA, 0x96,
    0x04, 0xFA, 0xD6, 0x04, 0xFA, 0x76, 0x05, 0xFA, 0xB6, 0x05, 0xFA, 0x97,
    0x05, 0xFA, 0x76, 0x06, 0xFA, 0x96, 0x06, 0xFA, 0xB7, 0x06, 0xFA, 0xB7,
    0x07, 0xFA, 0xB6, 0x07, 0xFA, 0xB6, 0x07, 0xFA, 0xB6, 0x07, 0xFA, 0xB6,
    0x07, 0xFA, 0xB6, 0x07, 0xFA, 0xB6, 0x07, 0xFA, 0xB6, 0x06, 0xFA, 0xB6,
    0x06, 0xFA, 0xB7, 0x06, 0xFA, 0xB7, 0x06, 0xFA, 0x76, 0x05, 0xFA, 0x97,
    0x05, 0xFA, 0xB6, 0x04, 0xFA, 0x76, 0x04, 0xFA, 0xB6, 0x04, 0xFA, 0xB6,
    0x03, 0xFA, 0x96, 0x03, 0xFA, 0x76, 0x02, 0xFA, 0x76, 0x02, 0xFA, 0x56,
    0x01, 0xFA, 0xB5, 0x01, 0xFA, 0x17, 0x01, 0xF9, 0x1B, 0x00, 0xF8, 0x5E,
    0x00, 0xF8, 0x1F, 0x00, 0xF8, 0x1F, 0x00, 0x00, 0x00, 0x00, 0x00, 0x00,
    0x00, 0x00, 0x00, 0x00, 0x00, 0x00, 0x00, 0x00, 0x00, 0x00, 0x00, 0x00,
    0x00, 0x00, 0x00, 0x00, 0x00, 0x00, 0x00, 0x00, 0x00, 0x00, 0x00, 0x00,
    0x00, 0x00, 0x00, 0x00, 0x00, 0x00, 0x00, 0x00, 0x00, 0x00, 0x00, 0x00,
    0x00, 0x00, 0x00, 0x00, 0x00, 0x00, 0x00, 0x00, 0x00, 0x00, 0x00, 0x00,
    0x00, 0x00, 0x00, 0x00, 0x00, 0x00, 0x00, 0x00, 0x00, 0x00, 0x00, 0x00,
    0x00, 0x00, 0x00, 0x00, 0x00, 0x00, 0x00, 0x00, 0x00, 0x00, 0x00, 0x00,
    0x00, 0x00, 0x00, 0x00, 0x00, 0x00, 0x00, 0x00, 0x00, 0x00, 0x00, 0x00,
    0x00, 0x00, 0x00, 0x00, 0x00, 0x00, 0x00, 0x00, 0x00, 0x00, 0x00, 0x00,
    0x00, 0x00, 0x00, 0x00, 0x00, 0x00, 0x00, 0x00, 0x00, 0x00, 0x00, 0x00,
    0x00, 0x00, 0x00, 0x00, 0x00, 0x00, 0x00, 0x00, 0x00, 0x00, 0x00, 0x00,
    0x00, 0x00, 0x00, 0x00, 0xF8, 0x1F, 0x00, 0xF8, 0x1F, 0x00, 0xF8, 0x1F,
    0x00, 0xF9, 0x5A, 0x01, 0xFA, 0x56, 0x01, 0xF9, 0xD8, 0x01, 0xFA, 0x95,
    0x01, 0xFA, 0xB5, 0x01, 0xFA, 0x56, 0x01, 0xFA, 0x56, 0x02, 0xFA, 0x95,
    0x02, 0xFA, 0xD4, 0x02, 0xFA, 0x76, 0x02, 0xFA, 0x76, 0x02, 0xFA, 0x76,
    0x02, 0xFA, 0x76, 0x02, 0xFA, 0x76, 0x02, 0xFA, 0x95, 0x02, 0xFA, 0xF3,
    0x01, 0xFA, 0x56, 0x01, 0xFA, 0x56, 0x01, 0xFA, 0x95, 0x01, 0xFA, 0xD4,
    0x01, 0xFA, 0x17, 0x01, 0xF9, 0xF8, 0x01, 0xFA, 0x37, 0x00, 0xF8, 0x1F,
    0x00, 0xF8, 0x1F, 0x00, 0xF8, 0x1F, 0x00, 0xF8, 0x1F, 0x00, 0x00, 0x00,
    0x00, 0x00, 0x00, 0x00, 0x00, 0x00, 0x00, 0x00, 0x00, 0x00, 0x00, 0x00,
    0x00, 0x00, 0x00, 0x00, 0x00, 0x00, 0x00, 0x00, 0x00, 0x00, 0x00, 0x00,
    0x00, 0x00, 0x00, 0x00, 0x00, 0x00, 0x00, 0x00, 0x00, 0x00, 0x00, 0x00,
    0x00, 0x00, 0x00, 0x00, 0x00, 0x00, 0x00, 0x00, 0x00, 0x00, 0x00, 0x00,
    0x00, 0x00, 0x00, 0x00, 0x00, 0x00, 0x00, 0x00, 0x00, 0x00, 0x00, 0x00,
    0x00, 0x00, 0x00, 0x00, 0x00, 0x00, 0x00, 0x00, 0x00, 0x00, 0x00, 0x00,
    0x00, 0x00, 0x00, 0x00, 0x00, 0x00, 0x00, 0x00, 0x00, 0x00, 0x00, 0x00,
    0x00, 0x00, 0x00, 0x00, 0x00, 0x00, 0x00, 0x00, 0x00, 0x00, 0x00, 0x00,
    0x00, 0x00, 0x00, 0x00, 0x00, 0x00, 0x00, 0x00, 0x00, 0x00, 0x00, 0x00,
    0x00, 0x00, 0x00, 0x00, 0x00, 0x00, 0x00, 0x00, 0x00, 0x00, 0x00, 0x00,
    0x00, 0x00, 0x00, 0x00, 0x00, 0x00, 0x00, 0x00, 0x00, 0x00, 0x00, 0x00,
    0x00, 0x00, 0x00, 0x00, 0x00, 0x00, 0x00, 0x00, 0x00, 0x00, 0x00, 0x00,
    0x00, 0x00, 0x00, 0x00, 0x00, 0x00, 0x00, 0x00, 0x00, 0x00, 0x00, 0x00,
    0x00, 0x00, 0x00, 0x00, 0x00, 0x00, 0x00, 0x00, 0x00, 0x00, 0x00, 0x00,
    0x00, 0x00, 0x00, 0x00, 0x00, 0x00, 0x00, 0x00, 0x00, 0x00, 0x00, 0x00,
    0x00, 0x00, 0x00, 0x00, 0x00, 0x00, 0x00, 0x00, 0x00, 0x00, 0x00, 0x00,
    0x00, 0x00, 0x00, 0x00, 0x00, 0x00, 0x00, 0x00, 0x00, 0x00, 0x00, 0x00,
    0x00, 0x00, 0x00, 0x00, 0x00, 0x00, 0x00, 0x00, 0x00, 0x00, 0x00, 0x00,
    0x00, 0x00, 0x00, 0x00, 0x00, 0x00, 0x00, 0x00, 0x00, 0x00, 0x00, 0x00,
    0x00, 0x00, 0x00, 0x00, 0x00, 0x00, 0x00, 0x00, 0x00, 0x00, 0x00, 0x00,
    0x00, 0x00, 0x00, 0x00, 0x00, 0x00, 0x00, 0x00, 0x00, 0x00, 0x00, 0x00,
    0x00, 0x00, 0x00, 0x00, 0x00, 0x00, 0x00, 0x00, 0x00, 0x00, 0x00, 0x00,
    0x00, 0x00, 0x00, 0x00, 0x00, 0x00, 0x00, 0x00, 0x00, 0x00, 0x00, 0x00,
    0x00, 0x00, 0x00, 0x00, 0x00, 0x00, 0x00, 0x00, 0x00, 0x00, 0x00, 0x00,
    0x00, 0x00, 0x00, 0x00, 0x00, 0x00, 0x00, 0x00, 0x00, 0x00, 0x00, 0x00,
    0x00, 0x00, 0x00, 0x00, 0x00, 0x00, 0x00, 0x00, 0x00, 0x00, 0x00, 0x00,
    0x00, 0x00, 0x00, 0x00, 0x00, 0x00, 0x00, 0x00, 0x00, 0x00, 0x00, 0x00,
    0x00, 0x00, 0x00, 0x00, 0x00, 0x00, 0x00, 0x00, 0x00, 0x00, 0x00, 0x00,
    0x00, 0x00, 0x00, 0x00, 0x00, 0x00, 0x00, 0x00, 0x00, 0x00, 0x00, 0x00,
    0x00, 0x00, 0x00, 0x00, 0x00, 0x00, 0x00, 0x00, 0x00, 0x00, 0x00, 0x00,
    0x00, 0x00, 0x00, 0x00, 0x00, 0x00, 0x00, 0x00, 0x00, 0x00, 0x00, 0x00,
    0x00, 0x00, 0x00, 0x00, 0x00, 0x00, 0x00, 0x00, 0x00, 0x00, 0x00, 0x00,
    0x00, 0x00, 0x00, 0x00, 0x00, 0x00, 0x00, 0x00, 0x00, 0x00, 0x00, 0x00,
    0x00, 0x00, 0x00, 0x00, 0x00, 0x00, 0x00, 0x00, 0x00, 0x00, 0x00, 0x00,
    0x00, 0x00, 0x00, 0x00, 0x00, 0x00, 0x00, 0x00, 0x00, 0x00, 0x00, 0x00,
    0x00, 0x00, 0x00, 0x00, 0x00, 0x00, 0x00, 0x00, 0x00, 0x00, 0x00, 0x00,
    0x00, 0x00, 0x00, 0x00, 0x00, 0x00, 0x00, 0x00, 0x00, 0x00, 0x00, 0x00,
    0x00, 0x00, 0x00, 0x00, 0x00, 0x00, 0x00, 0x00, 0x00, 0x00, 0x00, 0x00,
    0x00, 0x00, 0x00, 0x00, 0x00, 0x00, 0x00, 0x00, 0x00, 0x00, 0x00, 0x00,
    0x00, 0x00, 0x00, 0x00, 0x00, 0x00, 0x00, 0x00, 0x00, 0x00, 0x00, 0x00,
    0x00, 0x00, 0x00, 0x00, 0x00, 0x00, 0x00, 0x00, 0x00, 0x00, 0x00, 0x00,
    0x00, 0x00, 0x00, 0x00, 0x00, 0x00, 0x00, 0x00, 0x00, 0x00, 0x00, 0x00,
    0x00, 0x00, 0x00, 0x00, 0x00, 0x00, 0x00, 0x00, 0x00, 0x00, 0x00, 0x00,
    0x00, 0x00, 0x00, 0x00, 0x00, 0x00, 0x00, 0x00, 0x00, 0x00, 0x00, 0x00,
    0x00, 0x00, 0x00, 0x00, 0x00, 0x00, 0x00, 0x00, 0x00, 0x00, 0x00, 0x00,
    0x00, 0x00, 0x00, 0x00, 0x00, 0x00, 0x00, 0x00, 0x00, 0x00, 0x00, 0x00,
    0x00, 0x00, 0x00, 0x00, 0x00, 0x00, 
};

/* demo_mapIn_a8_indexqoimask_be_48x48.bin (916 bytes) */
const unsigned char demo_mapin_a8_indexqoimask_be_48x48[916] =
{
    0x00, 0x6B, 0x00, 0x30, 0x00, 0x30, 0x02, 0x00, 0x30, 0x00, 0x00, 0x00,
    0x00, 0x00, 0x02, 0x00, 0x0E, 0x00, 0x1A, 0x00, 0x23, 0x00, 0x2C, 0x00,
    0x34, 0x00, 0x48, 0x00, 0x5A, 0x00, 0x69, 0x00, 0x79, 0x00, 0x88, 0x00,
    0x97, 0x00, 0xAF, 0x00, 0xC5, 0x00, 0xD9, 0x00, 0xEE, 0x01, 0x08, 0x01,
    0x21, 0x01, 0x3B, 0x01, 0x55, 0x01, 0x6E, 0x01, 0x86, 0x01, 0xA0, 0x01,
    0xBA, 0x01, 0xD5, 0x01, 0xED, 0x02, 0x02, 0x02, 0x18, 0x02, 0x2E, 0x02,
    0x46, 0x02, 0x54, 0x02, 0x62, 0x02, 0x71, 0x02, 0x7F, 0x02, 0x8F, 0x02,
    0x9E, 0x02, 0xAD, 0x02, 0xBD, 0x02, 0xCC, 0x02, 0xDB, 0x02, 0xE8, 0x02,
    0xF4, 0x02, 0xFC, 0x03, 0x04, 0x03, 0x0E, 0x03, 0x18, 0x00, 0x00, 0x08,
    0x3F, 0x00, 0x2F, 0x10, 0x37, 0x18, 0x08, 0x27, 0x00, 0xEE, 0x00, 0xD2,
    0xA8, 0xA8, 0xA8, 0xA7, 0x99, 0xC0, 0x98, 0xC0, 0x90, 0xD2, 0x00, 0xCE,
    0xA8, 0xA8, 0xAF, 0x00, 0xC7, 0x98, 0x90, 0x91, 0x88, 0xCF, 0x00, 0xCD,
    0xBF, 0x00, 0xCD, 0x98, 0x88, 0x81, 0xCD, 0x00, 0xCB, 0xBF, 0x00, 0xD1,
    0x98, 0x88, 0x81, 0xCB, 0x00, 0xCA, 0x02, 0xB0, 0xD4, 0x80, 0x81, 0xCA,
    0x00, 0xC8, 0xA8, 0x02, 0xB0, 0xC6, 0x98, 0x90, 0x98, 0xC0, 0x99, 0xA7,
    0xA8, 0xA8, 0xB0, 0xC6, 0x98, 0x06, 0x98, 0xC8, 0x00, 0xC7, 0xA8, 0x00,
    0xC5, 0x98, 0x88, 0x89, 0x98, 0xC6, 0xA8, 0xB7, 0x00, 0xC5, 0x98, 0x06,
    0x98, 0xC7, 0x00, 0xC7, 0x02, 0xB0, 0xC4, 0x80, 0x81, 0xCB, 0xA8, 0xB7,
    0x00, 0xC4, 0x98, 0x01, 0xC7, 0x00, 0xC6, 0x02, 0xB0, 0xC3, 0x98, 0x03,
    0x90, 0xCE, 0xA8, 0x04, 0xA8, 0xC3, 0x88, 0x01, 0xC6, 0x00, 0xC5, 0xB8,
    0x00, 0xC3, 0x90, 0x01, 0xD1, 0xA8, 0x02, 0xB0, 0xC3, 0x05, 0x88, 0xC5,
    0x00, 0xC5, 0x04, 0xA8, 0xC2, 0x98, 0x01, 0xD3, 0xA8, 0x04, 0xA8, 0xC2,
    0x98, 0x01, 0xC5, 0x00, 0xC4, 0xB8, 0x00, 0xC3, 0x03, 0x90, 0xC5, 0xA8,
    0xB7, 0xB8, 0xA8, 0x98, 0xC0, 0x90, 0x89, 0x90, 0xC5, 0xA8, 0x00, 0xC3,
    0x05, 0x88, 0xC4, 0x00, 0xC4, 0x04, 0xA8, 0xC2, 0x80, 0x81, 0xC4, 0xA8,
    0x02, 0xB0, 0xC6, 0x98, 0x06, 0x98, 0xC4, 0xB8, 0x00, 0xC2, 0x98, 0x01,
    0xC4, 0x00, 0xC3, 0xB8, 0x00, 0xC3, 0x01, 0xC4, 0xB0, 0x00, 0xC9, 0x98,
    0x03, 0x90, 0xC3, 0xA8, 0x00, 0xC3, 0x03, 0x90, 0xC3, 0x00, 0xC3, 0x07,
    0xB8, 0xC2, 0x05, 0x88, 0xC3, 0xA8, 0x00, 0xCB, 0x98, 0x06, 0x98, 0xC3,
    0xB8, 0x00, 0xC2, 0x88, 0x01, 0xC3, 0x00, 0xC3, 0x04, 0xA8, 0xC2, 0x06,
    0x98, 0xC3, 0x02, 0xB0, 0xC3, 0x98, 0x88, 0xA8, 0xA8, 0xB0, 0xC3, 0x90,
    0x01, 0xC3, 0xA8, 0x00, 0xC2, 0x98, 0x01, 0xC3, 0x00, 0xC2, 0xA8, 0x00,
    0xC3, 0x01, 0xC3, 0xB0, 0x00, 0xC3, 0x80, 0x81, 0xC2, 0xBF, 0x00, 0xC3,
    0x03, 0x90, 0xC3, 0x02, 0xB0, 0xC2, 0x03, 0x90, 0xC2, 0x00, 0xC2, 0xB0,
    0x00, 0xC2, 0x88, 0x01, 0xC3, 0x07, 0xB8, 0xC2, 0x03, 0x90, 0xC4, 0xB8,
    0x00, 0xC2, 0x88, 0x01, 0xC3, 0x07, 0xB8, 0xC2, 0x03, 0x90, 0xC2, 0x00,
    0xC2, 0xB8, 0x00, 0xC2, 0x80, 0x81, 0xC3, 0x04, 0xA8, 0xC1, 0x98, 0x01,
    0xC6, 0x02, 0xB0, 0xC1, 0x98, 0x01, 0xC3, 0xBF, 0x00, 0xC2, 0x05, 0x88,
    0xC2, 0x00, 0xC2, 0xB8, 0x00, 0xC2, 0x05, 0x88, 0xC3, 0x00, 0xC2, 0x88,
    0x01, 0xC6, 0xBF, 0x00, 0xC1, 0x98, 0x01, 0xC3, 0xBF, 0x00, 0xC2, 0x80,
    0x81, 0xC2, 0x00, 0xC2, 0xBF, 0x00, 0xC2, 0x80, 0x81, 0xC3, 0x00, 0xC2,
    0x80, 0x81, 0xC6, 0x07, 0xB8, 0xC2, 0x01, 0xC3, 0xB8, 0x00, 0xC2, 0x80,
    0x81, 0xC2, 0x00, 0xC2, 0xB8, 0x00, 0xC2, 0x80, 0x81, 0xC3, 0x02, 0xB0,
    0xC1, 0x90, 0x01, 0xC6, 0x04, 0xA8, 0xC1, 0x98, 0x01, 0xC3, 0xBF, 0x00,
    0xC2, 0x05, 0x88, 0xC2, 0x00, 0xC2, 0xB0, 0x00, 0xC2, 0x90, 0x01, 0xC3,
    0x07, 0xB8, 0xC2, 0x05, 0x88, 0xC4, 0xB8, 0x00, 0xC2, 0x88, 0x01, 0xC3,
    0x07, 0xB8, 0xC2, 0x05, 0x88, 0xC2, 0x00, 0xC2, 0xB0, 0x00, 0xC2, 0x90,
    0x01, 0xC3, 0xB0, 0x00, 0xC2, 0x98, 0x88, 0x81, 0xC2, 0xB8, 0x00, 0xC3,
    0x03, 0x90, 0xC3, 0x02, 0xB0, 0xC2, 0x06, 0x98, 0xC2, 0x00, 0xC2, 0xA8,
    0x00, 0xC2, 0x98, 0x01, 0xC4, 0x02, 0xB0, 0xC3, 0x98, 0x90, 0x98, 0xB8,
    0xA8, 0xC3, 0x90, 0x01, 0xC4, 0x00, 0xC3, 0x01, 0xC3, 0x00, 0xC3, 0x02,
    0xB0, 0xC2, 0x05, 0x88, 0xC3, 0xA8, 0x04, 0xA8, 0xCB, 0x03, 0x90, 0xC3,
    0xB8, 0x00, 0xC2, 0x88, 0x01, 0xC3, 0x00, 0xC3, 0xBF, 0x00, 0xC2, 0x90,
    0x01, 0xC4, 0xA8, 0x04, 0xA8, 0xC8, 0x98, 0x03, 0x90, 0xC4, 0x02, 0xB0,
    0xC2, 0x80, 0x81, 0xC3, 0x00, 0xC3, 0xA8, 0x00, 0xC3, 0x03, 0x90, 0xC4,
    0xA8, 0x02, 0xB0, 0xC6, 0x98, 0x06, 0x98, 0xC4, 0xB0, 0x00, 0xC3, 0x06,
    0x98, 0xC3, 0x00, 0xC4, 0x02, 0xB0, 0xC2, 0x98, 0x01, 0xC6, 0xA8, 0xBF,
    0xA8, 0xB0, 0xC0, 0x98, 0x88, 0x91, 0x90, 0xC6, 0x04, 0xA8, 0xC2, 0x88,
    0x01, 0xC4, 0x00, 0xC4, 0xB0, 0x00, 0xC3, 0x88, 0x01, 0xD4, 0x02, 0xB0,
    0xC3, 0x03, 0x90, 0xC4, 0x00, 0xC5, 0x07, 0xB8, 0xC3, 0x80, 0x81, 0xD2,
    0x07, 0xB8, 0xC3, 0x88, 0x01, 0xC5, 0x00, 0xC5, 0xA8, 0x04, 0xA8, 0xC3,
    0x80, 0x81, 0xD0, 0x07, 0xB8, 0xC3, 0x98, 0x01, 0xC6, 0x00, 0xC6, 0xA8,
    0x00, 0xC4, 0x88, 0x01, 0xCE, 0x02, 0xB0, 0xC4, 0x03, 0x90, 0xC6, 0x00,
    0xC7, 0xB8, 0x00, 0xC4, 0x98, 0x06, 0x98, 0xCA, 0xA8, 0x02, 0xB0, 0xC4,
    0x03, 0x90, 0xC7, 0x00, 0xC8, 0xBF, 0x00, 0xC4, 0x98, 0x81, 0x88, 0xC8,
    0xB0, 0x00, 0xC5, 0x05, 0x88, 0xC8, 0x00, 0xC9, 0xB8, 0x00, 0xC4, 0x98,
    0x88, 0x81, 0xC6, 0xB8, 0x00, 0xC5, 0x03, 0x90, 0xC9, 0x00, 0xCA, 0xA8,
    0x04, 0xA8, 0xC4, 0x80, 0x81, 0xC4, 0x07, 0xB8, 0xC4, 0x98, 0x03, 0x90,
    0xCA, 0x00, 0xCB, 0xA8, 0x04, 0xA8, 0xC4, 0x88, 0x01, 0xC2, 0x02, 0xB0,
    0xC4, 0x98, 0x01, 0xCC, 0x00, 0xCC, 0xA8, 0xB7, 0x00, 0xC4, 0x05, 0x88,
    0xC0, 0xBF, 0x00, 0xC4, 0x88, 0x01, 0xCD, 0x00, 0xCE, 0xBF, 0x00, 0xC3,
    0x98, 0x06, 0xA8, 0x00, 0xC4, 0x05, 0x88, 0xCE, 0x00, 0xCF, 0xA8, 0x00,
    0xC3, 0x98, 0x98, 0xB0, 0xC3, 0x03, 0x90, 0xCF, 0x00, 0xD0, 0xB8, 0x00,
    0xC8, 0x05, 0x88, 0xD0, 0x00, 0xD1, 0x02, 0xB0, 0xC6, 0x90, 0x01, 0xD1,
    0x00, 0xD1, 0xA8, 0x04, 0xA8, 0xC4, 0x98, 0x06, 0x98, 0xD1, 0x00, 0xD2,
    0xA8, 0x02, 0xB0, 0xC2, 0x98, 0x03, 0x90, 0xD2, 0x00, 0xD4, 0xB0, 0xA8,
    0xA7, 0x91, 0x90, 0xD4, 
};

/* demo_picture_a8_indexqoimask_be_48x48.bin (767 bytes) */
const unsigned char demo_picture_a8_indexqoimask_be_48x48[767] =
{
    0x00, 0x6B, 0x00, 0x30, 0x00, 0x30, 0x02, 0x00, 0x30, 0x00, 0x00, 0x00,
    0x00, 0x00, 0x00, 0x00, 0x00, 0x00, 0x00, 0x00, 0x02, 0x00, 0x0B, 0x00,
    0x15, 0x00, 0x1E, 0x00, 0x27, 0x00, 0x2F, 0x00, 0x40, 0x00, 0x4D, 0x00,
    0x5B, 0x00, 0x69, 0x00, 0x7C, 0x00, 0x8E, 0x00, 0xA0, 0x00, 0xB2, 0x00,
    0xC4, 0x00, 0xD6, 0x00, 0xE8, 0x00, 0xFA, 0x01, 0x14, 0x01, 0x2D, 0x01,
    0x40, 0x01, 0x52, 0x01, 0x6C, 0x01, 0x89, 0x01, 0xA3, 0x01, 0xB9, 0x01,
    0xC7, 0x01, 0xDC, 0x01, 0xF2, 0x02, 0x07, 0x02, 0x1B, 0x02, 0x2B, 0x02,
    0x39, 0x02, 0x47, 0x02, 0x55, 0x02, 0x66, 0x02, 0x6F, 0x02, 0x77, 0x00,
    0x0B, 0x02, 0x81, 0x00, 0x00, 0x00, 0x00, 0x00, 0x00, 0x00, 0x00, 0x08,
    0x3F, 0x00, 0x10, 0x08, 0x37, 0x2F, 0x18, 0x27, 0x00, 0xEE, 0x00, 0xC9,
    0xA8, 0xB7, 0xD5, 0x99, 0x98, 0x90, 0xC9, 0x00, 0xC6, 0xA8, 0xB7, 0x00,
    0xD9, 0x98, 0x88, 0x81, 0xC7, 0x00, 0xC5, 0xA8, 0x00, 0xDD, 0x98, 0x03,
    0x98, 0xC5, 0x00, 0xC4, 0xB0, 0x00, 0xDF, 0x98, 0x02, 0x90, 0xC4, 0x00,
    0xC4, 0x04, 0xA8, 0xE0, 0x98, 0x01, 0xC4, 0x00, 0xC3, 0xBF, 0x00, 0xC3,
    0x80, 0x91, 0x90, 0xD3, 0xA8, 0xC0, 0xB7, 0x00, 0xC3, 0x88, 0x01, 0xC3,
    0x00, 0xC3, 0x00, 0xC3, 0x02, 0x90, 0xD8, 0xA8, 0x00, 0xC2, 0x98, 0x01,
    0xC3, 0x00, 0xC2, 0xB8, 0x00, 0xC2, 0x80, 0x81, 0xDA, 0xBF, 0x00, 0xC2,
    0x02, 0x90, 0xC2, 0x00, 0xC2, 0xB8, 0x00, 0xC2, 0x03, 0x98, 0xDA, 0xA8,
    0x00, 0xC2, 0x06, 0x88, 0xC2, 0x00, 0xC2, 0xBF, 0x00, 0xC2, 0x01, 0xC5,
    0xA8, 0xB7, 0x99, 0x98, 0x90, 0xD0, 0xA8, 0x00, 0xC2, 0x80, 0x81, 0xC2,
    0x00, 0xC2, 0xBF, 0x00, 0xC2, 0x01, 0xC4, 0xBF, 0x00, 0xC2, 0x80, 0x81,
    0xD0, 0x00, 0xC2, 0x80, 0x81, 0xC2, 0x00, 0xC2, 0xBF, 0x00, 0xC2, 0x01,
    0xC3, 0x05, 0xB0, 0xC4, 0x88, 0x01, 0xCF, 0x00, 0xC2, 0x80, 0x81, 0xC2,
    0x00, 0xC2, 0xBF, 0x00, 0xC2, 0x01, 0xC2, 0xA8, 0x00, 0xC6, 0x02, 0x90,
    0xCE, 0x00, 0xC2, 0x80, 0x81, 0xC2, 0x00, 0xC2, 0xBF, 0x00, 0xC2, 0x01,
    0xC2, 0xB8, 0x00, 0xC6, 0x80, 0x81, 0xCE, 0x00, 0xC2, 0x80, 0x81, 0xC2,
    0x00, 0xC2, 0xBF, 0x00, 0xC2, 0x01, 0xC2, 0xBF, 0x00, 0xC6, 0x06, 0x88,
    0xCE, 0x00, 0xC2, 0x80, 0x81, 0xC2, 0x00, 0xC2, 0xBF, 0x00, 0xC2, 0x01,
    0xC2, 0xB0, 0x00, 0xC6, 0x03, 0x98, 0xCE, 0x00, 0xC2, 0x80, 0x81, 0xC2,
    0x00, 0xC2, 0xBF, 0x00, 0xC2, 0x01, 0xC3, 0x07, 0xB8, 0xC4, 0x88, 0x01,
    0xCF, 0x00, 0xC2, 0x80, 0x81, 0xC2, 0x00, 0xC2, 0xBF, 0x00, 0xC2, 0x01,
    0xC3, 0xA8, 0xB7, 0x00, 0xC2, 0x88, 0x01, 0xC6, 0xB8, 0xA7, 0xB0, 0x98,
    0x91, 0x88, 0xC3, 0x00, 0xC2, 0x80, 0x81, 0xC2, 0x00, 0xC2, 0xBF, 0x00,
    0xC2, 0x01, 0xC5, 0xA8, 0xB0, 0xA7, 0x89, 0x98, 0xC5, 0xA8, 0x05, 0xB0,
    0xC3, 0x88, 0x01, 0xC2, 0x00, 0xC2, 0x80, 0x81, 0xC2, 0x00, 0xC2, 0xBF,
    0x00, 0xC2, 0x01, 0xCF, 0xB0, 0x00, 0xC6, 0x98, 0x03, 0x98, 0xC0, 0x00,
    0xC2, 0x80, 0x81, 0xC2, 0x00, 0xC2, 0xBF, 0x00, 0xC2, 0x01, 0xCE, 0xB0,
    0x00, 0xC8, 0x98, 0x03, 0x98, 0x00, 0xC2, 0x80, 0x81, 0xC2, 0x00, 0xC2,
    0xBF, 0x00, 0xC2, 0x01, 0xC2, 0xA8, 0xB7, 0x99, 0x98, 0x90, 0xC5, 0xBF,
    0x00, 0xC4, 0x98, 0xA8, 0xC3, 0x98, 0x03, 0x00, 0xC2, 0x80, 0x81, 0xC2,
    0x00, 0xC2, 0xBF, 0x00, 0xC2, 0x01, 0xC0, 0xB0, 0x04, 0xA8, 0xC2, 0x98,
    0x03, 0x98, 0xC2, 0x07, 0xB8, 0xC4, 0x02, 0x90, 0xBF, 0x00, 0xC3, 0x98,
    0xA8, 0xC2, 0x80, 0x81, 0xC2, 0x00, 0xC2, 0xBF, 0x00, 0xC2, 0x01, 0xBF,
    0x00, 0xC5, 0x98, 0x88, 0x81, 0xC0, 0x05, 0xB0, 0xC3, 0x98, 0x02, 0x90,
    0xC1, 0xBF, 0x00, 0xC7, 0x80, 0x81, 0xC2, 0x00, 0xC2, 0xBF, 0x00, 0xC2,
    0x90, 0xB0, 0xC8, 0x90, 0xC0, 0xB0, 0xC3, 0x98, 0x03, 0x98, 0xC3, 0xB8,
    0x00, 0xC6, 0x80, 0x81, 0xC2, 0x00, 0xC2, 0xBF, 0x00, 0xD3, 0x90, 0x01,
    0xC6, 0xA8, 0x00, 0xC5, 0x80, 0x81, 0xC2, 0x00, 0xC2, 0xBF, 0x00, 0xC6,
    0x98, 0x81, 0x90, 0x04, 0xA8, 0xC6, 0x88, 0x01, 0xC8, 0xA8, 0x04, 0xA8,
    0xC3, 0x80, 0x81, 0xC2, 0x00, 0xC2, 0xBF, 0x00, 0xC5, 0x88, 0x01, 0xC1,
    0xA8, 0xB7, 0x00, 0xC4, 0x80, 0x81, 0xCA, 0xA8, 0x04, 0xA8, 0xC2, 0x80,
    0x81, 0xC2, 0x00, 0xC2, 0xBF, 0x00, 0xC3, 0x98, 0x02, 0x90, 0xC4, 0xBF,
    0x00, 0xC2, 0x02, 0x90, 0xCC, 0xA8, 0x00, 0xC2, 0x80, 0x81, 0xC2, 0x00,
    0xC2, 0xBF, 0x00, 0xC2, 0x90, 0x03, 0x98, 0xC6, 0xA8, 0x04, 0xC0, 0x02,
    0x90, 0xCE, 0x00, 0xC2, 0x80, 0x81, 0xC2, 0x00, 0xC2, 0xBF, 0x00, 0xC2,
    0x01, 0xC9, 0xA8, 0xC0, 0x98, 0xCF, 0x00, 0xC2, 0x80, 0x81, 0xC2, 0x00,
    0xC2, 0xB8, 0x00, 0xC2, 0x02, 0x90, 0xDA, 0xB0, 0x00, 0xC2, 0x06, 0x88,
    0xC2, 0x00, 0xC2, 0xB0, 0x00, 0xC2, 0x88, 0x01, 0xDA, 0xBF, 0x00, 0xC2,
    0x02, 0x90, 0xC2, 0x00, 0xC2, 0xA8, 0x00, 0xC2, 0x98, 0x81, 0x88, 0xD8,
    0xB0, 0x00, 0xC3, 0x01, 0xC3, 0x00, 0xC3, 0xB8, 0x00, 0xC2, 0x98, 0x88,
    0x91, 0x90, 0xD4, 0xA8, 0xB7, 0x00, 0xC3, 0x80, 0x81, 0xC3, 0x00, 0xC3,
    0xA8, 0x04, 0xA8, 0xE0, 0x98, 0x01, 0xC4, 0x00, 0xC4, 0xA8, 0x00, 0xE0,
    0x02, 0x90, 0xC4, 0x00, 0xC5, 0xA8, 0x04, 0xA8, 0xDC, 0x98, 0x02, 0x90,
    0xC5, 0x00, 0xC8, 0xA8, 0xA8, 0xA8, 0xA7, 0xD5, 0x91, 0x90, 0xC9, 
};

/* demo_powerDrill_a8_indexqoimask_be_48x48.bin (482 bytes) */
const unsigned char demo_powerdrill_a8_indexqoimask_be_48x48[482] =
{
    0x00, 0x6B, 0x00, 0x30, 0x00, 0x30, 0x02, 0x00, 0x30, 0x00, 0x00, 0x00,
    0x00, 0x00, 0x00, 0x00, 0x00, 0x00, 0x00, 0x00, 0x00, 0x00, 0x00, 0x00,
    0x00, 0x00, 0x00, 0x00, 0x02, 0x00, 0x0D, 0x00, 0x16, 0x00, 0x24, 0x00,
    0x34, 0x00, 0x41, 0x00, 0x56, 0x00, 0x6C, 0x00, 0x7D, 0x00, 0x8E, 0x00,
    0xA3, 0x00, 0xB9, 0x00, 0xC5, 0x00, 0xD4, 0x00, 0xE7, 0x00, 0xF7, 0x01,
    0x0A, 0x01, 0x0A, 0x01, 0x0A, 0x01, 0x0A, 0x01, 0x16, 0x01, 0x25, 0x01,
    0x2D, 0x01, 0x39, 0x01, 0x45, 0x01, 0x51, 0x01, 0x5D, 0x01, 0x65, 0x00,
    0x00, 0x00, 0x00, 0x00, 0x00, 0x00, 0x00, 0x00, 0x00, 0x00, 0x00, 0x00,
    0x00, 0x00, 0x00, 0x00, 0x00, 0x00, 0x00, 0x00, 0x00, 0x00, 0x00, 0x08,
    0x3F, 0x00, 0x10, 0x2F, 0x27, 0x18, 0x08, 0x37, 0x00, 0xEE, 0x00, 0xC8,
    0xA8, 0xB0, 0xA7, 0xA8, 0xCC, 0x91, 0x90, 0x98, 0xD1, 0x00, 0xC7, 0xBF,
    0x00, 0xD0, 0x98, 0x02, 0x90, 0xD0, 0x00, 0xC6, 0x03, 0xB0, 0xC0, 0x88,
    0x98, 0x99, 0xCC, 0xAF, 0xB8, 0x90, 0x01, 0xD0, 0x00, 0xC5, 0xB8, 0x00,
    0x98, 0x02, 0x90, 0xCE, 0xA8, 0x00, 0x98, 0x81, 0xC1, 0x98, 0x90, 0xCC,
    0x00, 0xC5, 0x07, 0xA8, 0x02, 0x90, 0xD0, 0x00, 0xC4, 0x98, 0x06, 0x98,
    0xCA, 0x00, 0xC5, 0x00, 0xC0, 0x01, 0xC2, 0x03, 0xB0, 0xC7, 0x80, 0x81,
    0xC2, 0x00, 0xC0, 0x88, 0xC1, 0xB0, 0xA8, 0x88, 0x01, 0xCA, 0x00, 0xC4,
    0xB0, 0x00, 0x90, 0x01, 0xC2, 0xBF, 0xB0, 0xC7, 0x89, 0x88, 0xC2, 0x00,
    0xC0, 0x01, 0xC1, 0xA8, 0x00, 0x98, 0x01, 0xCA, 0x00, 0xC4, 0xB0, 0x00,
    0x90, 0x01, 0xD1, 0x00, 0xC0, 0x01, 0xC2, 0x00, 0xC3, 0x98, 0x02, 0x90,
    0xC5, 0x00, 0xC4, 0xB0, 0x00, 0x90, 0x01, 0xD1, 0x00, 0xC0, 0x01, 0xC2,
    0x00, 0xC3, 0x98, 0x06, 0x98, 0xC5, 0x00, 0xC4, 0xB0, 0x00, 0x90, 0x01,
    0xC2, 0xBF, 0xB0, 0xC7, 0x90, 0x81, 0xC2, 0x00, 0xC0, 0x01, 0xC2, 0x00,
    0xC0, 0x01, 0xCA, 0x00, 0xC4, 0xA8, 0x00, 0x98, 0x01, 0xC2, 0x04, 0xB8,
    0xC7, 0x88, 0x01, 0xC2, 0x00, 0xC0, 0x88, 0xC1, 0xB8, 0xC0, 0x88, 0x01,
    0xCA, 0x00, 0xC5, 0x03, 0xB0, 0x02, 0x90, 0xD0, 0x00, 0xC4, 0x98, 0x01,
    0xCB, 0x00, 0xC5, 0xB8, 0x00, 0x98, 0x06, 0x98, 0xCF, 0x00, 0xC0, 0x05,
    0xC1, 0x98, 0x90, 0xCC, 0x00, 0xC6, 0x03, 0xB0, 0x98, 0x90, 0x91, 0xC2,
    0x90, 0x98, 0xC1, 0xB0, 0xA8, 0xC4, 0xB7, 0xB0, 0x88, 0x01, 0xD0, 0x00,
    0xC6, 0xA8, 0xB7, 0x00, 0xC4, 0x05, 0x88, 0xC1, 0x04, 0xB8, 0xC5, 0x98,
    0x02, 0x90, 0xD0, 0x00, 0xC8, 0xA8, 0xB0, 0xAF, 0xC0, 0xB0, 0xA8, 0x05,
    0x88, 0xC1, 0x04, 0xB8, 0x90, 0x98, 0xC2, 0x98, 0x81, 0xD2, 0x00, 0xCC,
    0x04, 0xB8, 0x05, 0x88, 0xC1, 0x04, 0xB8, 0x05, 0x88, 0xD7, 0x00, 0xCA,
    0xA8, 0xB7, 0xB0, 0xB0, 0x90, 0x90, 0xC1, 0xB0, 0xB0, 0x90, 0x89, 0x88,
    0xD6, 0x00, 0xC9, 0xB0, 0x00, 0xCA, 0x98, 0x01, 0xD5, 0x00, 0xC9, 0x03,
    0xB0, 0x98, 0x88, 0xC7, 0xB8, 0xA8, 0x80, 0x81, 0xD4, 0x00, 0xC9, 0x07,
    0xA8, 0x06, 0x98, 0xC7, 0xB8, 0x00, 0x88, 0x01, 0xD4, 0x00, 0xC9, 0x07,
    0xA8, 0x02, 0x90, 0xC7, 0xB8, 0x00, 0x88, 0x01, 0xD4, 0x00, 0xC9, 0x03,
    0xB0, 0x90, 0x89, 0xC7, 0xB7, 0xB0, 0x80, 0x81, 0xD4, 0x00, 0xC9, 0xB0,
    0x00, 0xCB, 0x06, 0x98, 0xD4, 0x00, 0xCA, 0xA8, 0xB7, 0xA8, 0xC7, 0x98,
    0x81, 0xD6, 
};

/* demo_powerDrill_a8_raw_be_48x48.bin (2310 bytes) */
const unsigned char demo_powerdrill_a8_raw_be_48x48[2310] =
{
    0x00, 0x0B, 0x00, 0x30, 0x00, 0x30, 0x00, 0x00, 0x00, 0x00, 0x00, 0x00,
    0x00, 0x00, 0x00, 0x00, 0x00, 0x00, 0x00, 0x00, 0x00, 0x00, 0x00, 0x00,
    0x00, 0x00, 0x00, 0x00, 0x00, 0x00, 0x00, 0x00, 0x00, 0x00, 0x00, 0x00,
    0x00, 0x00, 0x00, 0x00, 0x00, 0x00, 0x00, 0x00, 0x00, 0x00, 0x00, 0x00,
    0x00, 0x00, 0x00, 0x00, 0x00, 0x00, 0x00, 0x00, 0x00, 0x00, 0x00, 0x00,
    0x00, 0x00, 0x00, 0x00, 0x00, 0x00, 0x00, 0x00, 0x00, 0x00, 0x00, 0x00,
    0x00, 0x00, 0x00, 0x00, 0x00, 0x00, 0x00, 0x00, 0x00, 0x00, 0x00, 0x00,
    0x00, 0x00, 0x00, 0x00, 0x00, 0x00, 0x00, 0x00, 0x00, 0x00, 0x00, 0x00,
    0x00, 0x00, 0x00, 0x00, 0x00, 0x00, 0x00, 0x00, 0x00, 0x00, 0x00, 0x00,
    0x00, 0x00, 0x00, 0x00, 0x00, 0x00, 0x00, 0x00, 0x00, 0x00, 0x00, 0x00,
    0x00, 0x00, 0x00, 0x00, 0x00, 0x00, 0x00, 0x00, 0x00, 0x00, 0x00, 0x00,
    0x00, 0x00, 0x00, 0x00, 0x00, 0x00, 0x00, 0x00, 0x00, 0x00, 0x00, 0x00,
    0x00, 0x00, 0x00, 0x00, 0x00, 0x00, 0x00, 0x00, 0x00, 0x00, 0x00, 0x00,
    0x00, 0x00, 0x00, 0x00, 0x00, 0x00, 0x00, 0x00, 0x00, 0x00, 0x00, 0x00,
    0x00, 0x00, 0x00, 0x00, 0x00, 0x00, 0x00, 0x00, 0x00, 0x00, 0x00, 0x00,
    0x00, 0x00, 0x00, 0x00, 0x00, 0x00, 0x00, 0x00, 0x00, 0x00, 0x00, 0x00,
    0x00, 0x00, 0x00, 0x00, 0x00, 0x00, 0x00, 0x00, 0x00, 0x00, 0x00, 0x00,
    0x00, 0x00, 0x00, 0x00, 0x00, 0x00, 0x00, 0x00, 0x00, 0x00, 0x00, 0x00,
    0x00, 0x00, 0x00, 0x00, 0x00, 0x00, 0x00, 0x00, 0x00, 0x00, 0x00, 0x00,
    0x00, 0x00, 0x00, 0x00, 0x00, 0x00, 0x00, 0x00, 0x00, 0x00, 0x00, 0x00,
    0x00, 0x00, 0x00, 0x00, 0x00, 0x00, 0x00, 0x00, 0x00, 0x00, 0x00, 0x00,
    0x00, 0x00, 0x00, 0x00, 0x00, 0x00, 0x00, 0x00, 0x00, 0x00, 0x00, 0x00,
    0x00, 0x00, 0x00, 0x00, 0x00, 0x00, 0x00, 0x00, 0x00, 0x00, 0x00, 0x00,
    0x00, 0x00, 0x00, 0x00, 0x00, 0x00, 0x00, 0x00, 0x00, 0x00, 0x00, 0x00,
    0x00, 0x00, 0x00, 0x00, 0x00, 0x00, 0x00, 0x00, 0x00, 0x00, 0x00, 0x00,
    0x00, 0x00, 0x00, 0x00, 0x00, 0x00, 0x00, 0x00, 0x00, 0x00, 0x00, 0x00,
    0x00, 0x00, 0x00, 0x00, 0x00, 0x00, 0x00, 0x00, 0x00, 0x00, 0x00, 0x00,
    0x00, 0x00, 0x00, 0x00, 0x00, 0x00, 0x00, 0x00, 0x00, 0x00, 0x00, 0x00,
    0x00, 0x00, 0x00, 0x00, 0x00, 0x00, 0x00, 0x00, 0x00, 0x00, 0x00, 0x00,
    0x00, 0x00, 0x00, 0x00, 0x00, 0x00, 0x00, 0x00, 0x00, 0x00, 0x00, 0x00,
    0x00, 0x00, 0x00, 0x00, 0x00, 0x00, 0x00, 0x00, 0x00, 0x00, 0x00, 0x00,
    0x00, 0x00, 0x00, 0x00, 0x00, 0x00, 0x00, 0x00, 0x00, 0x00, 0x00, 0x00,
    0x00, 0x00, 0x00, 0x00, 0x00, 0x00, 0x00, 0x00, 0x00, 0x00, 0x00, 0x00,
    0x00, 0x00, 0x00, 0x00, 0x20, 0x60, 0x7F, 0x9F, 0x9F, 0x9F, 0x9F, 0x9F,
    0x9F, 0x9F, 0x9F, 0x9F, 0x9F, 0x9F, 0x9F, 0x9F, 0x9F, 0x60, 0x20, 0x00,
    0x00, 0x00, 0x00, 0x00, 0x00, 0x00, 0x00, 0x00, 0x00, 0x00, 0x00, 0x00,
    0x00, 0x00, 0x00, 0x00, 0x00, 0x00, 0x00, 0x00, 0x00, 0x00, 0x00, 0x00,
    0x00, 0x00, 0x00, 0x7F, 0xFF, 0xFF, 0xFF, 0xFF, 0xFF, 0xFF, 0xFF, 0xFF,
    0xFF, 0xFF, 0xFF, 0xFF, 0xFF, 0xFF, 0xFF, 0xFF, 0xFF, 0xFF, 0xDF, 0x40,
    0x00, 0x00, 0x00, 0x00, 0x00, 0x00, 0x00, 0x00, 0x00, 0x00, 0x00, 0x00,
    0x00, 0x00, 0x00, 0x00, 0x00, 0x00, 0x00, 0x00, 0x00, 0x00, 0x00, 0x00,
    0x00, 0x00, 0xBF, 0xFF, 0xFF, 0x9F, 0x7F, 0x60, 0x60, 0x60, 0x60, 0x60,
    0x60, 0x60, 0x60, 0x60, 0x60, 0x60, 0x60, 0x60, 0x60, 0x9F, 0xFF, 0xBF,
    0x00, 0x00, 0x00, 0x00, 0x00, 0x00, 0x00, 0x00, 0x00, 0x00, 0x00, 0x00,
    0x00, 0x00, 0x00, 0x00, 0x00, 0x00, 0x00, 0x00, 0x00, 0x00, 0x00, 0x00,
    0x00, 0x60, 0xFF, 0xDF, 0x40, 0x00, 0x00, 0x00, 0x00, 0x00, 0x00, 0x00,
    0x00, 0x00, 0x00, 0x00, 0x00, 0x00, 0x00, 0x00, 0x00, 0x20, 0xFF, 0xDF,
    0x60, 0x60, 0x60, 0x40, 0x00, 0x00, 0x00, 0x00, 0x00, 0x00, 0x00, 0x00,
    0x00, 0x00, 0x00, 0x00, 0x00, 0x00, 0x00, 0x00, 0x00, 0x00, 0x00, 0x00,
    0x00, 0xDF, 0xFF, 0x40, 0x00, 0x00, 0x00, 0x00, 0x00, 0x00, 0x00, 0x00,
    0x00, 0x00, 0x00, 0x00, 0x00, 0x00, 0x00, 0x00, 0x00, 0x00, 0xFF, 0xFF,
    0xFF, 0xFF, 0xFF, 0xFF, 0xDF, 0x20, 0x00, 0x00, 0x00, 0x00, 0x00, 0x00,
    0x00, 0x00, 0x00, 0x00, 0x00, 0x00, 0x00, 0x00, 0x00, 0x00, 0x00, 0x00,
    0x00, 0xFF, 0xFF, 0x00, 0x00, 0x00, 0x00, 0xBF, 0xFF, 0xFF, 0xFF, 0xFF,
    0xFF, 0xFF, 0xFF, 0xFF, 0xFF, 0x7F, 0x00, 0x00, 0x00, 0x00, 0xFF, 0xFF,
    0x9F, 0x9F, 0x9F, 0xDF, 0xFF, 0x9F, 0x00, 0x00, 0x00, 0x00, 0x00, 0x00,
    0x00, 0x00, 0x00, 0x00, 0x00, 0x00, 0x00, 0x00, 0x00, 0x00, 0x00, 0x00,
    0x40, 0xFF, 0xBF, 0x00, 0x00, 0x00, 0x00, 0x7F, 0xBF, 0xBF, 0xBF, 0xBF,
    0xBF, 0xBF, 0xBF, 0xBF, 0xBF, 0x60, 0x00, 0x00, 0x00, 0x00, 0xFF, 0xFF,
    0x00, 0x00, 0x00, 0x20, 0xFF, 0xDF, 0x00, 0x00, 0x00, 0x00, 0x00, 0x00,
    0x00, 0x00, 0x00, 0x00, 0x00, 0x00, 0x00, 0x00, 0x00, 0x00, 0x00, 0x00,
    0x40, 0xFF, 0xBF, 0x00, 0x00, 0x00, 0x00, 0x00, 0x00, 0x00, 0x00, 0x00,
    0x00, 0x00, 0x00, 0x00, 0x00, 0x00, 0x00, 0x00, 0x00, 0x00, 0xFF, 0xFF,
    0x00, 0x00, 0x00, 0x00, 0xFF, 0xFF, 0xFF, 0xFF, 0xFF, 0xDF, 0x40, 0x00,
    0x00, 0x00, 0x00, 0x00, 0x00, 0x00, 0x00, 0x00, 0x00, 0x00, 0x00, 0x00,
    0x40, 0xFF, 0xBF, 0x00, 0x00, 0x00, 0x00, 0x00, 0x00, 0x00, 0x00, 0x00,
    0x00, 0x00, 0x00, 0x00, 0x00, 0x00, 0x00, 0x00, 0x00, 0x00, 0xFF, 0xFF,
    0x00, 0x00, 0x00, 0x00, 0xFF, 0xFF, 0xFF, 0xFF, 0xFF, 0xDF, 0x20, 0x00,
    0x00, 0x00, 0x00, 0x00, 0x00, 0x00, 0x00, 0x00, 0x00, 0x00, 0x00, 0x00,
    0x40, 0xFF, 0xBF, 0x00, 0x00, 0x00, 0x00, 0x7F, 0xBF, 0xBF, 0xBF, 0xBF,
    0xBF, 0xBF, 0xBF, 0xBF, 0xBF, 0x7F, 0x00, 0x00, 0x00, 0x00, 0xFF, 0xFF,
    0x00, 0x00, 0x00, 0x00, 0xFF, 0xFF, 0x00, 0x00, 0x00, 0x00, 0x00, 0x00,
    0x00, 0x00, 0x00, 0x00, 0x00, 0x00, 0x00, 0x00, 0x00, 0x00, 0x00, 0x00,
    0x20, 0xFF, 0xDF, 0x00, 0x00, 0x00, 0x00, 0x9F, 0xFF, 0xFF, 0xFF, 0xFF,
    0xFF, 0xFF, 0xFF, 0xFF, 0xFF, 0x9F, 0x00, 0x00, 0x00, 0x00, 0xFF, 0xFF,
    0x9F, 0x9F, 0x9F, 0xFF, 0xFF, 0x9F, 0x00, 0x00, 0x00, 0x00, 0x00, 0x00,
    0x00, 0x00, 0x00, 0x00, 0x00, 0x00, 0x00, 0x00, 0x00, 0x00, 0x00, 0x00,
    0x00, 0xBF, 0xFF, 0x40, 0x00, 0x00, 0x00, 0x00, 0x00, 0x00, 0x00, 0x00,
    0x00, 0x00, 0x00, 0x00, 0x00, 0x00, 0x00, 0x00, 0x00, 0x00, 0xFF, 0xFF,
    0xFF, 0xFF, 0xFF, 0xFF, 0xDF, 0x00, 0x00, 0x00, 0x00, 0x00, 0x00, 0x00,
    0x00, 0x00, 0x00, 0x00, 0x00, 0x00, 0x00, 0x00, 0x00, 0x00, 0x00, 0x00,
    0x00, 0x60, 0xFF, 0xDF, 0x20, 0x00, 0x00, 0x00, 0x00, 0x00, 0x00, 0x00,
    0x00, 0x00, 0x00, 0x00, 0x00, 0x00, 0x00, 0x00, 0x00, 0x00, 0xFF, 0xFF,
    0x60, 0x60, 0x60, 0x40, 0x00, 0x00, 0x00, 0x00, 0x00, 0x00, 0x00, 0x00,
    0x00, 0x00, 0x00, 0x00, 0x00, 0x00, 0x00, 0x00, 0x00, 0x00, 0x00, 0x00,
    0x00, 0x00, 0xBF, 0xFF, 0xDF, 0x9F, 0x60, 0x60, 0x60, 0x60, 0x20, 0x00,
    0x00, 0x00, 0x40, 0x60, 0x60, 0x60, 0x60, 0x60, 0x60, 0xBF, 0xFF, 0x9F,
    0x00, 0x00, 0x00, 0x00, 0x00, 0x00, 0x00, 0x00, 0x00, 0x00, 0x00, 0x00,
    0x00, 0x00, 0x00, 0x00, 0x00, 0x00, 0x00, 0x00, 0x00, 0x00, 0x00, 0x00,
    0x00, 0x00, 0x20, 0x7F, 0xFF, 0xFF, 0xFF, 0xFF, 0xFF, 0xFF, 0x60, 0x00,
    0x00, 0x00, 0x9F, 0xFF, 0xFF, 0xFF, 0xFF, 0xFF, 0xFF, 0xFF, 0xDF, 0x40,
    0x00, 0x00, 0x00, 0x00, 0x00, 0x00, 0x00, 0x00, 0x00, 0x00, 0x00, 0x00,
    0x00, 0x00, 0x00, 0x00, 0x00, 0x00, 0x00, 0x00, 0x00, 0x00, 0x00, 0x00,
    0x00, 0x00, 0x00, 0x00, 0x20, 0x60, 0x9F, 0x9F, 0xDF, 0xFF, 0x60, 0x00,
    0x00, 0x00, 0x9F, 0xFF, 0xBF, 0x9F, 0x9F, 0x9F, 0x9F, 0x7F, 0x00, 0x00,
    0x00, 0x00, 0x00, 0x00, 0x00, 0x00, 0x00, 0x00, 0x00, 0x00, 0x00, 0x00,
    0x00, 0x00, 0x00, 0x00, 0x00, 0x00, 0x00, 0x00, 0x00, 0x00, 0x00, 0x00,
    0x00, 0x00, 0x00, 0x00, 0x00, 0x00, 0x00, 0x00, 0x9F, 0xFF, 0x60, 0x00,
    0x00, 0x00, 0x9F, 0xFF, 0x60, 0x00, 0x00, 0x00, 0x00, 0x00, 0x00, 0x00,
    0x00, 0x00, 0x00, 0x00, 0x00, 0x00, 0x00, 0x00, 0x00, 0x00, 0x00, 0x00,
    0x00, 0x00, 0x00, 0x00, 0x00, 0x00, 0x00, 0x00, 0x00, 0x00, 0x00, 0x00,
    0x00, 0x00, 0x00, 0x00, 0x00, 0x00, 0x00, 0x00, 0x9F, 0xFF, 0x60, 0x00,
    0x00, 0x00, 0x9F, 0xFF, 0x60, 0x00, 0x00, 0x00, 0x00, 0x00, 0x00, 0x00,
    0x00, 0x00, 0x00, 0x00, 0x00, 0x00, 0x00, 0x00, 0x00, 0x00, 0x00, 0x00,
    0x00, 0x00, 0x00, 0x00, 0x00, 0x00, 0x00, 0x00, 0x00, 0x00, 0x00, 0x00,
    0x00, 0x00, 0x00, 0x00, 0x00, 0x00, 0x00, 0x00, 0x9F, 0xFF, 0x60, 0x00,
    0x00, 0x00, 0x9F, 0xFF, 0x60, 0x00, 0x00, 0x00, 0x00, 0x00, 0x00, 0x00,
    0x00, 0x00, 0x00, 0x00, 0x00, 0x00, 0x00, 0x00, 0x00, 0x00, 0x00, 0x00,
    0x00, 0x00, 0x00, 0x00, 0x00, 0x00, 0x00, 0x00, 0x00, 0x00, 0x00, 0x00,
    0x00, 0x00, 0x00, 0x00, 0x00, 0x00, 0x00, 0x00, 0x9F, 0xFF, 0x60, 0x00,
    0x00, 0x00, 0x9F, 0xFF, 0x60, 0x00, 0x00, 0x00, 0x00, 0x00, 0x00, 0x00,
    0x00, 0x00, 0x00, 0x00, 0x00, 0x00, 0x00, 0x00, 0x00, 0x00, 0x00, 0x00,
    0x00, 0x00, 0x00, 0x00, 0x00, 0x00, 0x00, 0x00, 0x00, 0x00, 0x00, 0x00,
    0x00, 0x00, 0x00, 0x00, 0x00, 0x00, 0x20, 0x7F, 0xBF, 0xFF, 0xBF, 0x7F,
    0x7F, 0x7F, 0xBF, 0xFF, 0xBF, 0x60, 0x00, 0x00, 0x00, 0x00, 0x00, 0x00,
    0x00, 0x00, 0x00, 0x00, 0x00, 0x00, 0x00, 0x00, 0x00, 0x00, 0x00, 0x00,
    0x00, 0x00, 0x00, 0x00, 0x00, 0x00, 0x00, 0x00, 0x00, 0x00, 0x00, 0x00,
    0x00, 0x00, 0x00, 0x00, 0x00, 0x40, 0xFF, 0xFF, 0xFF, 0xFF, 0xFF, 0xFF,
    0xFF, 0xFF, 0xFF, 0xFF, 0xFF, 0xFF, 0xDF, 0x00, 0x00, 0x00, 0x00, 0x00,
    0x00, 0x00, 0x00, 0x00, 0x00, 0x00, 0x00, 0x00, 0x00, 0x00, 0x00, 0x00,
    0x00, 0x00, 0x00, 0x00, 0x00, 0x00, 0x00, 0x00, 0x00, 0x00, 0x00, 0x00,
    0x00, 0x00, 0x00, 0x00, 0x00, 0xBF, 0xFF, 0xDF, 0x7F, 0x7F, 0x7F, 0x7F,
    0x7F, 0x7F, 0x7F, 0x7F, 0x7F, 0xDF, 0xFF, 0x7F, 0x00, 0x00, 0x00, 0x00,
    0x00, 0x00, 0x00, 0x00, 0x00, 0x00, 0x00, 0x00, 0x00, 0x00, 0x00, 0x00,
    0x00, 0x00, 0x00, 0x00, 0x00, 0x00, 0x00, 0x00, 0x00, 0x00, 0x00, 0x00,
    0x00, 0x00, 0x00, 0x00, 0x00, 0xDF, 0xFF, 0x20, 0x00, 0x00, 0x00, 0x00,
    0x00, 0x00, 0x00, 0x00, 0x00, 0x60, 0xFF, 0x9F, 0x00, 0x00, 0x00, 0x00,
    0x00, 0x00, 0x00, 0x00, 0x00, 0x00, 0x00, 0x00, 0x00, 0x00, 0x00, 0x00,
    0x00, 0x00, 0x00, 0x00, 0x00, 0x00, 0x00, 0x00, 0x00, 0x00, 0x00, 0x00,
    0x00, 0x00, 0x00, 0x00, 0x00, 0xDF, 0xFF, 0x40, 0x00, 0x00, 0x00, 0x00,
    0x00, 0x00, 0x00, 0x00, 0x00, 0x60, 0xFF, 0x9F, 0x00, 0x00, 0x00, 0x00,
    0x00, 0x00, 0x00, 0x00, 0x00, 0x00, 0x00, 0x00, 0x00, 0x00, 0x00, 0x00,
    0x00, 0x00, 0x00, 0x00, 0x00, 0x00, 0x00, 0x00, 0x00, 0x00, 0x00, 0x00,
    0x00, 0x00, 0x00, 0x00, 0x00, 0xBF, 0xFF, 0xBF, 0x60, 0x60, 0x60, 0x60,
    0x60, 0x60, 0x60, 0x60, 0x60, 0xBF, 0xFF, 0x7F, 0x00, 0x00, 0x00, 0x00,
    0x00, 0x00, 0x00, 0x00, 0x00, 0x00, 0x00, 0x00, 0x00, 0x00, 0x00, 0x00,
    0x00, 0x00, 0x00, 0x00, 0x00, 0x00, 0x00, 0x00, 0x00, 0x00, 0x00, 0x00,
    0x00, 0x00, 0x00, 0x00, 0x00, 0x40, 0xFF, 0xFF, 0xFF, 0xFF, 0xFF, 0xFF,
    0xFF, 0xFF, 0xFF, 0xFF, 0xFF, 0xFF, 0xFF, 0x20, 0x00, 0x00, 0x00, 0x00,
    0x00, 0x00, 0x00, 0x00, 0x00, 0x00, 0x00, 0x00, 0x00, 0x00, 0x00, 0x00,
    0x00, 0x00, 0x00, 0x00, 0x00, 0x00, 0x00, 0x00, 0x00, 0x00, 0x00, 0x00,
    0x00, 0x00, 0x00, 0x00, 0x00, 0x00, 0x20, 0x7F, 0x9F, 0x9F, 0x9F, 0x9F,
    0x9F, 0x9F, 0x9F, 0x9F, 0x9F, 0x7F, 0x00, 0x00, 0x00, 0x00, 0x00, 0x00,
    0x00, 0x00, 0x00, 0x00, 0x00, 0x00, 0x00, 0x00, 0x00, 0x00, 0x00, 0x00,
    0x00, 0x00, 0x00, 0x00, 0x00, 0x00, 0x00, 0x00, 0x00, 0x00, 0x00, 0x00,
    0x00, 0x00, 0x00, 0x00, 0x00, 0x00, 0x00, 0x00, 0x00, 0x00, 0x00, 0x00,
    0x00, 0x00, 0x00, 0x00, 0x00, 0x00, 0x00, 0x00, 0x00, 0x00, 0x00, 0x00,
    0x00, 0x00, 0x00, 0x00, 0x00, 0x00, 0x00, 0x00, 0x00, 0x00, 0x00, 0x00,
    0x00, 0x00, 0x00, 0x00, 0x00, 0x00, 0x00, 0x00, 0x00, 0x00, 0x00, 0x00,
    0x00, 0x00, 0x00, 0x00, 0x00, 0x00, 0x00, 0x00, 0x00, 0x00, 0x00, 0x00,
    0x00, 0x00, 0x00, 0x00, 0x00, 0x00, 0x00, 0x00, 0x00, 0x00, 0x00, 0x00,
    0x00, 0x00, 0x00, 0x00, 0x00, 0x00, 0x00, 0x00, 0x00, 0x00, 0x00, 0x00,
    0x00, 0x00, 0x00, 0x00, 0x00, 0x00, 0x00, 0x00, 0x00, 0x00, 0x00, 0x00,
    0x00, 0x00, 0x00, 0x00, 0x00, 0x00, 0x00, 0x00, 0x00, 0x00, 0x00, 0x00,
    0x00, 0x00, 0x00, 0x00, 0x00, 0x00, 0x00, 0x00, 0x00, 0x00, 0x00, 0x00,
    0x00, 0x00, 0x00, 0x00, 0x00, 0x00, 0x00, 0x00, 0x00, 0x00, 0x00, 0x00,
    0x00, 0x00, 0x00, 0x00, 0x00, 0x00, 0x00, 0x00, 0x00, 0x00, 0x00, 0x00,
    0x00, 0x00, 0x00, 0x00, 0x00, 0x00, 0x00, 0x00, 0x00, 0x00, 0x00, 0x00,
    0x00, 0x00, 0x00, 0x00, 0x00, 0x00, 0x00, 0x00, 0x00, 0x00, 0x00, 0x00,
    0x00, 0x00, 0x00, 0x00, 0x00, 0x00, 0x00, 0x00, 0x00, 0x00, 0x00, 0x00,
    0x00, 0x00, 0x00, 0x00, 0x00, 0x00, 0x00, 0x00, 0x00, 0x00, 0x00, 0x00,
    0x00, 0x00, 0x00, 0x00, 0x00, 0x00, 0x00, 0x00, 0x00, 0x00, 0x00, 0x00,
    0x00, 0x00, 0x00, 0x00, 0x00, 0x00, 0x00, 0x00, 0x00, 0x00, 0x00, 0x00,
    0x00, 0x00, 0x00, 0x00, 0x00, 0x00, 0x00, 0x00, 0x00, 0x00, 0x00, 0x00,
    0x00, 0x00, 0x00, 0x00, 0x00, 0x00, 0x00, 0x00, 0x00, 0x00, 0x00, 0x00,
    0x00, 0x00, 0x00, 0x00, 0x00, 0x00, 0x00, 0x00, 0x00, 0x00, 0x00, 0x00,
    0x00, 0x00, 0x00, 0x00, 0x00, 0x00, 0x00, 0x00, 0x00, 0x00, 0x00, 0x00,
    0x00, 0x00, 0x00, 0x00, 0x00, 0x00, 0x00, 0x00, 0x00, 0x00, 0x00, 0x00,
    0x00, 0x00, 0x00, 0x00, 0x00, 0x00, 0x00, 0x00, 0x00, 0x00, 0x00, 0x00,
    0x00, 0x00, 0x00, 0x00, 0x00, 0x00, 0x00, 0x00, 0x00, 0x00, 0x00, 0x00,
    0x00, 0x00, 0x00, 0x00, 0x00, 0x00, 0x00, 0x00, 0x00, 0x00, 0x00, 0x00,
    0x00, 0x00, 0x00, 0x00, 0x00, 0x00, 0x00, 0x00, 0x00, 0x00, 0x00, 0x00,
    0x00, 0x00, 0x00, 0x00, 0x00, 0x00, 0x00, 0x00, 0x00, 0x00, 0x00, 0x00,
    0x00, 0x00, 0x00, 0x00, 0x00, 0x00, 0x00, 0x00, 0x00, 0x00, 0x00, 0x00,
    0x00, 0x00, 0x00, 0x00, 0x00, 0x00, 0x00, 0x00, 0x00, 0x00, 0x00, 0x00,
    0x00, 0x00, 0x00, 0x00, 0x00, 0x00, 0x00, 0x00, 0x00, 0x00, 0x00, 0x00,
    0x00, 0x00, 0x00, 0x00, 0x00, 0x00, 0x00, 0x00, 0x00, 0x00, 0x00, 0x00,
    0x00, 0x00, 0x00, 0x00, 0x00, 0x00, 0x00, 0x00, 0x00, 0x00, 0x00, 0x00,
    0x00, 0x00, 0x00, 0x00, 0x00, 0x00, 0x00, 0x00, 0x00, 0x00, 0x00, 0x00,
    0x00, 0x00, 0x00, 0x00, 0x00, 0x00, 0x00, 0x00, 0x00, 0x00, 0x00, 0x00,
    0x00, 0x00, 0x00, 0x00, 0x00, 0x00, 0x00, 0x00, 0x00, 0x00, 0x00, 0x00,
    0x00, 0x00, 0x00, 0x00, 0x00, 0x00, 0x00, 0x00, 0x00, 0x00, 0x00, 0x00,
    0x00, 0x00, 0x00, 0x00, 0x00, 0x00, 0x00, 0x00, 0x00, 0x00, 0x00, 0x00,
    0x00, 0x00, 0x00, 0x00, 0x00, 0x00, 0x00, 0x00, 0x00, 0x00, 0x00, 0x00,
    0x00, 0x00, 0x00, 0x00, 0x00, 0x00, 0x00, 0x00, 0x00, 0x00, 0x00, 0x00,
    0x00, 0x00, 0x00, 0x00, 0x00, 0x00, 0x00, 0x00, 0x00, 0x00, 0x00, 0x00,
    0x00, 0x00, 0x00, 0x00, 0x00, 0x00, 0x00, 0x00, 0x00, 0x00, 0x00, 0x00,
    0x00, 0x00, 0x00, 0x00, 0x00, 0x00, 0x00, 0x00, 0x00, 0x00, 0x00, 0x00,
    0x00, 0x00, 0x00, 0x00, 0x00, 0x00, 0x00, 0x00, 0x00, 0x00, 0x00, 0x00,
    0x00, 0x00, 0x00, 0x00, 0x00, 0x00, 0x00, 0x00, 0x00, 0x00, 0x00, 0x00,
    0x00, 0x00, 0x00, 0x00, 0x00, 0x00, 0x00, 0x00, 0x00, 0x00, 0x00, 0x00,
    0x00, 0x00, 0x00, 0x00, 0x00, 0x00, 0x00, 0x00, 0x00, 0x00, 0x00, 0x00,
    0x00, 0x00, 0x00, 0x00, 0x00, 0x00, 
};

/* demo_rgb565_indexqoi_be_128x64.bin (6807 bytes) */
const unsigned char demo_rgb565_indexqoi_be_128x64[6807] =
{
    0x00, 0x40, 0x00, 0x80, 0x00, 0x40, 0x0E, 0x00, 0x80, 0x00, 0x40, 0x00,
    0x80, 0x00, 0x80, 0x00, 0x00, 0x00, 0x00, 0x40, 0x00, 0x00, 0x00, 0x66,
    0x00, 0xC3, 0x01, 0x28, 0x01, 0x95, 0x02, 0x0F, 0x02, 0x80, 0x02, 0xF3,
    0x03, 0x5E, 0x03, 0xBB, 0x04, 0x06, 0x04, 0x4E, 0x04, 0x9F, 0x04, 0xF9,
    0x05, 0x53, 0x05, 0xA7, 0x05, 0xFF, 0x06, 0x58, 0x06, 0xC4, 0x07, 0x2A,
    0x07, 0x96, 0x08, 0x07, 0x08, 0x76, 0x08, 0xF3, 0x09, 0x6D, 0x09, 0xF4,
    0x0A, 0x7A, 0x0A, 0xFA, 0x0B, 0x78, 0x0B, 0xEF, 0x0C, 0x64, 0x0C, 0xD3,
    0x0D, 0x3C, 0x0D, 0xA5, 0x0E, 0x11, 0x0E, 0x7B, 0x0E, 0xEF, 0x0F, 0x69,
    0x0F, 0xEA, 0x10, 0x6C, 0x10, 0xED, 0x11, 0x67, 0x11, 0xDB, 0x12, 0x4D,
    0x12, 0xBB, 0x13, 0x28, 0x13, 0x95, 0x13, 0xF9, 0x14, 0x58, 0x14, 0xB6,
    0x15, 0x09, 0x15, 0x5B, 0x15, 0xAD, 0x15, 0xFF, 0x16, 0x56, 0x16, 0xB7,
    0x17, 0x26, 0x17, 0x98, 0x17, 0xFD, 0x18, 0x55, 0x18, 0x97, 0x18, 0xD4,
    0x19, 0x11, 0x19, 0x4B, 0xFF, 0xFF, 0xF7, 0xBE, 0xE7, 0x3C, 0xEF, 0x7D,
    0xDE, 0xFB, 0xFF, 0xDF, 0xF7, 0x9E, 0xDE, 0xDB, 0xFC, 0x34, 0xE7, 0x1C,
    0xEF, 0x5D, 0xD6, 0xBA, 0xD6, 0x9A, 0xC6, 0x18, 0xCE, 0x59, 0xF7, 0xDE,
    0xCE, 0x79, 0xEF, 0x9D, 0xFC, 0x54, 0xAD, 0x55, 0xB5, 0x96, 0xE7, 0x5C,
    0xBD, 0xD7, 0xFF, 0xBE, 0xB5, 0xB6, 0xDF, 0x1B, 0xFD, 0x57, 0xFC, 0x14,
    0xF7, 0x9D, 0xFF, 0x9E, 0xC6, 0x38, 0xFE, 0x19, 0xBD, 0xF7, 0xFF, 0xDE,
    0xFF, 0x1C, 0xF7, 0x7D, 0xFF, 0x5D, 0xFE, 0x9B, 0xFD, 0x77, 0x94, 0x92,
    0x73, 0x8E, 0xD6, 0x79, 0xFE, 0x7B, 0xFD, 0xB8, 0xFC, 0x74, 0xFE, 0xFC,
    0xFE, 0x5A, 0xFD, 0x36, 0xDE, 0xBA, 0xFE, 0x7A, 0xFD, 0xD8, 0xF6, 0x5A,
    0xE6, 0xFB, 0xDE, 0xDA, 0xDE, 0x9A, 0xCE, 0x38, 0xC5, 0xF7, 0x8C, 0x51,
    0xFF, 0x7D, 0xFD, 0xF9, 0xF7, 0xDF, 0x9C, 0xF3, 0x63, 0x0C, 0xFE, 0xDB,
    0x00, 0xD0, 0x05, 0x25, 0xFF, 0xFD, 0x16, 0x9C, 0xCB, 0x69, 0x6F, 0xC0,
    0x62, 0x12, 0xC0, 0x08, 0xC1, 0x1B, 0x08, 0xC7, 0x12, 0x2C, 0x5F, 0x6E,
    0x6E, 0xA2, 0x77, 0x3B, 0x22, 0xA5, 0x34, 0x21, 0x6E, 0xC0, 0x00, 0xC7,
    0x21, 0x1D, 0x24, 0x9C, 0xCB, 0x25, 0x31, 0x2E, 0x66, 0x2E, 0x31, 0xA2,
    0x67, 0x3F, 0x2D, 0xA2, 0x66, 0x3A, 0x6E, 0x17, 0x21, 0xC1, 0x17, 0x65,
    0x3A, 0x65, 0x9D, 0xBA, 0x31, 0x32, 0x1A, 0x9D, 0xAA, 0x65, 0x71, 0x2C,
    0x12, 0xC5, 0x2C, 0x6B, 0x9D, 0x99, 0x97, 0xAB, 0x9C, 0x48, 0x3D, 0x07,
    0x01, 0x00, 0xC1, 0x9B, 0xBA, 0xFF, 0x62, 0x67, 0xAB, 0xC7, 0x2C, 0x12,
    0x1B, 0xFF, 0xF5, 0x57, 0x00, 0xC7, 0x00, 0xCF, 0x1D, 0x1A, 0x08, 0xC0,
    0x12, 0xD1, 0x2C, 0x5E, 0x6B, 0x6E, 0xC0, 0x6E, 0x6F, 0xA2, 0x77, 0x2B,
    0x31, 0x2D, 0x24, 0xA2, 0x66, 0xC1, 0x3A, 0x61, 0x61, 0x61, 0x31, 0x61,
    0x1F, 0x32, 0x62, 0x26, 0x1A, 0x2F, 0x66, 0xC0, 0x2F, 0x66, 0x66, 0x5E,
    0xC0, 0x2F, 0x6E, 0x5B, 0x6E, 0x6E, 0x2B, 0x3B, 0xA2, 0x66, 0x6E, 0x31,
    0x55, 0x62, 0x61, 0x71, 0x26, 0x56, 0x61, 0x65, 0x72, 0x66, 0x2C, 0xC1,
    0x12, 0xC1, 0x6F, 0x55, 0x97, 0xAB, 0x95, 0x7A, 0xFF, 0xA5, 0x14, 0x02,
    0x00, 0xC5, 0xFF, 0xA4, 0xF2, 0xFF, 0xA2, 0x8B, 0x2C, 0x12, 0xC0, 0x2C,
    0x24, 0x00, 0xC6, 0x00, 0xCF, 0x2B, 0xFF, 0xFC, 0x13, 0x12, 0xD1, 0x2C,
    0xC0, 0x6F, 0x5D, 0x6B, 0xC0, 0x6E, 0xC0, 0x6F, 0x7E, 0x5F, 0xA2, 0x66,
    0xA2, 0x67, 0xA2, 0x66, 0x6F, 0xC0, 0x65, 0x62, 0x26, 0x56, 0x1A, 0xC3,
    0x55, 0x49, 0x56, 0x9C, 0xBA, 0x41, 0x61, 0xA2, 0x67, 0xA3, 0x87, 0xA3,
    0x77, 0xA2, 0x76, 0x26, 0xC0, 0x1A, 0xC1, 0x2F, 0x5A, 0x6F, 0x6E, 0x6E,
    0xC0, 0x6F, 0x69, 0x76, 0xC0, 0x26, 0xC0, 0x1A, 0x9D, 0xA9, 0x9C, 0xAA,
    0x51, 0xC0, 0xA0, 0xA9, 0x7F, 0x12, 0x2C, 0xC0, 0x9B, 0x8A, 0x8F, 0xEE,
    0xFF, 0x84, 0x30, 0x04, 0x00, 0xC7, 0x34, 0xFF, 0x6A, 0x07, 0xAF, 0x74,
    0x2C, 0x12, 0x61, 0xFF, 0xF6, 0x39, 0x00, 0xC6, 0x00, 0xCE, 0x22, 0x12,
    0xD2, 0x2C, 0xC0, 0x6F, 0x6E, 0x6E, 0xC0, 0x5A, 0xC0, 0x6F, 0x7A, 0x5E,
    0x6E, 0x6F, 0xC0, 0x6E, 0x6F, 0x7A, 0x5A, 0x79, 0x26, 0xC0, 0x6F, 0x2B,
    0x51, 0x99, 0xAB, 0x95, 0xCD, 0x9A, 0xBA, 0x9D, 0x99, 0x9A, 0xA7, 0xA2,
    0x66, 0xA2, 0x6A, 0xA2, 0x78, 0x59, 0x66, 0xA6, 0x87, 0xA5, 0x76, 0xA5,
    0x77, 0xA7, 0x64, 0xA5, 0x56, 0x2B, 0x66, 0x1A, 0xC0, 0x5A, 0xC3, 0x6E,
    0xC1, 0x26, 0x9B, 0xAA, 0x96, 0xBD, 0x9B, 0x99, 0x9C, 0x8A, 0x9C, 0x89,
    0x60, 0xA2, 0x88, 0xA3, 0x88, 0xA1, 0x98, 0xA1, 0x98, 0x55, 0x98, 0x86,
    0x18, 0x0F, 0x00, 0xC8, 0x05, 0xFF, 0xAC, 0xF3, 0xFF, 0x8A, 0x4A, 0x2C,
    0xC0, 0x12, 0xA5, 0x34, 0x17, 0x00, 0x05, 0x00, 0xC3, 0x00, 0xCD, 0x05,
    0x1A, 0x08, 0x12, 0xC0, 0x2C, 0xC1, 0x12, 0xC0, 0x2C, 0xC8, 0x12, 0x5E,
    0x45, 0x9D, 0x99, 0x41, 0x6E, 0xA2, 0x67, 0xA3, 0x77, 0xA4, 0x76, 0xA2,
    0x77, 0x2F, 0x56, 0x6E, 0x2F, 0x5A, 0x6F, 0xC1, 0x6E, 0x26, 0x6B, 0x6E,
    0xA2, 0x67, 0x9D, 0xA9, 0x97, 0xAC, 0xFF, 0x6A, 0x08, 0x9C, 0x86, 0xFF,
    0x94, 0x50, 0xAF, 0x21, 0x66, 0x37, 0x02, 0x34, 0xFF, 0xA4, 0xB1, 0x9C,
    0xAA, 0x97, 0xCD, 0x9A, 0xAA, 0xFF, 0x20, 0x60, 0x9D, 0xDB, 0xAD, 0x10,
    0xA9, 0x45, 0xA9, 0x44, 0xA8, 0x54, 0xA4, 0x77, 0x26, 0x56, 0x65, 0xC1,
    0x6F, 0xC3, 0x92, 0xEE, 0xA0, 0x06, 0x09, 0x02, 0xC0, 0x34, 0x04, 0x19,
    0x35, 0x0E, 0x14, 0x0C, 0x00, 0xCB, 0x34, 0xFF, 0x49, 0xE6, 0xAC, 0xA5,
    0x2C, 0x12, 0x08, 0xFF, 0xF6, 0xFC, 0x00, 0xC2, 0x05, 0x00, 0xC0, 0x00,
    0xCD, 0x2D, 0x08, 0x12, 0xC4, 0x2C, 0xC1, 0x12, 0xC2, 0x2C, 0xC0, 0x55,
    0x9D, 0x8A, 0x9B, 0x99, 0x98, 0xBC, 0x9F, 0x56, 0xA2, 0x47, 0xA5, 0x46,
    0xC0, 0x5A, 0x9C, 0xBA, 0x96, 0xF9, 0xA8, 0x58, 0xAD, 0x33, 0xA9, 0x64,
    0x26, 0x1A, 0x56, 0xC1, 0x6E, 0x1A, 0x5E, 0x26, 0x2B, 0x66, 0x97, 0xAC,
    0x8F, 0xFF, 0xFF, 0x38, 0x00, 0xFF, 0xAD, 0x14, 0x02, 0x05, 0x00, 0xC2,
    0x05, 0x03, 0x11, 0x03, 0x09, 0x29, 0x97, 0xDD, 0xFF, 0x8B, 0xAE, 0x9C,
    0xAA, 0xA5, 0x45, 0xFF, 0x52, 0x07, 0xA6, 0x76, 0xAE, 0x52, 0xA5, 0x76,
    0x1A, 0x56, 0xC0, 0x6E, 0xC3, 0x9A, 0xBA, 0x99, 0x3A, 0x05, 0x00, 0xD5,
    0xFF, 0xB5, 0x75, 0xFF, 0x39, 0x20, 0xB2, 0x65, 0xA7, 0x86, 0x08, 0xFF,
    0xFE, 0x39, 0x00, 0xC5, 0x00, 0xCC, 0x05, 0x26, 0x08, 0x12, 0xC3, 0x2C,
    0x9D, 0x99, 0x9B, 0x9A, 0xA5, 0x66, 0x2C, 0x12, 0xC0, 0x2C, 0x41, 0x99,
    0x9A, 0x94, 0xBC, 0xFF, 0x62, 0xA9, 0xAE, 0x01, 0xA9, 0x34, 0x10, 0xA5,
    0x65, 0x1C, 0xC0, 0x11, 0x02, 0x10, 0x95, 0xED, 0xFF, 0x63, 0x0B, 0xFF,
    0x51, 0xC6, 0xB1, 0x21, 0xAB, 0x43, 0x26, 0x1A, 0xC1, 0x26, 0x6F, 0x6F,
    0x9A, 0xAA, 0x91, 0xEF, 0x97, 0xB9, 0xFF, 0x83, 0xCE, 0xFF, 0xD6, 0x59,
    0x05, 0x00, 0xCB, 0x01, 0x29, 0x98, 0xCC, 0xA3, 0x76, 0x95, 0xDE, 0xFF,
    0x50, 0xC0, 0xFF, 0xAB, 0x8F, 0xAD, 0x32, 0x26, 0x1A, 0xC3, 0x5A, 0x51,
    0xFF, 0x7A, 0x8A, 0x04, 0x00, 0xD5, 0x0A, 0xFF, 0x94, 0x71, 0xFF, 0x4A,
    0x48, 0xA0, 0xD9, 0xA2, 0xC9, 0xFF, 0xCD, 0x56, 0x1C, 0x00, 0xC4, 0x00,
    0xCC, 0x22, 0x08, 0x12, 0xC3, 0x2C, 0x98, 0x9C, 0x9C, 0x38, 0xAC, 0x11,
    0xFF, 0x82, 0x8A, 0xAC, 0x84, 0xA4, 0x77, 0x55, 0x98, 0xAC, 0x90, 0xCD,
    0xFF, 0x73, 0x6D, 0xFF, 0xBD, 0xD6, 0x0A, 0x05, 0x00, 0xC7, 0x1C, 0x37,
    0xFF, 0x8C, 0x30, 0xFF, 0x6A, 0x69, 0xAD, 0x43, 0xA9, 0x64, 0xA3, 0x77,
    0xC0, 0x2B, 0x3B, 0x96, 0xBC, 0xFF, 0x51, 0xC5, 0xAA, 0x33, 0xFF, 0xAC,
    0xF3, 0x1C, 0x00, 0xCF, 0x11, 0x38, 0xA3, 0x66, 0x9D, 0xBA, 0xFF, 0x51,
    0xC5, 0xA7, 0x56, 0xFF, 0xE5, 0x56, 0xA2, 0x98, 0x66, 0x26, 0x1A, 0xC0,
    0x5A, 0xC0, 0x8F, 0xEF, 0x18, 0x00, 0xD5, 0x01, 0x1C, 0x02, 0x0B, 0x14,
    0x92, 0xFE, 0x9A, 0xCB, 0xAF, 0x01, 0x0B, 0x0F, 0x00, 0xC1, 0x00, 0xCC,
    0x32, 0x08, 0x12, 0xC2, 0x6F, 0x9A, 0x9A, 0x9C, 0x17, 0x34, 0x21, 0xFF,
    0xAD, 0x14, 0xFF, 0x92, 0x4A, 0xA6, 0x66, 0x9A, 0x8A, 0xFF, 0x7B, 0x8E,
    0x0D, 0x06, 0x00, 0xCC, 0x21, 0x30, 0xFF, 0x84, 0x0F, 0xFF, 0x5A, 0x07,
    0xB4, 0x10, 0x3B, 0x1F, 0x95, 0xCD, 0xFF, 0x59, 0x85, 0xFF, 0xA5, 0x13,
    0xA4, 0x66, 0x06, 0x00, 0xD2, 0x0C, 0x0D, 0xA4, 0x65, 0xFF, 0x5A, 0xA9,
    0xA3, 0xA8, 0xB3, 0x20, 0xA1, 0x98, 0xC1, 0x26, 0xC0, 0x2B, 0x96, 0xBC,
    0x9E, 0x27, 0x05, 0x00, 0xC6, 0x05, 0x00, 0xD0, 0x01, 0x09, 0x98, 0xCB,
    0xFF, 0x8C, 0x30, 0x56, 0x37, 0x01, 0x00, 0x00, 0xCB, 0x24, 0x2C, 0x12,
    0xC3, 0x5A, 0x91, 0xAD, 0x0E, 0x00, 0xC0, 0x02, 0xFF, 0x8B, 0xAE, 0xA9,
    0x13, 0x10, 0x01, 0x00, 0xD0, 0x01, 0xFF, 0xAD, 0x54, 0xFF, 0x41, 0xA4,
    0xB7, 0x00, 0x55, 0xFF, 0x58, 0xE4, 0xFF, 0xCD, 0xD7, 0x29, 0x03, 0x00,
    0xCC, 0x05, 0x00, 0xC5, 0x30, 0x0E, 0x34, 0xFF, 0x5A, 0x89, 0xA8, 0x96,
    0x2F, 0xA3, 0x56, 0x2B, 0x65, 0x6B, 0x32, 0x9D, 0x9A, 0xFF, 0x62, 0xAA,
    0x09, 0x00, 0xDC, 0x05, 0x07, 0xFF, 0x94, 0xB2, 0x07, 0x00, 0x00, 0xCB,
    0x2B, 0x08, 0x12, 0xC2, 0x6F, 0x9D, 0x89, 0x94, 0x5A, 0xFF, 0xEF, 0x3C,
    0x00, 0xC0, 0x05, 0x17, 0x05, 0x00, 0xD4, 0x1E, 0xFF, 0x49, 0xC6, 0x61,
    0xFF, 0xCE, 0x18, 0x09, 0x04, 0x00, 0xC4, 0x05, 0xC3, 0x9C, 0xBA, 0x66,
    0x05, 0x00, 0xC0, 0x9A, 0xEB, 0x24, 0x00, 0xC2, 0x05, 0x00, 0x0B, 0x07,
    0x0B, 0xFF, 0x62, 0x28, 0xB1, 0x62, 0x26, 0x2B, 0x66, 0xC0, 0x32, 0x3B,
    0xFF, 0x9B, 0x8F, 0xFF, 0xAD, 0x75, 0x00, 0xDF, 0x0F, 0x00, 0x00, 0xCA,
    0x22, 0x08, 0x12, 0xC3, 0x6F, 0x9C, 0x89, 0x96, 0x39, 0x03, 0x00, 0xDA,
    0xFF, 0xC6, 0x17, 0xFF, 0x94, 0x51, 0x01, 0x0C, 0x00, 0xC1, 0x05, 0x21,
    0x05, 0x00, 0x05, 0x1D, 0x69, 0x0F, 0xC0, 0x33, 0x9D, 0xBA, 0x17, 0x00,
    0xC0, 0xFF, 0xFD, 0xF8, 0xA4, 0x36, 0x00, 0xC2, 0x05, 0xC0, 0x00, 0x29,
    0x03, 0x16, 0xFF, 0x59, 0xC6, 0xFF, 0xD4, 0xF4, 0x32, 0x2B, 0xC0, 0x3B,
    0xA2, 0x67, 0x91, 0xDE, 0x93, 0xBE, 0x0E, 0x1E, 0x0B, 0x07, 0x04, 0x19,
    0x02, 0xC0, 0x0A, 0x06, 0x05, 0x00, 0xD6, 0x00, 0xCA, 0xFF, 0xFD, 0xD9,
    0x08, 0x12, 0xC4, 0x55, 0x91, 0x7D, 0x30, 0x00, 0xD6, 0x05, 0x00, 0xC1,
    0x21, 0x14, 0x37, 0x1C, 0x00, 0x21, 0xC1, 0x1D, 0xC0, 0x21, 0x05, 0x1D,
    0xC0, 0x05, 0x0F, 0x31, 0x9C, 0xBB, 0xFF, 0xE7, 0x7D, 0x00, 0xC0, 0xFF,
    0xED, 0xD8, 0xA7, 0x24, 0x00, 0xC1, 0x62, 0x1D, 0x05, 0x00, 0x21, 0x0E,
    0x01, 0xFF, 0x84, 0x30, 0xFF, 0x72, 0xCB, 0xFF, 0xF5, 0x97, 0x2B, 0x32,
    0x1F, 0x91, 0xDF, 0x96, 0x9C, 0xFF, 0xBD, 0xB6, 0x02, 0x7E, 0x0A, 0xC0,
    0x02, 0xC0, 0x09, 0x19, 0x35, 0x51, 0x10, 0x0C, 0x04, 0x0A, 0x0F, 0x00,
    0xD2, 0x00, 0xC9, 0x17, 0xFF, 0xFC, 0xD6, 0x12, 0xC5, 0x6F, 0x9A, 0x89,
    0xFF, 0x73, 0x6D, 0x35, 0x05, 0x00, 0xD9, 0x01, 0xFF, 0xC5, 0x76, 0xA3,
    0xB7, 0x17, 0x00, 0x69, 0x21, 0x17, 0x3A, 0x17, 0x00, 0x01, 0x7B, 0x4E,
    0x49, 0xFF, 0xF6, 0xDB, 0x9B, 0xDB, 0xFF, 0xE7, 0xBE, 0xC0, 0x00, 0xFF,
    0xE6, 0x9A, 0xA6, 0x45, 0x00, 0xC0, 0x17, 0x9C, 0xCB, 0x24, 0x00, 0xC1,
    0x9A, 0xCB, 0x30, 0x34, 0xFF, 0x42, 0x27, 0xB2, 0x72, 0x2B, 0x5A, 0xFF,
    0x9B, 0x8F, 0xA2, 0x26, 0x02, 0x00, 0xC9, 0x05, 0x06, 0x02, 0x07, 0x50,
    0x10, 0x0B, 0xA5, 0x65, 0x0F, 0x00, 0xCE, 0x00, 0xC9, 0x2D, 0x08, 0x12,
    0xC6, 0xA2, 0x57, 0x94, 0x7B, 0xA2, 0x27, 0x04, 0x00, 0xD8, 0x0A, 0x09,
    0xA2, 0x87, 0xFF, 0xE4, 0x94, 0xFF, 0xF6, 0xDB, 0x00, 0xC1, 0x05, 0x23,
    0x06, 0xA3, 0x56, 0x45, 0x00, 0x3C, 0x9F, 0x58, 0x01, 0x17, 0x00, 0x9E,
    0x69, 0x00, 0x04, 0x01, 0x00, 0x05, 0x29, 0xFF, 0xDD, 0x97, 0xFF, 0xF7,
    0x3C, 0x00, 0xC2, 0xFF, 0xDD, 0x76, 0xFF, 0xF7, 0x1C, 0x91, 0xDF, 0xFF,
    0x8A, 0xCC, 0x2B, 0x94, 0xDE, 0x9B, 0x49, 0x06, 0x00, 0xCF, 0x01, 0x0A,
    0x35, 0x10, 0x0C, 0x02, 0x0F, 0x00, 0xCB, 0x00, 0xC9, 0x1F, 0x1B, 0x12,
    0xC6, 0x5E, 0x91, 0x8D, 0x10, 0x00, 0xC1, 0x05, 0xC0, 0x00, 0xD0, 0x21,
    0x05, 0x00, 0x17, 0xFF, 0xE5, 0x15, 0xA0, 0x38, 0x05, 0xFF, 0xEE, 0x39,
    0xC0, 0x00, 0xC2, 0x23, 0x06, 0x3C, 0x45, 0x00, 0x9E, 0x69, 0x41, 0x7F,
    0xA1, 0xA7, 0x00, 0x9E, 0x69, 0x00, 0x0B, 0x01, 0x00, 0x09, 0x03, 0x1C,
    0x0E, 0x00, 0xC1, 0x22, 0xFF, 0xEC, 0x74, 0xFF, 0xEE, 0xDB, 0x15, 0xFF,
    0x73, 0x0C, 0xAA, 0x84, 0x91, 0xFF, 0xFF, 0xE6, 0xDB, 0x01, 0x03, 0x00,
    0xD2, 0x11, 0x07, 0x0E, 0x0C, 0x0A, 0x00, 0xC6, 0x01, 0x0A, 0x00, 0x00,
    0xC8, 0x05, 0x26, 0x08, 0x12, 0xC5, 0x6F, 0x9C, 0x89, 0xFF, 0x83, 0xCF,
    0x01, 0x00, 0xCD, 0x05, 0x00, 0xC5, 0x99, 0xEC, 0x55, 0x00, 0xFF, 0xF6,
    0x9B, 0x08, 0xA3, 0x25, 0x03, 0x01, 0x23, 0x00, 0xC2, 0x1C, 0x06, 0xA2,
    0x56, 0x56, 0x7F, 0x55, 0x5A, 0xA1, 0x98, 0x45, 0x00, 0x9E, 0x69, 0x3C,
    0x30, 0x05, 0x01, 0x04, 0x00, 0x04, 0x15, 0x00, 0xC1, 0x31, 0x9C, 0xBA,
    0x01, 0x00, 0x14, 0xFF, 0x38, 0x00, 0x38, 0x00, 0xFF, 0xC6, 0x17, 0x0E,
    0x00, 0xC2, 0x01, 0x05, 0x00, 0xCF, 0x03, 0x0B, 0x0E, 0x04, 0x06, 0x00,
    0xC3, 0x13, 0x0B, 0x00, 0x00, 0xC8, 0x3A, 0xFF, 0xFC, 0x95, 0x12, 0xC6,
    0x6F, 0x94, 0xBD, 0xFF, 0xB5, 0xD7, 0x00, 0xC3, 0x05, 0x00, 0x1C, 0x35,
    0x0F, 0x0C, 0x01, 0x00, 0xC1, 0x05, 0x04, 0x01, 0x00, 0xC4, 0x06, 0x09,
    0x00, 0xFF, 0xF6, 0xBB, 0xFF, 0xF4, 0x34, 0x69, 0xFF, 0xEE, 0xDB, 0x00,
    0x01, 0x00, 0xC2, 0x06, 0x02, 0x6F, 0xA3, 0x46, 0x3C, 0x05, 0x9F, 0x58,
    0x3C, 0x59, 0x3C, 0x9F, 0x68, 0x05, 0x04, 0x00, 0x04, 0x01, 0x0A, 0x07,
    0x00, 0xC2, 0x17, 0xC0, 0x01, 0x00, 0xFF, 0xDE, 0x59, 0xFF, 0x6A, 0xEB,
    0x01, 0x9B, 0xBA, 0x9B, 0xC5, 0xA0, 0x7D, 0x06, 0x05, 0x00, 0xC0, 0x10,
    0x0F, 0x00, 0xD1, 0x01, 0x09, 0x10, 0xC0, 0x0A, 0x00, 0x05, 0x14, 0xFF,
    0x52, 0xAA, 0x02, 0x00, 0x00, 0xC8, 0x2D, 0x08, 0x12, 0xC6, 0x56, 0x97,
    0x4A, 0x0A, 0x00, 0xC5, 0xFF, 0xE6, 0x59, 0xFF, 0xE4, 0xD5, 0xA4, 0x05,
    0x61, 0x30, 0x00, 0xC1, 0x11, 0x0B, 0x06, 0x00, 0xC4, 0x11, 0x03, 0x04,
    0xFF, 0xDD, 0x36, 0x9D, 0xFB, 0x12, 0x33, 0x01, 0x04, 0x00, 0xC2, 0x06,
    0x0B, 0x30, 0xA9, 0x14, 0x45, 0x3C, 0xC0, 0x00, 0x5A, 0x9E, 0x79, 0x3C,
    0x01, 0x14, 0x0B, 0x02, 0x0F, 0x0B, 0x00, 0xC2, 0x05, 0x00, 0x06, 0x23,
    0x24, 0xFF, 0xED, 0xF8, 0x94, 0xAE, 0xFF, 0xE7, 0x1B, 0x98, 0xD9, 0xFF,
    0xF7, 0x13, 0x9A, 0xCD, 0x56, 0x9D, 0x8F, 0x05, 0x0A, 0x10, 0x00, 0xD5,
    0x01, 0x0B, 0x1E, 0x14, 0xFF, 0x42, 0x08, 0x18, 0x00, 0xC0, 0x00, 0xC8,
    0x25, 0xFF, 0xFC, 0x13, 0x12, 0xC5, 0x6F, 0x99, 0x9A, 0xFF, 0x94, 0xB2,
    0x00, 0xC6, 0xFF, 0xDE, 0x18, 0x26, 0x9A, 0xAB, 0xA4, 0x56, 0x0C, 0x00,
    0xC0, 0x05, 0x02, 0x07, 0x01, 0x00, 0xC4, 0x09, 0x9B, 0xEB, 0x98, 0xFD,
    0x9D, 0xEA, 0x2F, 0x62, 0x45, 0xFF, 0xD6, 0x59, 0x0B, 0x05, 0x00, 0xC1,
    0x15, 0x96, 0xDD, 0xAC, 0x23, 0x04, 0xA6, 0x45, 0x4A, 0x7A, 0xC0, 0x5A,
    0xA1, 0x97, 0x00, 0x02, 0x07, 0x0D, 0x0B, 0x0C, 0x0F, 0x00, 0xC4, 0x02,
    0x3A, 0x2E, 0x3B, 0x96, 0x8C, 0xA5, 0x40, 0xFF, 0xF7, 0x12, 0x7A, 0x9C,
    0xCC, 0x9F, 0x6A, 0xA6, 0x3B, 0x00, 0x0E, 0x09, 0x00, 0xC4, 0x06, 0x00,
    0xD0, 0x0A, 0xFF, 0x6B, 0x6D, 0xA4, 0x66, 0x01, 0x00, 0xC0, 0x00, 0xC8,
    0xFF, 0xFE, 0x3A, 0x1B, 0x12, 0xC5, 0x6F, 0x93, 0xBD, 0x1E, 0x00, 0xC3,
    0x06, 0x15, 0x02, 0x36, 0xFF, 0xF5, 0x56, 0x26, 0x9D, 0x89, 0x09, 0x00,
    0xC0, 0x03, 0x11, 0x07, 0x0F, 0x00, 0xC4, 0xFF, 0xDE, 0x59, 0xFF, 0xEC,
    0x94, 0xA0, 0xA9, 0x6E, 0xA3, 0x56, 0x2F, 0x4E, 0xFF, 0xD6, 0x39, 0x09,
    0x00, 0xC2, 0x0B, 0x04, 0x06, 0x02, 0x99, 0xCB, 0x02, 0xA5, 0x45, 0x3C,
    0x00, 0xC1, 0x0D, 0x18, 0x20, 0x9A, 0xBB, 0x28, 0x20, 0x02, 0x01, 0x00,
    0xC1, 0x03, 0xC0, 0x17, 0xFF, 0xF6, 0x7A, 0xA6, 0x24, 0x20, 0x99, 0xD7,
    0xFF, 0xFF, 0x32, 0x66, 0xFF, 0xE5, 0xF1, 0x0C, 0x00, 0x03, 0x0B, 0x03,
    0x00, 0xC3, 0x01, 0x04, 0x00, 0xC1, 0x05, 0x06, 0x00, 0xCC, 0x0D, 0x3E,
    0x03, 0x00, 0xC0, 0x00, 0xC8, 0x32, 0x08, 0x12, 0xC6, 0x96, 0x5B, 0x02,
    0x00, 0xC2, 0x0F, 0x0C, 0x01, 0x00, 0xC0, 0xFF, 0xDD, 0xB7, 0x9C, 0xFB,
    0xA3, 0x16, 0x0F, 0x00, 0x01, 0x99, 0xBC, 0x03, 0x07, 0x00, 0x05, 0x00,
    0xC2, 0x0F, 0xFF, 0xD6, 0x39, 0x9D, 0xFA, 0x2C, 0x12, 0xA2, 0x67, 0xA4,
    0x45, 0xA6, 0x14, 0x36, 0x01, 0x00, 0xC1, 0x06, 0x14, 0x18, 0x0D, 0x1E,
    0x03, 0x04, 0x0B, 0x04, 0x6F, 0x09, 0x9A, 0xAA, 0x07, 0x03, 0x02, 0x09,
    0x07, 0x39, 0xA8, 0x43, 0x02, 0x00, 0xC1, 0x19, 0x00, 0x03, 0xC0, 0x0F,
    0x02, 0xFF, 0xB5, 0x51, 0xA8, 0x53, 0xA4, 0x65, 0x9D, 0xA6, 0x02, 0x00,
    0x09, 0x7E, 0x06, 0x00, 0xC3, 0x11, 0x07, 0x00, 0xC1, 0x05, 0x0B, 0x00,
    0xCC, 0x01, 0x28, 0x10, 0x00, 0xC0, 0x00, 0xC8, 0x26, 0x08, 0x12, 0xC4,
    0x2C, 0x9D, 0x9A, 0xFF, 0x93, 0xCF, 0x01, 0x00, 0xC2, 0x0F, 0x0B, 0x03,
    0x07, 0x04, 0xA4, 0x77, 0xFF, 0xDE, 0x18, 0xAA, 0x02, 0x00, 0x0B, 0x94,
    0xEE, 0xA6, 0x56, 0x20, 0x27, 0x02, 0x00, 0xC2, 0x0A, 0x50, 0x10, 0xC0,
    0xFF, 0xCD, 0x15, 0xFF, 0xEC, 0x33, 0x08, 0xA2, 0x46, 0xFF, 0xDD, 0x97,
    0x07, 0x0F, 0x00, 0xC0, 0x05, 0x3D, 0xA2, 0x77, 0x1C, 0x02, 0x11, 0x00,
    0xC0, 0x05, 0x41, 0x51, 0x02, 0x03, 0x00, 0x9A, 0xAB, 0x9C, 0x8A, 0x55,
    0xA2, 0x97, 0x01, 0xFF, 0xA5, 0x54, 0x0A, 0x00, 0xC0, 0x9D, 0x9A, 0x19,
    0x00, 0x02, 0xA5, 0x45, 0x00, 0x9B, 0xCA, 0xFF, 0xBD, 0x34, 0x0A, 0x05,
    0x95, 0xFA, 0x03, 0x0E, 0x27, 0x3D, 0x10, 0x05, 0x00, 0xC2, 0x03, 0x0C,
    0x00, 0xC2, 0x07, 0x01, 0x00, 0xCC, 0x13, 0x9B, 0xAA, 0x00, 0xC0, 0x00,
    0xC7, 0x17, 0xFF, 0xFC, 0xF6, 0x12, 0xC5, 0x6F, 0x9B, 0xAA, 0xFF, 0x9C,
    0xB2, 0x00, 0xC4, 0x04, 0x07, 0x03, 0x05, 0x00, 0xC1, 0x0D, 0x39, 0xA8,
    0x65, 0xA8, 0x33, 0x02, 0x0B, 0x03, 0x00, 0x05, 0xC0, 0x99, 0xDC, 0x4E,
    0x0C, 0xA3, 0x86, 0x36, 0x02, 0xFF, 0xC5, 0xB6, 0xA3, 0x87, 0xA7, 0x35,
    0x03, 0x01, 0x02, 0x00, 0xC0, 0x0C, 0x27, 0x03, 0x96, 0xBD, 0xA3, 0x56,
    0x9C, 0xBB, 0x03, 0x00, 0xC4, 0x05, 0x99, 0x8B, 0xA5, 0x35, 0xC0, 0x99,
    0xCC, 0x02, 0x07, 0x3D, 0x00, 0xC0, 0x03, 0x02, 0x00, 0x02, 0xA6, 0x45,
    0x17, 0x96, 0xFD, 0x9A, 0xBB, 0x05, 0x00, 0xC0, 0x29, 0x94, 0xEF, 0x03,
    0x0C, 0xFF, 0x73, 0x6D, 0xAA, 0x23, 0x01, 0x00, 0xC1, 0x0A, 0x98, 0xBC,
    0x00, 0xC2, 0x97, 0xCD, 0x19, 0x00, 0xCC, 0x0B, 0xFF, 0x7B, 0xCF, 0x01,
    0x00, 0x00, 0xC7, 0x1D, 0xFF, 0xFC, 0xB5, 0x12, 0xC5, 0x6F, 0x98, 0xBC,
    0xFF, 0xAD, 0x34, 0x00, 0xC0, 0x05, 0x00, 0xC3, 0x0F, 0x06, 0x00, 0xC0,
    0x10, 0x18, 0xA0, 0xB9, 0xFF, 0xEC, 0xB5, 0x7E, 0xFF, 0xBD, 0x14, 0x01,
    0x00, 0xC1, 0x96, 0xFE, 0x36, 0x9A, 0xBB, 0xFF, 0xE4, 0xF5, 0x9D, 0xEB,
    0x9E, 0x79, 0xFF, 0xD6, 0x39, 0x05, 0x92, 0xEE, 0x0F, 0x00, 0x0F, 0x07,
    0x00, 0xC0, 0xFF, 0x9C, 0xD3, 0x02, 0xC0, 0x9D, 0x49, 0xA6, 0x45, 0x51,
    0xFF, 0xC6, 0x79, 0x00, 0xC4, 0x01, 0x97, 0x9D, 0xA7, 0x24, 0xC0, 0x51,
    0x04, 0xC0, 0x18, 0x00, 0xC0, 0x9C, 0xAB, 0x15, 0x00, 0x09, 0x00, 0x06,
    0x99, 0xDC, 0x16, 0x00, 0xC0, 0x23, 0xFF, 0xC4, 0x73, 0xFF, 0xEE, 0xFC,
    0xA2, 0x55, 0x99, 0xD7, 0x96, 0xDF, 0x9B, 0xAF, 0x37, 0x00, 0xC1, 0x9B,
    0xAB, 0x19, 0x03, 0x3C, 0x01, 0x00, 0x02, 0x10, 0x00, 0xCC, 0x15, 0xFF,
    0x84, 0x10, 0x01, 0x00, 0x00, 0xC7, 0x24, 0x12, 0xC6, 0x6F, 0x96, 0xBC,
    0xFF, 0xA5, 0x14, 0x00, 0xC4, 0x0F, 0x98, 0xCC, 0x0A, 0x11, 0x00, 0x03,
    0xFF, 0x7B, 0xEF, 0x03, 0xFF, 0xE5, 0xD8, 0xFF, 0xFD, 0x16, 0xC0, 0xA2,
    0x05, 0x00, 0xC0, 0x03, 0x0C, 0x02, 0x05, 0xFF, 0xED, 0xB8, 0xFF, 0xF4,
    0x94, 0x12, 0xC0, 0xFF, 0xDD, 0x15, 0x00, 0x0C, 0x07, 0x00, 0xC0, 0x0B,
    0x00, 0x02, 0xFF, 0x8C, 0x31, 0x05, 0x99, 0xAB, 0xA2, 0x27, 0xA2, 0x77,
    0xC0, 0x98, 0xFC, 0x01, 0x00, 0xC3, 0x21, 0x95, 0xAE, 0xA8, 0x14, 0xC0,
    0x50, 0x19, 0x09, 0x02, 0x00, 0xC0, 0x06, 0x19, 0x00, 0x19, 0x00, 0x05,
    0x09, 0x0D, 0x00, 0xC0, 0x23, 0x98, 0xFD, 0x01, 0x96, 0xFA, 0xFF, 0xFF,
    0x32, 0x9B, 0xBC, 0x34, 0x04, 0xC0, 0x06, 0x00, 0x03, 0x01, 0x0E, 0x27,
    0x99, 0xBC, 0xAE, 0x11, 0xA9, 0x33, 0x15, 0x0A, 0x00, 0x05, 0x00, 0xC9,
    0x0F, 0xFF, 0x9C, 0xD3, 0x11, 0x00, 0x00, 0xC7, 0xFF, 0xFE, 0xDC, 0x08,
    0x12, 0xC5, 0x6F, 0x95, 0xBD, 0xFF, 0xA4, 0xF4, 0x00, 0xC4, 0x03, 0x09,
    0x02, 0x06, 0x00, 0x04, 0x18, 0xAD, 0x21, 0xFF, 0xED, 0x56, 0x2F, 0x66,
    0x9E, 0x38, 0x0B, 0x0C, 0x04, 0x01, 0x00, 0xC0, 0x3A, 0xFF, 0xF5, 0xF8,
    0x08, 0x12, 0xA2, 0x46, 0x06, 0x02, 0x06, 0x00, 0xC0, 0x35, 0x00, 0x10,
    0x27, 0x00, 0x96, 0xCD, 0xA4, 0x16, 0xA2, 0x77, 0x6E, 0x99, 0xFC, 0x01,
    0x00, 0xC4, 0x94, 0xCE, 0xA8, 0x03, 0x6F, 0x9C, 0xBA, 0xA3, 0xB7, 0x19,
    0x01, 0x00, 0xC0, 0x0F, 0x0C, 0x00, 0x09, 0x11, 0x00, 0x07, 0x9D, 0xBA,
    0x05, 0xC0, 0x00, 0x21, 0x00, 0x95, 0xF9, 0xFF, 0xFF, 0x31, 0x66, 0xFF,
    0xDE, 0xB8, 0x00, 0x01, 0x04, 0xC0, 0x0B, 0x0A, 0x05, 0x20, 0x9B, 0xB8,
    0x95, 0xEF, 0x3E, 0x0C, 0x02, 0x05, 0x0F, 0x05, 0xC0, 0x00, 0xC8, 0x13,
    0x0A, 0x00, 0x00, 0xC7, 0x25, 0x1B, 0x12, 0xC5, 0x6F, 0x94, 0xBD, 0x13,
    0x00, 0xC4, 0x01, 0x04, 0x19, 0x01, 0x00, 0xC0, 0x0A, 0x04, 0xFF, 0xED,
    0x16, 0x2F, 0x66, 0xFF, 0xD5, 0xB7, 0x01, 0x05, 0x00, 0xC3, 0x96, 0xFD,
    0xFF, 0xF4, 0x95, 0x7E, 0xA3, 0x15, 0x06, 0x13, 0x11, 0x00, 0xC0, 0x30,
    0x00, 0x1E, 0x98, 0xCC, 0x00, 0x0B, 0xA2, 0x17, 0xA5, 0x55, 0xC0, 0xFF,
    0xBE, 0x99, 0x21, 0x00, 0xC4, 0x02, 0x9B, 0x6A, 0xA6, 0x35, 0x9B, 0xEB,
    0x05, 0x04, 0x01, 0x00, 0xC1, 0x10, 0x01, 0xC0, 0x0B, 0x01, 0xFF, 0xCD,
    0xF7, 0xA7, 0x65, 0x1D, 0x05, 0x00, 0xC0, 0x3C, 0xFF, 0xD6, 0x54, 0xFF,
    0xFF, 0x31, 0xC0, 0xFF, 0xDE, 0x97, 0x00, 0xC1, 0x05, 0x03, 0x1C, 0x00,
    0x95, 0xFB, 0xFF, 0xFF, 0x33, 0x9C, 0x9C, 0x0D, 0x94, 0xDE, 0x04, 0x05,
    0x00, 0x06, 0x0A, 0x00, 0xC8, 0x0D, 0x09, 0x00, 0x00, 0xC7, 0x2E, 0xFF,
    0xFC, 0x13, 0x12, 0xC5, 0x6F, 0x95, 0xBD, 0x14, 0x00, 0x05, 0x00, 0xC3,
    0x9B, 0xBA, 0x0C, 0x05, 0x00, 0xC0, 0x0A, 0x04, 0xFF, 0xE4, 0xF5, 0xA2,
    0x98, 0x9D, 0xA9, 0x36, 0x00, 0xC5, 0x97, 0xED, 0xFF, 0xEC, 0xB5, 0x7E,
    0xFF, 0xDE, 0x39, 0x07, 0xFF, 0x6B, 0x4D, 0x06, 0x00, 0xC0, 0x35, 0x05,
    0x15, 0x0E, 0x05, 0x01, 0x93, 0xCF, 0xA8, 0x13, 0x66, 0x9D, 0xEA, 0x00,
    0xC6, 0x07, 0x1E, 0xA8, 0x54, 0x17, 0x9B, 0xBB, 0x05, 0x00, 0xC1, 0x19,
    0x0B, 0x00, 0x11, 0x18, 0xA4, 0x97, 0x22, 0x1D, 0x05, 0x00, 0x21, 0x1D,
    0x95, 0xE9, 0xFF, 0xFF, 0x32, 0x69, 0xFF, 0xDE, 0x97, 0x00, 0xC4, 0x01,
    0x96, 0xF7, 0xA6, 0x61, 0x56, 0xFF, 0xDE, 0xD9, 0x02, 0x18, 0x00, 0xC0,
    0x06, 0x09, 0x00, 0xC8, 0x0C, 0x04, 0x00, 0x00, 0xC7, 0x3B, 0x1B, 0x12,
    0xC5, 0x6F, 0x98, 0xAB, 0xFF, 0xA5, 0x34, 0x02, 0x01, 0x00, 0xC3, 0x05,
    0x0B, 0x00, 0xC1, 0x15, 0x0A, 0xFF, 0xD5, 0x56, 0xFF, 0xF4, 0xD5, 0xA3,
    0x26, 0x06, 0x00, 0xC0, 0x05, 0x00, 0x05, 0xC0, 0x00, 0x01, 0xFF, 0xD5,
    0x56, 0xC0, 0x01, 0x37, 0xFF, 0x6B, 0x4E, 0x01, 0x00, 0xC0, 0x07, 0x05,
    0x00, 0x04, 0x06, 0x21, 0x0A, 0x97, 0xDD, 0x10, 0x0F, 0x00, 0xC7, 0x9B,
    0xCB, 0x66, 0x23, 0x51, 0x00, 0xC3, 0x0C, 0x41, 0x07, 0xA4, 0x65, 0x3A,
    0x6B, 0x17, 0x05, 0x00, 0x09, 0xA1, 0x98, 0x98, 0xC9, 0xFF, 0xFF, 0x11,
    0x5A, 0xFF, 0xDE, 0xB9, 0x00, 0xC4, 0x03, 0x99, 0xE4, 0xA6, 0x52, 0x61,
    0xFF, 0xDE, 0x97, 0x01, 0xFF, 0x83, 0xEF, 0x1C, 0x00, 0x01, 0x04, 0x00,
    0xC8, 0x07, 0xC0, 0x00, 0x00, 0xC7, 0x32, 0x08, 0x12, 0xC5, 0x6F, 0x9C,
    0x89, 0x27, 0xA9, 0x44, 0x07, 0x00, 0xC3, 0x0F, 0x04, 0x00, 0xC1, 0x9B,
    0xBA, 0x1C, 0x98, 0xFD, 0x96, 0xFE, 0xAA, 0x12, 0x00, 0xC3, 0x2A, 0x61,
    0xA8, 0x03, 0x22, 0x9D, 0xAA, 0xA2, 0x67, 0x17, 0xFF, 0xB5, 0x35, 0x95,
    0xCD, 0x01, 0x00, 0x05, 0x07, 0x00, 0xC0, 0x07, 0x9A, 0xCB, 0x06, 0x23,
    0x1D, 0x17, 0x00, 0xC3, 0x01, 0xC0, 0x00, 0xC0, 0x21, 0x9C, 0xBB, 0x1D,
    0x06, 0x09, 0x00, 0xC4, 0x0F, 0xC0, 0x06, 0x1D, 0xC0, 0x21, 0xC0, 0x05,
    0x07, 0xA3, 0x76, 0x34, 0x98, 0xE5, 0xA3, 0x67, 0x0A, 0x00, 0xC4, 0x0A,
    0x9A, 0xD2, 0xA6, 0x53, 0x51, 0xFF, 0xDE, 0x98, 0x06, 0x39, 0x02, 0x00,
    0x0F, 0x04, 0x00, 0xC8, 0x09, 0x07, 0x00, 0x00, 0xC7, 0xFF, 0xFD, 0x98,
    0x08, 0x12, 0xC5, 0x2C, 0x41, 0x97, 0x2A, 0x27, 0x0D, 0x01, 0x00, 0xC2,
    0x01, 0x04, 0x00, 0xC1, 0x9A, 0xCB, 0x7F, 0x9B, 0xEB, 0x22, 0x2D, 0x00,
    0xC3, 0x3F, 0x9B, 0xCC, 0x2A, 0x9B, 0xDB, 0x9A, 0xEB, 0xA4, 0x35, 0x23,
    0xFF, 0x94, 0x31, 0x14, 0x01, 0x00, 0x05, 0x07, 0x00, 0xC0, 0x04, 0x37,
    0xA7, 0x55, 0x06, 0x23, 0x17, 0x00, 0xC2, 0x09, 0x10, 0xC0, 0x0E, 0x0F,
    0x00, 0xC0, 0x06, 0x20, 0x09, 0x00, 0xC5, 0x0F, 0x0A, 0xC0, 0x7A, 0x1D,
    0x21, 0x00, 0x0B, 0x09, 0x17, 0x34, 0x02, 0x00, 0xC5, 0x06, 0x96, 0xF6,
    0xA8, 0x40, 0x9C, 0xAB, 0x04, 0x06, 0x02, 0x01, 0x00, 0x0F, 0x04, 0x00,
    0xC8, 0x11, 0x09, 0x00, 0x00, 0xC7, 0x26, 0x08, 0x12, 0xC6, 0x4A, 0x8E,
    0x9F, 0xFF, 0xAD, 0x75, 0x01, 0x0C, 0x00, 0xC2, 0x01, 0x19, 0x00, 0xC1,
    0x99, 0xDC, 0x9C, 0xBA, 0xA1, 0x98, 0x2D, 0xA2, 0x67, 0x00, 0xC1, 0x03,
    0x06, 0x00, 0x05, 0x17, 0x22, 0x1F, 0xA4, 0x36, 0x03, 0xFF, 0x94, 0x72,
    0x0C, 0x01, 0x00, 0x01, 0x07, 0x00, 0xC0, 0x04, 0x34, 0x93, 0xFF, 0x09,
    0x05, 0x00, 0xC2, 0x05, 0x15, 0x00, 0xC0, 0x02, 0x05, 0x01, 0x07, 0x13,
    0x51, 0x03, 0x00, 0xC5, 0x9D, 0x9A, 0x03, 0x34, 0xA3, 0x77, 0x17, 0x05,
    0x00, 0x0D, 0x34, 0x23, 0x01, 0x00, 0xC7, 0x95, 0xFC, 0x9E, 0xA2, 0x9F,
    0x8C, 0x01, 0x03, 0x01, 0x00, 0xC0, 0x0F, 0x04, 0x00, 0xC8, 0x05, 0x0F,
    0x00, 0x00, 0xC7, 0x1A, 0x08, 0x12, 0xC5, 0x6F, 0x9B, 0x9A, 0xFF, 0x6B,
    0x2C, 0x0A, 0x00, 0x02, 0x09, 0x00, 0xC1, 0x06, 0x19, 0x00, 0xC1, 0x0A,
    0x9D, 0xB9, 0x1D, 0x22, 0x1D, 0x00, 0xC0, 0x01, 0x13, 0xAA, 0x22, 0x00,
    0xC3, 0x05, 0xFF, 0xB5, 0x76, 0xA8, 0x44, 0x09, 0x01, 0x00, 0x9D, 0x9A,
    0x97, 0xED, 0x00, 0xC0, 0x04, 0x03, 0xC0, 0x20, 0x18, 0x10, 0x02, 0x11,
    0x01, 0x05, 0x00, 0x05, 0xC0, 0x0A, 0x10, 0x0D, 0x0B, 0x01, 0x09, 0x01,
    0x00, 0xC5, 0x15, 0x09, 0x0C, 0xA8, 0x34, 0x00, 0xC0, 0x05, 0x0B, 0x9B,
    0xDB, 0xAA, 0x23, 0x21, 0x00, 0xC0, 0x01, 0x15, 0x03, 0x0F, 0x00, 0xC1,
    0x0F, 0x29, 0x0A, 0x00, 0x9B, 0xAB, 0x01, 0x00, 0xC0, 0x0F, 0x04, 0x00,
    0xCB, 0x00, 0xC6, 0x05, 0x1A, 0x08, 0x12, 0xC5, 0x2C, 0x92, 0xAE, 0x0D,
    0x00, 0xC1, 0x0A, 0x10, 0x05, 0x00, 0x01, 0x04, 0x03, 0x00, 0xC0, 0x23,
    0x07, 0x02, 0x06, 0x00, 0xC1, 0x01, 0x07, 0x06, 0x00, 0xC1, 0x21, 0x09,
    0x13, 0x0C, 0x00, 0x07, 0x0F, 0x00, 0x02, 0xFF, 0xAD, 0x35, 0x01, 0x00,
    0x09, 0xC0, 0x02, 0x00, 0x01, 0x19, 0x10, 0x1E, 0x56, 0x18, 0x0D, 0x02,
    0xC0, 0x1E, 0x09, 0x05, 0x00, 0xC0, 0x04, 0x05, 0x00, 0xC4, 0x0F, 0x02,
    0x20, 0x07, 0x01, 0x00, 0xC0, 0x05, 0x0A, 0x9D, 0xB9, 0x95, 0xEE, 0xAC,
    0x01, 0x00, 0x0F, 0x94, 0xEF, 0x0B, 0x6B, 0x10, 0x0C, 0x06, 0x00, 0xC0,
    0x1D, 0x69, 0x23, 0x03, 0x05, 0x00, 0xC0, 0x01, 0x04, 0x00, 0xCB, 0x00,
    0xC6, 0x05, 0x1A, 0x08, 0x12, 0xC4, 0x6F, 0x9B, 0x9A, 0xFF, 0x83, 0xEF,
    0x01, 0x00, 0xC1, 0x04, 0xFF, 0x29, 0x05, 0xFF, 0x8C, 0x71, 0x10, 0x02,
    0x35, 0x18, 0x00, 0xC0, 0x01, 0x0C, 0xC0, 0x0D, 0x0E, 0x07, 0x11, 0x05,
    0x00, 0x06, 0x9A, 0xEB, 0x33, 0x9A, 0xCB, 0x9D, 0xAA, 0x9C, 0xBA, 0xFF,
    0xEE, 0xFB, 0x01, 0x00, 0x0B, 0x00, 0x06, 0x13, 0xFF, 0x5A, 0xCB, 0x1E,
    0x00, 0x0A, 0x35, 0x00, 0xC3, 0x01, 0x00, 0x01, 0x03, 0x00, 0x06, 0x11,
    0x02, 0x00, 0xC0, 0x01, 0x02, 0x00, 0xC3, 0x06, 0x11, 0x52, 0x20, 0x94,
    0xEE, 0x02, 0x06, 0x05, 0x00, 0xC0, 0x02, 0x00, 0x03, 0x0D, 0x1E, 0x02,
    0x15, 0x00, 0xC1, 0x03, 0x97, 0xCC, 0x06, 0x00, 0x98, 0xFD, 0x5E, 0x23,
    0x51, 0x00, 0xC1, 0x11, 0x19, 0x00, 0xCB, 0x00, 0xC6, 0x05, 0x2F, 0x08,
    0x12, 0xC4, 0x2C, 0x92, 0x9E, 0x0C, 0x00, 0xC2, 0x16, 0xFF, 0xA3, 0x0E,
    0xA6, 0x65, 0x93, 0xBE, 0xA6, 0x04, 0x38, 0x9C, 0xAA, 0x06, 0x00, 0xC0,
    0x37, 0x04, 0xC0, 0x0A, 0x5A, 0x16, 0xFF, 0x83, 0xF0, 0xA2, 0x66, 0x9A,
    0xCC, 0x9D, 0xFA, 0xA6, 0x76, 0x33, 0x2D, 0x51, 0x41, 0x95, 0xCD, 0x1E,
    0x0B, 0x00, 0x14, 0xFF, 0x5A, 0xAB, 0x55, 0xA5, 0x66, 0x07, 0x00, 0x04,
    0x00, 0xC3, 0x02, 0x09, 0x00, 0xC2, 0x01, 0x02, 0x00, 0xC0, 0x04, 0x03,
    0x11, 0x04, 0x11, 0x00, 0x0A, 0xFF, 0x84, 0x30, 0x51, 0xA2, 0x78, 0x99,
    0xCB, 0x3D, 0x03, 0xFF, 0xEE, 0x59, 0xA3, 0x77, 0x24, 0x05, 0x09, 0x05,
    0x00, 0xC0, 0x0A, 0x0C, 0x01, 0x05, 0x00, 0xC1, 0x04, 0x03, 0x00, 0x17,
    0x06, 0x01, 0x02, 0x00, 0xC1, 0x03, 0x15, 0x00, 0xCB, 0x00, 0xC6, 0x05,
    0x2F, 0x08, 0x12, 0xC3, 0x6F, 0x9B, 0x9A, 0xFF, 0x8C, 0x10, 0x0F, 0x00,
    0xC2, 0x3D, 0xFF, 0xCB, 0xD1, 0xAA, 0x44, 0x97, 0xAC, 0x98, 0x5A, 0x16,
    0x02, 0x0E, 0x00, 0xC0, 0x07, 0x06, 0x11, 0x0D, 0x03, 0x0D, 0xFF, 0x5A,
    0xAB, 0x9A, 0xEC, 0xFF, 0xAC, 0x11, 0x9D, 0x9A, 0x9C, 0x79, 0x1C, 0x00,
    0x06, 0xFF, 0x83, 0xAF, 0x98, 0xCC, 0x99, 0xBC, 0x0D, 0x3C, 0xFF, 0x73,
    0xAE, 0x94, 0xFF, 0xC0, 0x18, 0x04, 0x9C, 0xBB, 0x06, 0x05, 0x00, 0xC3,
    0x35, 0x03, 0x00, 0xC1, 0x9B, 0xAB, 0x03, 0x00, 0x3C, 0x02, 0x6F, 0x03,
    0x01, 0x02, 0x0B, 0x28, 0xFF, 0x10, 0xC4, 0x28, 0x16, 0x41, 0x51, 0x01,
    0xFF, 0xD5, 0xB7, 0xA4, 0x66, 0xAA, 0x13, 0x05, 0x09, 0x03, 0x01, 0x00,
    0xC2, 0x07, 0x0C, 0x19, 0x07, 0x10, 0x04, 0xC0, 0x0B, 0x0E, 0x16, 0x0C,
    0x00, 0xC1, 0x09, 0x11, 0x00, 0xCB, 0x00, 0xC6, 0x05, 0x2F, 0x08, 0x12,
    0xC3, 0x6F, 0x93, 0xAD, 0x0E, 0x00, 0xC2, 0x05, 0xFF, 0x94, 0x31, 0xFF,
    0xDC, 0x13, 0xA6, 0x65, 0x97, 0xAC, 0x9D, 0x07, 0x07, 0x00, 0x19, 0x0E,
    0x01, 0x03, 0x15, 0x00, 0x01, 0x16, 0x06, 0x0A, 0xFF, 0x9C, 0xB3, 0xFF,
    0x9B, 0xAF, 0xA5, 0x66, 0x9B, 0x7A, 0x01, 0x00, 0x01, 0x28, 0xA7, 0x55,
    0x65, 0xFF, 0xDE, 0xBB, 0x0E, 0x3E, 0x39, 0x9D, 0xAA, 0x3C, 0x00, 0x03,
    0x04, 0x15, 0x01, 0x06, 0x05, 0x00, 0xC0, 0x01, 0x10, 0x00, 0xC1, 0x04,
    0x0F, 0x00, 0xC0, 0x02, 0x15, 0x0A, 0x02, 0x14, 0xFF, 0x41, 0xC8, 0xFF,
    0x73, 0xAF, 0x0B, 0x01, 0x00, 0x16, 0x14, 0x00, 0x07, 0x16, 0x06, 0x00,
    0x15, 0x9C, 0xAA, 0x02, 0x9D, 0x99, 0x98, 0xCD, 0x0B, 0x07, 0x0C, 0x16,
    0x1E, 0xC0, 0x10, 0x0B, 0x09, 0x15, 0x11, 0x02, 0xC0, 0x00, 0xC1, 0x0B,
    0x04, 0x0F, 0x00, 0xCA, 0x00, 0xC7, 0xFF, 0xFD, 0x98, 0x08, 0x12, 0xC2,
    0x6F, 0x9C, 0x9A, 0xFF, 0x83, 0xCF, 0x01, 0x00, 0xC2, 0x01, 0xFF, 0x8B,
    0x8F, 0xA7, 0xD6, 0xA3, 0x77, 0x9D, 0x89, 0x90, 0x8E, 0xFF, 0x94, 0x51,
    0x02, 0x00, 0x9B, 0xAB, 0x0E, 0xC0, 0x20, 0x00, 0xC0, 0x02, 0x10, 0x00,
    0x21, 0x16, 0xFF, 0x6B, 0x0C, 0xA3, 0x66, 0x06, 0x21, 0x06, 0xFF, 0xAC,
    0xD3, 0x07, 0x27, 0x30, 0xFF, 0x6B, 0x6E, 0x0C, 0x04, 0xFF, 0x52, 0x8A,
    0x02, 0x00, 0xC0, 0x06, 0x0B, 0x0C, 0x0B, 0x1E, 0x03, 0x00, 0xC0, 0x04,
    0x07, 0x01, 0x0A, 0x07, 0x00, 0x05, 0x10, 0xA3, 0x66, 0x11, 0x0A, 0x04,
    0x28, 0x97, 0xDD, 0x04, 0x00, 0xC1, 0x14, 0x0D, 0x00, 0x04, 0x07, 0x0C,
    0x01, 0xC0, 0x02, 0x00, 0x04, 0x20, 0x07, 0x05, 0x21, 0x05, 0x00, 0xC3,
    0x05, 0x00, 0x02, 0x06, 0x00, 0xC0, 0x05, 0x07, 0x01, 0x0C, 0x11, 0x00,
    0xC9, 0x00, 0xC7, 0x1F, 0x1B, 0x12, 0xC2, 0x2C, 0x92, 0xBF, 0xFF, 0xBD,
    0xB6, 0x00, 0xC3, 0x0A, 0xFF, 0x92, 0xED, 0xAE, 0x62, 0x7B, 0x9D, 0x78,
    0x92, 0x7E, 0x29, 0x07, 0x34, 0x00, 0xC0, 0x01, 0x09, 0x0F, 0x00, 0xC0,
    0x10, 0x15, 0x00, 0xC0, 0xFF, 0xE6, 0x9A, 0xFF, 0xDC, 0xB4, 0x3B, 0x2A,
    0xC0, 0x9B, 0xAA, 0xA8, 0x03, 0xFF, 0x83, 0xEF, 0x6B, 0x18, 0x00, 0x09,
    0xFF, 0x41, 0xE8, 0x0C, 0x02, 0x9B, 0xBA, 0x07, 0x11, 0x00, 0xC0, 0x01,
    0x0E, 0x07, 0x00, 0x01, 0x0E, 0x00, 0x03, 0x02, 0x05, 0x0C, 0x03, 0x00,
    0xC2, 0x0C, 0xFF, 0x5A, 0xAB, 0x03, 0x00, 0xC1, 0x13, 0x0C, 0x00, 0x03,
    0x02, 0x15, 0x04, 0x34, 0x29, 0x00, 0x07, 0x13, 0x03, 0x00, 0xC4, 0x01,
    0x02, 0x0C, 0x11, 0x09, 0x05, 0x00, 0xC0, 0x11, 0x09, 0x00, 0x0F, 0x10,
    0x0A, 0x00, 0xC8, 0x00, 0xC7, 0x2E, 0x1B, 0x12, 0xC1, 0x2C, 0x52, 0x97,
    0x3A, 0x0A, 0x00, 0xC3, 0x04, 0xFF, 0xA3, 0x0E, 0xAE, 0x52, 0xC0, 0x93,
    0xAE, 0x28, 0x01, 0x00, 0x07, 0x35, 0x00, 0xC4, 0x01, 0x1E, 0x00, 0xC0,
    0x24, 0xFF, 0xF5, 0x77, 0x51, 0xA7, 0x35, 0x2E, 0x95, 0xDE, 0x9F, 0x37,
    0x55, 0x0E, 0x00, 0xC0, 0x1E, 0xFF, 0x39, 0x87, 0xFF, 0x73, 0xAF, 0x20,
    0x0F, 0x00, 0xC4, 0x07, 0x0D, 0x06, 0x0B, 0x01, 0x19, 0x03, 0x0C, 0x09,
    0x00, 0xC1, 0x05, 0x00, 0x06, 0xFF, 0x62, 0xEC, 0x0D, 0x00, 0xC1, 0xFF,
    0xA5, 0x14, 0x04, 0x00, 0x17, 0x24, 0x9D, 0x9A, 0x05, 0x23, 0xC0, 0x00,
    0x93, 0xFC, 0x9C, 0xAA, 0x00, 0xC3, 0x01, 0x02, 0x0A, 0x01, 0x00, 0x05,
    0x19, 0x00, 0xC1, 0x09, 0x06, 0x00, 0xC0, 0x15, 0xC0, 0x00, 0xC8, 0x00,
    0xC7, 0x2A, 0x1B, 0x12, 0xC1, 0x6F, 0x96, 0xAC, 0x13, 0x00, 0xC4, 0x0B,
    0xFF, 0xB3, 0x2F, 0xAD, 0x42, 0xC0, 0x92, 0xBE, 0xFF, 0x83, 0xEF, 0x0F,
    0x00, 0xC0, 0x04, 0x0E, 0x01, 0x00, 0xC3, 0x04, 0x07, 0x00, 0xC0, 0xFF,
    0xE6, 0x9A, 0xFF, 0xD5, 0x56, 0x22, 0x6F, 0xFF, 0xA4, 0xD3, 0x1E, 0x05,
    0x00, 0xC1, 0x04, 0xFF, 0x6B, 0x4D, 0x99, 0xBB, 0x02, 0x00, 0xC6, 0x07,
    0x14, 0xA4, 0x56, 0x10, 0x0C, 0x1E, 0x02, 0x03, 0x00, 0xC4, 0x13, 0x28,
    0x0F, 0x00, 0x05, 0x27, 0x02, 0x05, 0x24, 0x2A, 0x9B, 0xCB, 0x3A, 0x1D,
    0x50, 0x9A, 0xBA, 0xA1, 0x81, 0x7E, 0xA1, 0x6F, 0xA6, 0x45, 0x00, 0x05,
    0x09, 0x40, 0x06, 0x00, 0xC1, 0x03, 0x0A, 0x00, 0xC0, 0x01, 0x19, 0x00,
    0xC0, 0x01, 0x02, 0x00, 0xC9, 0x00, 0xC7, 0x25, 0x1B, 0x12, 0xC1, 0x5A,
    0x91, 0x8E, 0x07, 0x00, 0xC4, 0x10, 0xFF, 0xCB, 0x91, 0xA9, 0x54, 0xC0,
    0x94, 0x9C, 0xFF, 0x6B, 0x6E, 0x06, 0x00, 0xC1, 0x03, 0x1E, 0x04, 0x21,
    0x00, 0xC2, 0x0E, 0x0A, 0x02, 0x18, 0xAB, 0x32, 0x21, 0x05, 0x14, 0x01,
    0x00, 0xC3, 0x18, 0x3E, 0x06, 0x00, 0xC6, 0x02, 0x07, 0x1E, 0x3D, 0x20,
    0x02, 0x03, 0x0A, 0x00, 0xC4, 0x09, 0xFF, 0x52, 0xAB, 0x03, 0x00, 0x06,
    0xFF, 0x73, 0xAF, 0x02, 0x00, 0x17, 0xFF, 0xF6, 0x9B, 0xA4, 0x45, 0x05,
    0x94, 0xED, 0xA1, 0x91, 0xA3, 0x84, 0xA3, 0x66, 0xC0, 0x51, 0x9D, 0x9C,
    0xFF, 0xBD, 0xB6, 0x0C, 0x02, 0x00, 0xC3, 0x02, 0x0F, 0x01, 0x0A, 0x19,
    0x01, 0x00, 0x01, 0x02, 0x05, 0x00, 0xC9, 0x00, 0xC7, 0x25, 0x1B, 0x12,
    0xC0, 0x6F, 0x99, 0x9B, 0x39, 0x05, 0x00, 0xC4, 0x0D, 0xFF, 0xD3, 0xD2,
    0xA7, 0x65, 0x69, 0x95, 0x9D, 0x9B, 0x39, 0x07, 0x00, 0xC2, 0x05, 0x04,
    0x0E, 0x0C, 0x04, 0x02, 0xC0, 0x16, 0x20, 0x02, 0x0D, 0x1C, 0x00, 0x05,
    0xFF, 0xBD, 0x55, 0x06, 0x00, 0xC3, 0x16, 0xFF, 0x6B, 0x2D, 0x01, 0x00,
    0xC6, 0x02, 0x0B, 0x03, 0x01, 0x05, 0x01, 0x9D, 0x9A, 0x0A, 0x00, 0xC5,
    0x39, 0x0B, 0x00, 0x0A, 0xFF, 0x5A, 0x8B, 0x09, 0x00, 0x03, 0x06, 0x00,
    0xC0, 0x11, 0xFF, 0xD6, 0x33, 0xFF, 0xFF, 0x31, 0x6B, 0xC0, 0x6D, 0xFF,
    0xE6, 0x72, 0xFF, 0xC5, 0xD7, 0x01, 0x00, 0xC3, 0x01, 0x0B, 0x19, 0x02,
    0x15, 0x19, 0x00, 0x05, 0x0A, 0x05, 0x00, 0xCA, 0x00, 0xC7, 0x2A, 0x1B,
    0x12, 0xC0, 0x2C, 0x91, 0x9E, 0x37, 0x00, 0xC5, 0x16, 0xFF, 0xDC, 0x13,
    0xA5, 0x75, 0x6F, 0x96, 0x9C, 0xFF, 0x6B, 0x8E, 0x38, 0x21, 0x00, 0xC3,
    0x05, 0x03, 0x04, 0x94, 0xEE, 0x07, 0x0D, 0x0E, 0x02, 0x94, 0xFF, 0x17,
    0x3A, 0xFF, 0xF6, 0x3A, 0xFF, 0xD4, 0x73, 0xFF, 0xD5, 0xB7, 0x05, 0x00,
    0xC2, 0x0E, 0xFF, 0x5A, 0xCB, 0x06, 0x00, 0xC6, 0x0B, 0x07, 0x0A, 0x00,
    0xC0, 0x01, 0x15, 0x0A, 0x00, 0xC5, 0x0D, 0x98, 0xCC, 0x00, 0x98, 0xCD,
    0xFF, 0x39, 0x87, 0xFF, 0xD5, 0xF8, 0xA7, 0x54, 0x1C, 0x00, 0x05, 0xC0,
    0x00, 0x35, 0xFF, 0xEE, 0xB0, 0xA4, 0x66, 0x69, 0xA0, 0x7E, 0x03, 0x00,
    0xC5, 0x01, 0x19, 0x06, 0x00, 0x0F, 0x05, 0x00, 0xCE, 0x00, 0xC7, 0x25,
    0x08, 0x12, 0x6F, 0x9D, 0x89, 0x9A, 0x18, 0x1C, 0x00, 0xC5, 0x14, 0xFF,
    0xE4, 0x13, 0xA5, 0x65, 0xC0, 0x9A, 0x9B, 0xFF, 0x7B, 0xCF, 0x07, 0x0B,
    0x00, 0xC6, 0x0A, 0x97, 0xDD, 0x51, 0x20, 0x14, 0xA2, 0x97, 0x3F, 0xFF,
    0xFD, 0xD9, 0x98, 0xFC, 0x9D, 0x8A, 0xFF, 0xCD, 0x97, 0x00, 0xC3, 0x07,
    0xFF, 0x52, 0x6A, 0x03, 0x00, 0xC6, 0x0E, 0x6F, 0x03, 0x00, 0xC0, 0x01,
    0x02, 0x0A, 0x00, 0xC5, 0x0A, 0xFF, 0x73, 0x6E, 0x03, 0x13, 0xFF, 0x18,
    0x02, 0xFF, 0xBC, 0xF4, 0xFF, 0xFF, 0x3D, 0x05, 0x00, 0xC2, 0x95, 0xFB,
    0xFF, 0xFF, 0x11, 0x56, 0xA2, 0x5E, 0x05, 0x00, 0xCC, 0x0F, 0x09, 0x00,
    0xCC, 0x00, 0xC7, 0x22, 0x08, 0x12, 0x6F, 0x98, 0xAB, 0xFF, 0x9C, 0xD3,
    0x00, 0xC6, 0xFF, 0xB5, 0x55, 0xFF, 0xE4, 0x13, 0xA5, 0x65, 0xC0, 0x9C,
    0x9A, 0xFF, 0x7B, 0xAE, 0x0F, 0x96, 0xED, 0x01, 0x00, 0xC6, 0x07, 0x13,
    0x0A, 0x02, 0x0A, 0x97, 0xFD, 0xFF, 0xF5, 0x56, 0x62, 0x92, 0xCF, 0x36,
    0x00, 0xC3, 0x04, 0xFF, 0x41, 0xE7, 0x02, 0x00, 0xC6, 0x15, 0x96, 0xDE,
    0x03, 0x00, 0xC0, 0x01, 0x02, 0x7E, 0x00, 0xC6, 0xFF, 0xA4, 0xF4, 0xFF,
    0x62, 0xEC, 0x96, 0xCD, 0x13, 0x23, 0x17, 0x00, 0xC2, 0x0F, 0xFF, 0xDE,
    0x74, 0xA1, 0x84, 0xA1, 0x6E, 0x05, 0x00, 0xCE, 0x04, 0x11, 0x00, 0xCB,
    0x00, 0xC7, 0x24, 0x2C, 0x12, 0x6F, 0x91, 0xBE, 0xFF, 0xC6, 0x39, 0x00,
    0xC6, 0xFF, 0xAD, 0x35, 0xFF, 0xDB, 0xF2, 0xA7, 0x55, 0x65, 0x9C, 0x8A,
    0xFF, 0x7B, 0xCF, 0x05, 0x03, 0x07, 0x00, 0xC7, 0x04, 0xC0, 0x07, 0x01,
    0x00, 0x9B, 0xCB, 0xFF, 0xE5, 0x56, 0xFF, 0x9B, 0x6F, 0xFF, 0xC5, 0x35,
    0x05, 0x00, 0xC2, 0x95, 0xDD, 0xFF, 0x6B, 0x2C, 0x02, 0x00, 0xC6, 0x05,
    0x18, 0x03, 0x00, 0xC0, 0x01, 0x09, 0x0A, 0x00, 0xC6, 0x97, 0xCD, 0xFF,
    0x94, 0x31, 0x36, 0x17, 0x05, 0xC0, 0x00, 0xC3, 0xFF, 0xBD, 0xB5, 0xA7,
    0x45, 0x00, 0xC3, 0x05, 0x00, 0xCA, 0x01, 0x07, 0x00, 0xCB, 0x00, 0xC7,
    0x1D, 0xFF, 0xFC, 0xD5, 0x12, 0x56, 0x94, 0x5B, 0x02, 0x00, 0xC6, 0xFF,
    0xAD, 0x35, 0xFF, 0xC3, 0x50, 0xAC, 0x31, 0x66, 0x9A, 0x8A, 0xFF, 0x8C,
    0x71, 0x00, 0xC0, 0x29, 0x01, 0x00, 0xC7, 0x07, 0x3D, 0x02, 0x01, 0xC0,
    0x99, 0xEC, 0xFF, 0x8B, 0xCF, 0xA1, 0xF9, 0x2E, 0x00, 0xC2, 0x13, 0xC0,
    0x02, 0x00, 0xC7, 0x10, 0xA7, 0x45, 0x00, 0xC0, 0x01, 0x09, 0x15, 0x00,
    0xC5, 0x0F, 0x11, 0x36, 0xA6, 0x66, 0x1D, 0x05, 0x00, 0xC3, 0x15, 0x0A,
    0x00, 0xD0, 0x05, 0x00, 0x97, 0xCC, 0x11, 0x00, 0xCA, 0x00, 0xC7, 0x05,
    0x1A, 0x12, 0x9D, 0x89, 0xFF, 0x8C, 0x10, 0x0F, 0x00, 0xC6, 0x13, 0xFF,
    0xC3, 0x50, 0xAC, 0x32, 0x69, 0x93, 0xBF, 0xFF, 0xA5, 0x34, 0x00, 0xC0,
    0x0A, 0x0B, 0x00, 0xC8, 0x0E, 0xC0, 0x0F, 0x05, 0x0F, 0xFF, 0x73, 0xAE,
    0xFF, 0xCB, 0xD1, 0x2C, 0xFF, 0xFE, 0xBB, 0x00, 0xC0, 0x01, 0x28, 0x10,
    0x09, 0x00, 0xC7, 0x0A, 0x19, 0x00, 0xC0, 0x01, 0x09, 0x15, 0x00, 0xC5,
    0x01, 0x09, 0x07, 0x3A, 0x17, 0x00, 0xC3, 0x02, 0x03, 0x00, 0xCC, 0x05,
    0x01, 0x00, 0xC3, 0x11, 0x07, 0x00, 0xCA, 0x00, 0xC8, 0x1F, 0x08, 0x9A,
    0x9A, 0xFF, 0xAD, 0x75, 0x00, 0xC7, 0x14, 0xFF, 0xC3, 0x50, 0xAC, 0x32,
    0x51, 0x8F, 0x9E, 0x10, 0x00, 0xC1, 0x0E, 0x06, 0x00, 0xC8, 0x0C, 0x09,
    0x00, 0x01, 0xFF, 0x6B, 0x6D, 0xA6, 0xE7, 0xA3, 0xB8, 0xC0, 0xFF, 0xFE,
    0xBB, 0x00, 0x19, 0xFF, 0x6B, 0x4D, 0x03, 0x04, 0x00, 0xC7, 0x0F, 0x0C,
    0x00, 0xC0, 0x01, 0x02, 0x15, 0x00, 0xC6, 0x9A, 0xCB, 0xC0, 0x17, 0x00,
    0xC0, 0x05, 0x00, 0x05, 0x04, 0x03, 0x00, 0xCD, 0x03, 0x01, 0x00, 0xC4,
    0x97, 0xCC, 0x01, 0x00, 0xC9, 0x00, 0xC8, 0x2E, 0x12, 0x97, 0x8C, 0x10,
    0x0A, 0x00, 0xC6, 0x20, 0xFF, 0xBB, 0x30, 0xAE, 0x20, 0x97, 0xAC, 0xFF,
    0x73, 0xAE, 0x11, 0x00, 0xC1, 0x03, 0x0C, 0x00, 0xC9, 0x0E, 0xA8, 0x43,
    0x01, 0x3E, 0xAF, 0x82, 0xA1, 0xB8, 0x9D, 0xBA, 0x66, 0x2A, 0x98, 0x7A,
    0x9B, 0xAB, 0x00, 0x35, 0x00, 0xC8, 0x07, 0x11, 0x00, 0x01, 0x15, 0x02,
    0x00, 0xC0, 0x05, 0xC0, 0x00, 0xC1, 0x17, 0xFF, 0xF6, 0x7A, 0x22, 0x05,
    0x00, 0xC1, 0x05, 0x07, 0x03, 0x00, 0xCD, 0x05, 0x02, 0x00, 0xC5, 0x11,
    0x04, 0x00, 0xC9, 0x00, 0xC8, 0x25, 0xFF, 0xFC, 0x75, 0x9D, 0x27, 0x0D,
    0x16, 0x00, 0xC6, 0x1E, 0xFF, 0xBB, 0x2F, 0xAC, 0x32, 0xFF, 0x69, 0xC8,
    0x0D, 0x00, 0xC3, 0x0C, 0x03, 0x00, 0xC8, 0x05, 0x0E, 0xC0, 0xFF, 0x52,
    0x8A, 0xFF, 0xDD, 0x36, 0x1A, 0x9D, 0xBA, 0x61, 0x4F, 0x8E, 0x9E, 0x29,
    0x17, 0x0C, 0x05, 0x00, 0xC7, 0x03, 0x04, 0x00, 0x01, 0x15, 0x04, 0x00,
    0x05, 0x00, 0xC0, 0x05, 0x17, 0x00, 0x9C, 0xCB, 0xFF, 0xF5, 0xB8, 0xA6,
    0x24, 0xA8, 0x14, 0x01, 0x00, 0x21, 0x04, 0x06, 0x00, 0xCE, 0x11, 0x03,
    0x00, 0xC6, 0x07, 0x01, 0x00, 0xC8, 0x00, 0xC8, 0x2D, 0xFF, 0xF4, 0x95,
    0x9B, 0x28, 0x4A, 0xA6, 0x44, 0x00, 0xC6, 0x0C, 0xFF, 0xAB, 0x6F, 0x9D,
    0x89, 0xA2, 0x26, 0x06, 0x00, 0xC0, 0x17, 0x22, 0x17, 0x01, 0x0D, 0x05,
    0x00, 0xC9, 0x0D, 0xFF, 0x29, 0x04, 0xFF, 0x93, 0x6E, 0xB0, 0x41, 0x72,
    0x5E, 0x98, 0x8B, 0x99, 0x7A, 0x1F, 0xFF, 0xFC, 0x95, 0xFF, 0xCD, 0x35,
    0x0F, 0x25, 0xA3, 0x55, 0x00, 0xC0, 0x05, 0x00, 0xC3, 0x0C, 0x17, 0x52,
    0x02, 0x9B, 0xDB, 0x33, 0x1C, 0x00, 0xC0, 0x2E, 0x99, 0xEC, 0x1D, 0xC0,
    0xFF, 0xF5, 0xD9, 0x49, 0x3A, 0x09, 0x0F, 0x04, 0x01, 0x00, 0xCF, 0x09,
    0x0F, 0x00, 0xC6, 0x06, 0x04, 0x00, 0xC8, 0x00, 0xC8, 0x17, 0xFF, 0xF5,
    0x16, 0xFF, 0x82, 0xCC, 0xA3, 0x87, 0x9C, 0x89, 0x07, 0x00, 0xC5, 0x07,
    0xFF, 0x62, 0x09, 0x9A, 0xAB, 0x0E, 0x00, 0xC0, 0x05, 0xFF, 0xFE, 0x3A,
    0x33, 0x9C, 0xDB, 0x1D, 0x09, 0x0B, 0x00, 0xCA, 0x0D, 0xFF, 0x00, 0x00,
    0xFF, 0xAB, 0xF0, 0xAE, 0x32, 0x45, 0xFF, 0x6A, 0xAB, 0xFF, 0xB5, 0x55,
    0x1A, 0x12, 0xFF, 0xCD, 0x56, 0xA8, 0x44, 0x08, 0xFF, 0xF5, 0xF8, 0x00,
    0x2D, 0x2F, 0x1D, 0x00, 0x3F, 0x9D, 0xAA, 0x00, 0x98, 0xFD, 0xFF, 0xF5,
    0x77, 0xA7, 0x04, 0x04, 0x9D, 0xEB, 0x2F, 0xFF, 0xF6, 0x39, 0x00, 0xC0,
    0x1F, 0xFF, 0xFB, 0xD3, 0x33, 0x00, 0x05, 0x36, 0x0A, 0x02, 0x07, 0x01,
    0x00, 0xCF, 0x01, 0x09, 0x00, 0xC8, 0x04, 0x06, 0x00, 0xC7, 0x00, 0xC9,
    0x3B, 0xFF, 0xD3, 0x70, 0xA8, 0x44, 0x9A, 0x8B, 0x9E, 0x06, 0x02, 0x00,
    0xC4, 0x02, 0xFF, 0x39, 0x06, 0xFF, 0xA4, 0xF3, 0x00, 0xC1, 0x24, 0x9B,
    0xDB, 0x00, 0x22, 0x9B, 0xCB, 0x00, 0x0E, 0x15, 0x00, 0xCA, 0x1E, 0xFF,
    0x28, 0xC3, 0xFF, 0xB4, 0x72, 0xA4, 0x56, 0xFF, 0x39, 0x24, 0x07, 0xFF,
    0xFE, 0x39, 0x56, 0xFF, 0xEF, 0x3D, 0xFF, 0xEC, 0x74, 0x9C, 0xEB, 0xFF,
    0xF6, 0xDB, 0x00, 0x1A, 0xFF, 0xFC, 0x13, 0xFF, 0xF7, 0x5D, 0x05, 0xFF,
    0xFC, 0xD5, 0x5A, 0x21, 0x9B, 0xDC, 0xFF, 0xF4, 0xB5, 0x33, 0x0F, 0x24,
    0x2B, 0xFF, 0xF4, 0x94, 0x23, 0x00, 0x3A, 0x1F, 0xFF, 0xF7, 0x1C, 0x00,
    0xC0, 0x0B, 0x02, 0x9C, 0xBB, 0x01, 0x00, 0xD0, 0x15, 0x03, 0x00, 0xC8,
    0x01, 0x07, 0x00, 0xC7, 0x00, 0xC9, 0xFF, 0xFE, 0xDC, 0x08, 0x2C, 0xC0,
    0x94, 0x9D, 0x3E, 0x0E, 0x0A, 0x04, 0x02, 0x0C, 0x16, 0x9B, 0xBA, 0xFF,
    0x49, 0xC8, 0x34, 0x00, 0xC1, 0x3F, 0xA3, 0x46, 0x00, 0x17, 0x1F, 0x00,
    0x21, 0x0E, 0x21, 0x00, 0xCA, 0x29, 0xFF, 0x52, 0x08, 0x9D, 0xAA, 0xFF,
    0x83, 0xEF, 0x0F, 0x01, 0xC0, 0x06, 0xFF, 0xF5, 0xB7, 0xA4, 0x46, 0x01,
    0x00, 0xFF, 0xFD, 0x98, 0x55, 0x00, 0x1D, 0x12, 0xA7, 0x03, 0x00, 0x24,
    0xFF, 0xEC, 0x95, 0xFF, 0xEE, 0x5A, 0x00, 0x24, 0xFF, 0xFD, 0xD9, 0xFF,
    0xF4, 0x94, 0xFF, 0xEF, 0x1C, 0x00, 0xC3, 0x0A, 0x07, 0x15, 0x06, 0x00,
    0xD1, 0x04, 0x0F, 0x00, 0xC9, 0x04, 0x03, 0x00, 0xC6, 0x00, 0xC9, 0x24,
    0x12, 0xC0, 0x2C, 0x12, 0x98, 0x8B, 0x97, 0x6B, 0xA5, 0x35, 0x97, 0xED,
    0xA4, 0x76, 0x9E, 0xCA, 0xA4, 0x86, 0x9E, 0x59, 0x9B, 0x8A, 0x38, 0x00,
    0xC1, 0x31, 0x1D, 0x00, 0x21, 0x26, 0x1F, 0x6F, 0xA4, 0x15, 0x0E, 0x00,
    0xCB, 0x30, 0xFF, 0x52, 0x29, 0x20, 0x00, 0x05, 0x1C, 0x9C, 0xAA, 0x34,
    0x00, 0xC1, 0x17, 0xC0, 0x00, 0x21, 0x32, 0xA6, 0x14, 0x00, 0x17, 0xFF,
    0xF6, 0x9A, 0x9D, 0x79, 0x00, 0x17, 0x9A, 0xDC, 0xA2, 0x66, 0x03, 0x00,
    0xC3, 0x0A, 0x02, 0x00, 0xD2, 0x01, 0x19, 0x00, 0xCA, 0x01, 0x0B, 0x00,
    0xC6, 0x00, 0xC9, 0x1D, 0xFF, 0xFC, 0xB5, 0x12, 0xC1, 0x2C, 0x9C, 0x9A,
    0x9C, 0x8A, 0x7F, 0xA4, 0x86, 0x7F, 0x9B, 0x89, 0x91, 0xAF, 0x27, 0x0E,
    0x02, 0x00, 0x05, 0x31, 0x21, 0x00, 0x05, 0x3F, 0x23, 0x22, 0x31, 0x0E,
    0x09, 0x00, 0xCB, 0x04, 0x37, 0x00, 0xC1, 0x03, 0x0B, 0x00, 0xCA, 0x04,
    0x15, 0x00, 0xC1, 0x05, 0x00, 0xC2, 0x06, 0x19, 0x05, 0x00, 0xD2, 0x02,
    0x03, 0x00, 0xCB, 0x04, 0x0A, 0x00, 0xC5, 0x00, 0xCA, 0x1A, 0x08, 0x12,
    0xC1, 0x2C, 0xC0, 0x6B, 0x55, 0x95, 0xAD, 0x9C, 0x28, 0x0D, 0x3C, 0x00,
    0x10, 0x06, 0x00, 0xFF, 0xF6, 0x7A, 0x05, 0x00, 0xC2, 0x9A, 0xEB, 0x9B,
    0xCC, 0x00, 0x38, 0x01, 0x00, 0xCB, 0x09, 0x10, 0x00, 0xC0, 0x01, 0x07,
    0x00, 0xCA, 0x01, 0x29, 0x00, 0xC5, 0x06, 0x04, 0x05, 0x00, 0xD3, 0x04,
    0x05, 0x00, 0xCB, 0x05, 0x0C, 0x05, 0x00, 0xC4, 0x00, 0xCA, 0x2A, 0x1B,
    0x12, 0xC2, 0x2C, 0x12, 0x93, 0x8D, 0xFF, 0x7B, 0xAE, 0x09, 0x00, 0xC1,
    0x01, 0x94, 0xFF, 0x01, 0xFF, 0xFE, 0xDC, 0x21, 0x00, 0xC1, 0x24, 0x31,
    0x06, 0x11, 0x04, 0x18, 0x00, 0xCC, 0x02, 0x10, 0x00, 0x0F, 0x9A, 0xCB,
    0x00, 0xCB, 0x07, 0x02, 0x00, 0x05, 0x00, 0xC1, 0x11, 0x0B, 0x05, 0x00,
    0xD3, 0x06, 0x09, 0x00, 0xCD, 0x02, 0x19, 0x00, 0xC4, 0x00, 0xCA, 0x05,
    0x1A, 0x08, 0x12, 0xC0, 0x6F, 0x40, 0x95, 0xAD, 0x39, 0x03, 0x00, 0xC3,
    0x06, 0x0E, 0x0A, 0x00, 0x05, 0x9B, 0xDB, 0x2A, 0x59, 0x05, 0x9A, 0xAB,
    0x0A, 0x01, 0x16, 0x07, 0x00, 0xCC, 0x07, 0x10, 0x05, 0x9A, 0xBA, 0x00,
    0xCB, 0x0F, 0x96, 0xED, 0x00, 0xC2, 0x01, 0x0E, 0x01, 0x00, 0xD4, 0x02,
    0x11, 0x00, 0xCE, 0x30, 0x01, 0x00, 0xC3, 0x00, 0xCB, 0xFF, 0xFE, 0xBB,
    0x08, 0x12, 0x6F, 0x9D, 0x89, 0x91, 0x9E, 0xFF, 0x94, 0xD3, 0x01, 0x00,
    0xC5, 0x0F, 0x0C, 0x04, 0x17, 0x3F, 0x23, 0x00, 0x02, 0x04, 0x00, 0xC0,
    0x07, 0x10, 0x03, 0x00, 0xCC, 0x1E, 0x0D, 0x07, 0x00, 0xCC, 0x04, 0x03,
    0x00, 0xC1, 0x35, 0x0A, 0x00, 0xD5, 0x19, 0x00, 0xCF, 0x01, 0x07, 0x00,
    0xC3, 0xA0, 0x88, 
};

/* demo_rgb565_raw_be_64x80.bin (10246 bytes) */
const unsigned char demo_rgb565_raw_be_64x80[10246] =
{
    0x00, 0x00, 0x00, 0x40, 0x00, 0x50, 0x73, 0x6B, 0xBD, 0xD4, 0xBD, 0x93,
    0xBD, 0x93, 0xBD, 0x93, 0xBD, 0x93, 0xBD, 0x93, 0xBD, 0x93, 0xBD, 0x93,
    0xBD, 0x93, 0xBD, 0x93, 0xBD, 0x93, 0xBD, 0x93, 0xBD, 0x93, 0xBD, 0x93,
    0xBD, 0x4E, 0xBD, 0x4D, 0xBD, 0x4D, 0xBD, 0x4D, 0xBD, 0x4D, 0xBD, 0x4D,
    0xBD, 0x4D, 0xB5, 0x4D, 0xB5, 0x6D, 0xB5, 0x4D, 0xB5, 0x4D, 0xBD, 0x4D,
    0xBD, 0x4D, 0xBD, 0x4D, 0xBD, 0x4D, 0xBD, 0x4D, 0xBD, 0x92, 0xBD, 0x93,
    0xBD, 0x93, 0xBD, 0x93, 0xBD, 0x93, 0xBD, 0x93, 0xBD, 0x93, 0xBD, 0x93,
    0xBD, 0x93, 0xBD, 0x93, 0xBD, 0x93, 0xBD, 0x93, 0xBD, 0x93, 0xBD, 0x93,
    0xBD, 0x93, 0xBD, 0x93, 0xBD, 0x93, 0xBD, 0x93, 0xBD, 0x93, 0xBD, 0x93,
    0xBD, 0x93, 0xBD, 0x93, 0xBD, 0x93, 0xBD, 0x93, 0xBD, 0x93, 0xBD, 0x93,
    0xBD, 0x93, 0xBD, 0x93, 0xBD, 0x93, 0xBD, 0x93, 0xBD, 0x93, 0xBD, 0xB3,
    0xB5, 0x52, 0xA4, 0xD0, 0xFF, 0xFD, 0xFF, 0xFB, 0xFF, 0xFB, 0xFF, 0xFB,
    0xFF, 0xFB, 0xFF, 0xFB, 0xFF, 0xFB, 0xFF, 0xFB, 0xFF, 0xFB, 0xFF, 0xFB,
    0xFF, 0xFB, 0xFF, 0xFB, 0xFF, 0xFC, 0xFF, 0xD8, 0xFF, 0xB3, 0xFF, 0xB3,
    0xFF, 0xB3, 0xFF, 0xB3, 0xFF, 0xB3, 0xFF, 0xB3, 0xFF, 0xB3, 0xFF, 0xD3,
    0xFF, 0xD3, 0xFF, 0xB3, 0xFF, 0xB3, 0xFF, 0xB3, 0xFF, 0xB3, 0xFF, 0xB3,
    0xFF, 0xB3, 0xFF, 0xB3, 0xFF, 0xD6, 0xFF, 0xFB, 0xFF, 0xFB, 0xFF, 0xFB,
    0xFF, 0xFB, 0xFF, 0xFB, 0xFF, 0xFB, 0xFF, 0xFB, 0xFF, 0xFB, 0xFF, 0xFB,
    0xFF, 0xFB, 0xFF, 0xFB, 0xFF, 0xFB, 0xFF, 0xFB, 0xFF, 0xFB, 0xFF, 0xFB,
    0xFF, 0xFB, 0xFF, 0xFB, 0xFF, 0xFB, 0xFF, 0xFB, 0xFF, 0xFB, 0xFF, 0xFB,
    0xFF, 0xFB, 0xFF, 0xFB, 0xFF, 0xFB, 0xFF, 0xFB, 0xFF, 0xFB, 0xFF, 0xFB,
    0xFF, 0xFB, 0xFF, 0xFB, 0xFF, 0xFB, 0xFF, 0xFB, 0xFF, 0xBA, 0x9C, 0x8F,
    0xFF, 0xFB, 0xFF, 0x99, 0xFF, 0x99, 0xFF, 0x99, 0xFF, 0x99, 0xFF, 0x99,
    0xFF, 0x99, 0xFF, 0x99, 0xFF, 0x99, 0xFF, 0x99, 0xFF, 0x99, 0xFF, 0x9A,
    0xFF, 0x77, 0xFF, 0x32, 0xFF, 0x32, 0xFF, 0x32, 0xFF, 0x32, 0xFF, 0x32,
    0xFF, 0x32, 0xFF, 0x52, 0xF7, 0x52, 0xF7, 0x52, 0xFF, 0x52, 0xFF, 0x52,
    0xFF, 0x52, 0xFF, 0x52, 0xFF, 0x32, 0xFF, 0x32, 0xFF, 0x32, 0xFF, 0x32,
    0xFF, 0x32, 0xFF, 0x77, 0xFF, 0x9A, 0xFF, 0x99, 0xFF, 0x99, 0xFF, 0x99,
    0xFF, 0x99, 0xFF, 0x99, 0xFF, 0x99, 0xFF, 0x99, 0xFF, 0x99, 0xFF, 0x99,
    0xFF, 0x99, 0xFF, 0x99, 0xFF, 0x99, 0xFF, 0x99, 0xFF, 0x99, 0xFF, 0x99,
    0xFF, 0x99, 0xFF, 0x99, 0xFF, 0x99, 0xFF, 0x9A, 0xFF, 0x99, 0xFF, 0x99,
    0xFF, 0x99, 0xFF, 0x99, 0xFF, 0x99, 0xFF, 0x99, 0xFF, 0x99, 0xFF, 0x99,
    0xFF, 0x99, 0xFF, 0xBA, 0xF7, 0x39, 0x9C, 0x8F, 0xFF, 0xFB, 0xFF, 0x99,
    0xFF, 0x99, 0xFF, 0x99, 0xFF, 0x99, 0xFF, 0x99, 0xFF, 0x99, 0xFF, 0x99,
    0xFF, 0x99, 0xFF, 0x99, 0xFF, 0x9A, 0xFF, 0x78, 0xFF, 0x32, 0xFF, 0x32,
    0xFF, 0x32, 0xFF, 0x32, 0xFF, 0x32, 0xFF, 0x32, 0xFF, 0x32, 0xFF, 0x52,
    0xF7, 0x52, 0xFF, 0x52, 0xFF, 0x52, 0xFF, 0x52, 0xFF, 0x52, 0xFF, 0x52,
    0xFF, 0x32, 0xFF, 0x32, 0xFF, 0x32, 0xFF, 0x32, 0xFF, 0x31, 0xFF, 0x54,
    0xFF, 0x9A, 0xFF, 0x99, 0xFF, 0x99, 0xFF, 0x99, 0xFF, 0x99, 0xFF, 0x99,
    0xFF, 0x99, 0xFF, 0x99, 0xFF, 0x99, 0xFF, 0x99, 0xFF, 0x99, 0xFF, 0x99,
    0xFF, 0x99, 0xFF, 0x99, 0xFF, 0x99, 0xFF, 0x99, 0xFF, 0x99, 0xFF, 0x99,
    0xFF, 0x99, 0xFF, 0x99, 0xFF, 0x99, 0xFF, 0x99, 0xFF, 0x99, 0xFF, 0x99,
    0xFF, 0x99, 0xFF, 0x99, 0xFF, 0x99, 0xFF, 0x99, 0xFF, 0x99, 0xFF, 0xBA,
    0xF7, 0x39, 0x9C, 0x8F, 0xFF, 0xFB, 0xFF, 0x99, 0xFF, 0x99, 0xFF, 0x99,
    0xFF, 0x99, 0xFF, 0x99, 0xFF, 0x99, 0xFF, 0x99, 0xFF, 0x99, 0xFF, 0x9A,
    0xFF, 0x99, 0xFF, 0x53, 0xFF, 0x31, 0xFF, 0x32, 0xFF, 0x32, 0xFF, 0x32,
    0xFF, 0x32, 0xFF, 0x32, 0xFF, 0x52, 0xF7, 0x52, 0xFF, 0x52, 0xFF, 0x53,
    0xFF, 0x53, 0xFF, 0x53, 0xFF, 0x53, 0xFF, 0x52, 0xFF, 0x52, 0xFF, 0x32,
    0xFF, 0x32, 0xFF, 0x32, 0xFF, 0x32, 0xFF, 0x32, 0xFF, 0x77, 0xFF, 0x9A,
    0xFF, 0x99, 0xFF, 0x99, 0xFF, 0x99, 0xFF, 0x99, 0xFF, 0x99, 0xFF, 0x99,
    0xFF, 0x99, 0xFF, 0x99, 0xFF, 0x99, 0xFF, 0x99, 0xFF, 0x99, 0xFF, 0x99,
    0xFF, 0x99, 0xFF, 0x99, 0xFF, 0x99, 0xFF, 0x99, 0xFF, 0x99, 0xFF, 0x99,
    0xFF, 0x99, 0xFF, 0x99, 0xFF, 0x99, 0xFF, 0x99, 0xFF, 0x99, 0xFF, 0x99,
    0xFF, 0x99, 0xFF, 0x99, 0xFF, 0x99, 0xFF, 0xBA, 0xF7, 0x39, 0x9C, 0x8F,
    0xFF, 0xFB, 0xFF, 0x9A, 0xFF, 0x99, 0xFF, 0x99, 0xFF, 0x99, 0xFF, 0x99,
    0xFF, 0x99, 0xFF, 0x99, 0xFF, 0x99, 0xFF, 0x9A, 0xFF, 0x56, 0xFF, 0x31,
    0xFF, 0x32, 0xFF, 0x32, 0xFF, 0x32, 0xFF, 0x32, 0xFF, 0x32, 0xFF, 0x52,
    0xFF, 0x52, 0xF7, 0x52, 0xF7, 0x52, 0xFF, 0x53, 0xFF, 0x75, 0xFF, 0x54,
    0xFF, 0x53, 0xFF, 0x52, 0xF7, 0x52, 0xFF, 0x32, 0xFF, 0x32, 0xFF, 0x32,
    0xFF, 0x32, 0xFF, 0x32, 0xFF, 0x33, 0xFF, 0x99, 0xFF, 0x9A, 0xFF, 0x99,
    0xFF, 0x99, 0xFF, 0x99, 0xFF, 0x99, 0xFF, 0x99, 0xFF, 0x99, 0xFF, 0x99,
    0xFF, 0x99, 0xFF, 0x99, 0xFF, 0x99, 0xFF, 0x99, 0xFF, 0x99, 0xFF, 0x99,
    0xFF, 0x99, 0xFF, 0x99, 0xFF, 0x99, 0xFF, 0x99, 0xFF, 0x99, 0xFF, 0x99,
    0xFF, 0x99, 0xFF, 0x99, 0xFF, 0x99, 0xFF, 0x99, 0xFF, 0x99, 0xFF, 0x99,
    0xFF, 0x99, 0xFF, 0xBA, 0xF7, 0x39, 0x9C, 0x8F, 0xFF, 0xFB, 0xFF, 0x99,
    0xFF, 0x99, 0xFF, 0x99, 0xFF, 0x99, 0xFF, 0x99, 0xFF, 0x99, 0xFF, 0x99,
    0xFF, 0x9A, 0xFF, 0x78, 0xFF, 0x32, 0xFF, 0x32, 0xFF, 0x32, 0xFF, 0x32,
    0xFF, 0x32, 0xFF, 0x32, 0xFF, 0x52, 0xF7, 0x52, 0xFF, 0x52, 0xF7, 0x52,
    0xF7, 0x52, 0xFF, 0x76, 0xFF, 0x99, 0xFF, 0x78, 0xFF, 0x54, 0xFF, 0x52,
    0xFF, 0x52, 0xFF, 0x52, 0xFF, 0x32, 0xFF, 0x32, 0xFF, 0x32, 0xFF, 0x32,
    0xFF, 0x31, 0xFF, 0x76, 0xFF, 0x9A, 0xFF, 0x99, 0xFF, 0x99, 0xFF, 0x99,
    0xFF, 0x99, 0xFF, 0x99, 0xFF, 0x99, 0xFF, 0x99, 0xFF, 0x99, 0xFF, 0x99,
    0xFF, 0x99, 0xFF, 0x99, 0xFF, 0x99, 0xFF, 0x99, 0xFF, 0x99, 0xFF, 0x99,
    0xFF, 0x99, 0xFF, 0x99, 0xFF, 0x99, 0xFF, 0x99, 0xFF, 0x99, 0xFF, 0x99,
    0xFF, 0x99, 0xFF, 0x99, 0xFF, 0x99, 0xFF, 0x99, 0xFF, 0x99, 0xFF, 0xBA,
    0xF7, 0x39, 0x9C, 0x8F, 0xFF, 0xFB, 0xFF, 0x99, 0xFF, 0x99, 0xFF, 0x99,
    0xFF, 0x99, 0xFF, 0x99, 0xFF, 0x99, 0xFF, 0x99, 0xFF, 0x99, 0xFF, 0x33,
    0xFF, 0x31, 0xFF, 0x32, 0xFF, 0x32, 0xFF, 0x32, 0xFF, 0x32, 0xFF, 0x52,
    0xFF, 0x52, 0xF7, 0x52, 0xF7, 0x52, 0xFF, 0x52, 0xFF, 0x76, 0xFF, 0x99,
    0xFF, 0x99, 0xFF, 0x99, 0xFF, 0x77, 0xFF, 0x53, 0xFF, 0x52, 0xFF, 0x52,
    0xFF, 0x32, 0xFF, 0x32, 0xFF, 0x32, 0xFF, 0x32, 0xFF, 0x31, 0xFF, 0x53,
    0xFF, 0x99, 0xFF, 0x99, 0xFF, 0x99, 0xFF, 0x99, 0xFF, 0x99, 0xFF, 0x99,
    0xFF, 0x99, 0xFF, 0x99, 0xFF, 0x99, 0xFF, 0x99, 0xFF, 0x99, 0xFF, 0x99,
    0xFF, 0x99, 0xFF, 0x99, 0xFF, 0x99, 0xFF, 0x99, 0xFF, 0x99, 0xFF, 0x99,
    0xFF, 0x99, 0xFF, 0x99, 0xFF, 0x99, 0xFF, 0x99, 0xFF, 0x99, 0xFF, 0x99,
    0xFF, 0x99, 0xFF, 0x99, 0xFF, 0x99, 0xFF, 0xB9, 0xF7, 0x38, 0x9C, 0xB1,
    0xFF, 0xFD, 0xFF, 0xBC, 0xFF, 0xBC, 0xFF, 0xBC, 0xFF, 0xBC, 0xFF, 0xBC,
    0xFF, 0xBC, 0xFF, 0xBD, 0xFF, 0x55, 0xFF, 0x31, 0xFF, 0x32, 0xFF, 0x32,
    0xFF, 0x32, 0xFF, 0x32, 0xF7, 0x52, 0xF7, 0x52, 0xF7, 0x72, 0xF7, 0x73,
    0xFF, 0x72, 0xFF, 0x97, 0xFF, 0xDC, 0xFF, 0xBC, 0xFF, 0xBC, 0xFF, 0xDC,
    0xFF, 0xBC, 0xFF, 0x77, 0xFF, 0x52, 0xFF, 0x52, 0xFF, 0x32, 0xFF, 0x32,
    0xFF, 0x32, 0xFF, 0x32, 0xFF, 0x32, 0xFF, 0x31, 0xFF, 0x98, 0xFF, 0xBD,
    0xFF, 0xBC, 0xFF, 0xBC, 0xFF, 0xBC, 0xFF, 0xBC, 0xFF, 0xBC, 0xFF, 0xBC,
    0xFF, 0xBC, 0xFF, 0xBC, 0xFF, 0xBC, 0xFF, 0xBC, 0xFF, 0xBC, 0xFF, 0xBC,
    0xFF, 0xBC, 0xFF, 0xBC, 0xFF, 0xBC, 0xFF, 0xBC, 0xFF, 0xBC, 0xFF, 0xBC,
    0xFF, 0xBC, 0xFF, 0xBC, 0xFF, 0xBC, 0xFF, 0xBC, 0xFF, 0xBC, 0xFF, 0xBC,
    0xFF, 0xBC, 0xFF, 0xDD, 0xF7, 0x7B, 0x9C, 0xD3, 0xFF, 0xFF, 0xFF, 0xFF,
    0xFF, 0xFF, 0xFF, 0xFF, 0xFF, 0xFF, 0xFF, 0xFF, 0xFF, 0xFF, 0xFF, 0xBB,
    0xFF, 0x31, 0xFF, 0x32, 0xFF, 0x32, 0xFF, 0x32, 0xFF, 0x32, 0xF7, 0x52,
    0xF7, 0x72, 0xF7, 0x72, 0xF7, 0x73, 0xF7, 0x73, 0xFF, 0x96, 0xFF, 0xFE,
    0xFF, 0xFF, 0xFF, 0xFF, 0xFF, 0xFF, 0xFF, 0xFF, 0xFF, 0xFF, 0xFF, 0xDD,
    0xFF, 0x75, 0xFF, 0x52, 0xFF, 0x52, 0xFF, 0x32, 0xFF, 0x32, 0xFF, 0x32,
    0xFF, 0x32, 0xFF, 0x31, 0xFF, 0x55, 0xFF, 0xFF, 0xFF, 0xFF, 0xFF, 0xFF,
    0xFF, 0xFF, 0xFF, 0xFF, 0xFF, 0xFF, 0xFF, 0xFF, 0xFF, 0xFF, 0xFF, 0xFF,
    0xFF, 0xFF, 0xFF, 0xFF, 0xFF, 0xFF, 0xFF, 0xFF, 0xFF, 0xFF, 0xFF, 0xFF,
    0xFF, 0xFF, 0xFF, 0xFF, 0xFF, 0xFF, 0xFF, 0xFF, 0xFF, 0xFF, 0xFF, 0xFF,
    0xFF, 0xFF, 0xFF, 0xFF, 0xFF, 0xFF, 0xFF, 0xFF, 0xFF, 0xFF, 0xFF, 0xFF,
    0xF7, 0x9E, 0x9C, 0xD3, 0xFF, 0xFF, 0xFF, 0xFF, 0xFF, 0xFF, 0xFF, 0xFF,
    0xFF, 0xFF, 0xFF, 0xFF, 0xFF, 0xDE, 0xFF, 0x54, 0xFF, 0x31, 0xFF, 0x32,
    0xFF, 0x32, 0xFF, 0x32, 0xFF, 0x52, 0xF7, 0x52, 0xF7, 0x72, 0xF7, 0x73,
    0xF7, 0x93, 0xFF, 0x95, 0xFF, 0xFD, 0xFF, 0xFF, 0xFF, 0xFF, 0xFF, 0xFF,
    0xFF, 0xDF, 0xFF, 0xFF, 0xFF, 0xFF, 0xFF, 0xFF, 0xFF, 0xB9, 0xF7, 0x53,
    0xF7, 0x52, 0xF7, 0x32, 0xFF, 0x32, 0xFF, 0x32, 0xFF, 0x32, 0xFF, 0x32,
    0xFF, 0x31, 0xFF, 0xBA, 0xFF, 0xFF, 0xFF, 0xFF, 0xFF, 0xFF, 0xFF, 0xFF,
    0xFF, 0xFF, 0xFF, 0xFF, 0xFF, 0xFF, 0xFF, 0xFF, 0xFF, 0xFF, 0xFF, 0xFF,
    0xFF, 0xFF, 0xFF, 0xFF, 0xFF, 0xFF, 0xFF, 0xFF, 0xFF, 0xFF, 0xFF, 0xFF,
    0xFF, 0xFF, 0xFF, 0xFF, 0xFF, 0xFF, 0xFF, 0xFF, 0xFF, 0xFF, 0xFF, 0xFF,
    0xFF, 0xFF, 0xFF, 0xFF, 0xFF, 0xFF, 0xFF, 0xFF, 0xF7, 0x9E, 0x9C, 0xD3,
    0xFF, 0xFF, 0xFF, 0xFF, 0xFF, 0xFF, 0xFF, 0xFF, 0xFF, 0xFF, 0xFF, 0xFF,
    0xFF, 0x99, 0xFF, 0x31, 0xFF, 0x32, 0xFF, 0x32, 0xFF, 0x32, 0xFF, 0x32,
    0xF7, 0x52, 0xF7, 0x72, 0xF7, 0x73, 0xF7, 0x93, 0xF7, 0x93, 0xFF, 0xDA,
    0xFF, 0xFF, 0xFF, 0xFF, 0xFF, 0xFF, 0xFF, 0xFF, 0xFF, 0xFF, 0xFF, 0xFF,
    0xFF, 0xFF, 0xFF, 0xFF, 0xFF, 0xDD, 0xFF, 0x75, 0xF7, 0x72, 0xF7, 0x52,
    0xFF, 0x32, 0xFF, 0x32, 0xFF, 0x32, 0xFF, 0x32, 0xFF, 0x31, 0xFF, 0x54,
    0xFF, 0xFF, 0xFF, 0xFF, 0xFF, 0xFF, 0xFF, 0xFF, 0xFF, 0xFF, 0xFF, 0xFF,
    0xFF, 0xFF, 0xFF, 0xFF, 0xFF, 0xFF, 0xFF, 0xFF, 0xFF, 0xFF, 0xFF, 0xFF,
    0xFF, 0xFF, 0xFF, 0xFF, 0xFF, 0xFF, 0xFF, 0xFF, 0xFF, 0xFF, 0xFF, 0xFF,
    0xFF, 0xFF, 0xFF, 0xFF, 0xFF, 0xFF, 0xFF, 0xFF, 0xFF, 0xFF, 0xFF, 0xFF,
    0xFF, 0xFF, 0xFF, 0xFF, 0xF7, 0x9E, 0x9C, 0x8E, 0xFF, 0xD8, 0xFF, 0x98,
    0xFF, 0xBB, 0xFF, 0xDD, 0xFF, 0xFF, 0xFF, 0xBC, 0xFF, 0x32, 0xFF, 0x32,
    0xFF, 0x32, 0xFF, 0x32, 0xFF, 0x32, 0xFF, 0x52, 0xF7, 0x72, 0xF7, 0x72,
    0xF7, 0x73, 0xF7, 0x93, 0xFF, 0xB6, 0xFF, 0xFF, 0xFF, 0xFF, 0xFF, 0xFF,
    0xFF, 0xFF, 0xFF, 0xFF, 0xFF, 0xFF, 0xFF, 0xFF, 0xFF, 0xFF, 0xFF, 0xFF,
    0xFF, 0xFF, 0xFF, 0xBA, 0xF7, 0x52, 0xF7, 0x52, 0xFF, 0x32, 0xFF, 0x32,
    0xFF, 0x32, 0xFF, 0x32, 0xFF, 0x32, 0xFF, 0x31, 0xFF, 0xBA, 0xFF, 0xFF,
    0xFF, 0xFF, 0xFF, 0xFF, 0xFF, 0xFF, 0xFF, 0xFF, 0xFF, 0xFF, 0xFF, 0xFF,
    0xFF, 0xFF, 0xFF, 0xFF, 0xFF, 0xFF, 0xFF, 0xFF, 0xFF, 0xFF, 0xFF, 0xFF,
    0xFF, 0xFF, 0xFF, 0xFF, 0xFF, 0xFF, 0xFF, 0xFF, 0xFF, 0xFF, 0xFF, 0xFF,
    0xFF, 0xFF, 0xFF, 0xFF, 0xFF, 0xFF, 0xFF, 0xFF, 0xFF, 0xFF, 0xFF, 0xFF,
    0xF7, 0x9E, 0x9C, 0x4A, 0xFF, 0x92, 0xFF, 0x31, 0xFF, 0x31, 0xFF, 0x33,
    0xFF, 0x54, 0xFF, 0x53, 0xFF, 0x32, 0xFF, 0x32, 0xFF, 0x32, 0xFF, 0x32,
    0xFF, 0x32, 0xF7, 0x52, 0xF7, 0x72, 0xF7, 0x73, 0xF7, 0x73, 0xF7, 0x94,
    0xFF, 0xDC, 0xFF, 0xFF, 0xFF, 0xFF, 0xFF, 0xFF, 0xFF, 0xFF, 0xFF, 0xFF,
    0xFF, 0xFF, 0xFF, 0xFF, 0xFF, 0xFF, 0xFF, 0xFF, 0xFF, 0xFF, 0xFF, 0xFE,
    0xF7, 0x77, 0xFF, 0x52, 0xFF, 0x32, 0xFF, 0x32, 0xFF, 0x32, 0xFF, 0x32,
    0xFF, 0x32, 0xFF, 0x31, 0xFF, 0x55, 0xFF, 0xFF, 0xFF, 0xFF, 0xFF, 0xFF,
    0xFF, 0xFF, 0xFF, 0xFF, 0xFF, 0xFF, 0xFF, 0xFF, 0xFF, 0xFF, 0xFF, 0xFF,
    0xFF, 0xFF, 0xFF, 0xFF, 0xFF, 0xFF, 0xFF, 0xFF, 0xFF, 0xFF, 0xFF, 0xFF,
    0xFF, 0xFF, 0xFF, 0xFF, 0xFF, 0xFF, 0xFF, 0xFF, 0xFF, 0xFF, 0xFF, 0xFF,
    0xFF, 0xFF, 0xFF, 0xFF, 0xFF, 0xFF, 0xFF, 0xFF, 0xF7, 0x9E, 0x9C, 0x4B,
    0xFF, 0x93, 0xFF, 0x32, 0xFF, 0x32, 0xFF, 0x32, 0xFF, 0x31, 0xFF, 0x32,
    0xFF, 0x32, 0xFF, 0x32, 0xFF, 0x32, 0xFF, 0x32, 0xF7, 0x52, 0xF7, 0x73,
    0xF7, 0x73, 0xF7, 0x93, 0xF7, 0x93, 0xFF, 0xB9, 0xFF, 0xFF, 0xFF, 0xFF,
    0xFF, 0xFF, 0xFF, 0xFF, 0xFF, 0xFF, 0xFF, 0xFF, 0xFF, 0xFF, 0xFF, 0xFF,
    0xFF, 0xFF, 0xFF, 0xFF, 0xFF, 0xFF, 0xFF, 0xFF, 0xFF, 0xDD, 0xFF, 0x74,
    0xFF, 0x32, 0xFF, 0x32, 0xFF, 0x32, 0xFF, 0x32, 0xFF, 0x32, 0xFF, 0x32,
    0xFF, 0x31, 0xFF, 0xBB, 0xFF, 0xFF, 0xFF, 0xFF, 0xFF, 0xFF, 0xFF, 0xFF,
    0xFF, 0xFF, 0xFF, 0xFF, 0xFF, 0xFF, 0xFF, 0xFF, 0xFF, 0xFF, 0xFF, 0xFF,
    0xFF, 0xFF, 0xFF, 0xFF, 0xFF, 0xFF, 0xFF, 0xFF, 0xFF, 0xFF, 0xFF, 0xFF,
    0xFF, 0xFF, 0xFF, 0xFF, 0xFF, 0xFF, 0xFF, 0xFF, 0xFF, 0xFF, 0xFF, 0xFF,
    0xFF, 0xFF, 0xFF, 0xFF, 0xF7, 0x9E, 0x9C, 0x4B, 0xFF, 0x93, 0xFF, 0x32,
    0xFF, 0x32, 0xFF, 0x32, 0xFF, 0x32, 0xFF, 0x32, 0xFF, 0x32, 0xFF, 0x32,
    0xFF, 0x32, 0xF7, 0x52, 0xF7, 0x72, 0xF7, 0x73, 0xF7, 0x73, 0xF7, 0x93,
    0xFF, 0x96, 0xFF, 0xFE, 0xFF, 0xFF, 0xFF, 0xFF, 0xFF, 0xFF, 0xFF, 0xFF,
    0xFF, 0xFF, 0xFF, 0xFF, 0xFF, 0xFF, 0xFF, 0xFF, 0xFF, 0xFF, 0xFF, 0xFF,
    0xFF, 0xFF, 0xFF, 0xFF, 0xFF, 0xFF, 0xFF, 0xBA, 0xF7, 0x32, 0xFF, 0x32,
    0xFF, 0x32, 0xFF, 0x32, 0xFF, 0x32, 0xFF, 0x32, 0xFF, 0x31, 0xFF, 0x75,
    0xFF, 0xFF, 0xFF, 0xFF, 0xFF, 0xFF, 0xFF, 0xFF, 0xFF, 0xFF, 0xFF, 0xFF,
    0xFF, 0xFF, 0xFF, 0xFF, 0xFF, 0xFF, 0xFF, 0xFF, 0xFF, 0xFF, 0xFF, 0xFF,
    0xFF, 0xFF, 0xFF, 0xFF, 0xFF, 0xFF, 0xFF, 0xFF, 0xFF, 0xFF, 0xFF, 0xFF,
    0xFF, 0xFF, 0xFF, 0xFF, 0xFF, 0xFF, 0xFF, 0xFF, 0xFF, 0xFF, 0xFF, 0xFF,
    0xF7, 0x9E, 0x9C, 0x6B, 0xFF, 0x93, 0xFF, 0x32, 0xFF, 0x32, 0xFF, 0x32,
    0xFF, 0x32, 0xFF, 0x32, 0xFF, 0x32, 0xFF, 0x32, 0xFF, 0x32, 0xF7, 0x52,
    0xF7, 0x72, 0xF7, 0x73, 0xF7, 0x93, 0xF7, 0x94, 0xFF, 0xDB, 0xFF, 0xFF,
    0xFF, 0xFF, 0xFF, 0xFF, 0xFF, 0xFF, 0xFF, 0xFF, 0xFF, 0xFF, 0xFF, 0xFF,
    0xFF, 0xFF, 0xFF, 0xFF, 0xFF, 0xFF, 0xFF, 0xFF, 0xFF, 0xFF, 0xFF, 0xFF,
    0xFF, 0xFF, 0xFF, 0xFD, 0xFF, 0x74, 0xF7, 0x32, 0xFF, 0x32, 0xFF, 0x32,
    0xFF, 0x32, 0xFF, 0x32, 0xFF, 0x32, 0xFF, 0x32, 0xFF, 0xDC, 0xFF, 0xFF,
    0xFF, 0xFF, 0xFF, 0xFF, 0xFF, 0xFF, 0xFF, 0xFF, 0xFF, 0xFF, 0xFF, 0xFF,
    0xFF, 0xFF, 0xFF, 0xFF, 0xFF, 0xFF, 0xFF, 0xFF, 0xFF, 0xFF, 0xFF, 0xFF,
    0xFF, 0xFF, 0xFF, 0xFF, 0xFF, 0xFF, 0xFF, 0xFF, 0xFF, 0xFF, 0xFF, 0xFF,
    0xFF, 0xFF, 0xFF, 0xFF, 0xFF, 0xFF, 0xFF, 0xFF, 0xF7, 0x9E, 0x9C, 0x6C,
    0xFF, 0xD4, 0xFF, 0x52, 0xFF, 0x32, 0xFF, 0x32, 0xFF, 0x32, 0xFF, 0x32,
    0xFF, 0x32, 0xFF, 0x32, 0xFF, 0x52, 0xF7, 0x72, 0xF7, 0x73, 0xF7, 0x93,
    0xF7, 0x93, 0xFF, 0xB8, 0xFF, 0xFF, 0xFF, 0xFF, 0xFF, 0xFF, 0xFF, 0xFF,
    0xFF, 0xFF, 0xFF, 0xFF, 0xFF, 0xFF, 0xFF, 0xFF, 0xFF, 0xFF, 0xFF, 0xFF,
    0xFF, 0xFF, 0xFF, 0xFF, 0xFF, 0xFF, 0xFF, 0xFF, 0xCE, 0x58, 0x7B, 0x6B,
    0xD6, 0x31, 0xFF, 0x94, 0xF7, 0x32, 0xFF, 0x32, 0xFF, 0x32, 0xFF, 0x32,
    0xFF, 0x32, 0xFF, 0x31, 0xFF, 0x54, 0xFF, 0x76, 0xFF, 0x77, 0xFF, 0xBA,
    0xFF, 0xBB, 0xFF, 0xDD, 0xFF, 0xDE, 0xFF, 0xFF, 0xFF, 0xFF, 0xFF, 0xFF,
    0xFF, 0xFF, 0xFF, 0xFF, 0xFF, 0xFF, 0xFF, 0xFF, 0xFF, 0xFF, 0xFF, 0xFF,
    0xFF, 0xFF, 0xFF, 0xFF, 0xFF, 0xFF, 0xFF, 0xFF, 0xFF, 0xFF, 0xFF, 0xFF,
    0xFF, 0xFF, 0xFF, 0xFF, 0xF7, 0x9E, 0x62, 0xA9, 0xDE, 0x54, 0xFF, 0x75,
    0xFF, 0x73, 0xFF, 0x32, 0xFF, 0x32, 0xFF, 0x32, 0xFF, 0x32, 0xFF, 0x32,
    0xF7, 0x52, 0xF7, 0x73, 0xF7, 0x93, 0xF7, 0x93, 0xFF, 0x97, 0xFF, 0xDD,
    0xFF, 0xFF, 0xFF, 0xFF, 0xFF, 0xFF, 0xFF, 0xFF, 0xFF, 0xFF, 0xFF, 0xFF,
    0xFF, 0xFF, 0xFF, 0xFF, 0xFF, 0xFF, 0xFF, 0xFF, 0xFF, 0xFF, 0xFF, 0xFF,
    0xFF, 0xFF, 0xCE, 0x58, 0x52, 0x27, 0x94, 0x30, 0x8B, 0xCE, 0xCD, 0xD0,
    0xFF, 0xB4, 0xF7, 0x32, 0xFF, 0x32, 0xFF, 0x32, 0xFF, 0x32, 0xFF, 0x32,
    0xFF, 0x31, 0xFF, 0x31, 0xFF, 0x31, 0xFF, 0x31, 0xFF, 0x32, 0xFF, 0x32,
    0xFF, 0x54, 0xFF, 0x55, 0xFF, 0x76, 0xFF, 0x98, 0xFF, 0xBB, 0xFF, 0xDE,
    0xFF, 0xFF, 0xFF, 0xFF, 0xFF, 0xFF, 0xFF, 0xFF, 0xFF, 0xFF, 0xFF, 0xFF,
    0xFF, 0xFF, 0xFF, 0xFF, 0xFF, 0xFF, 0xFF, 0xFF, 0xFF, 0xFF, 0xFF, 0xFF,
    0xF7, 0x9E, 0x52, 0x49, 0x73, 0x4D, 0x9C, 0x4F, 0xDE, 0x94, 0xFF, 0x94,
    0xFF, 0x73, 0xF7, 0x52, 0xF7, 0x52, 0xF7, 0x52, 0xF7, 0x73, 0xF7, 0x73,
    0xF7, 0x93, 0xFF, 0x96, 0xFF, 0xDC, 0xFF, 0xFF, 0xFF, 0xFF, 0xFF, 0xFF,
    0xFF, 0xFF, 0xFF, 0xFF, 0xFF, 0xFF, 0xFF, 0xFF, 0xFF, 0xFF, 0xFF, 0xFF,
    0xFF, 0xFF, 0xFF, 0xFF, 0xFF, 0xFF, 0xFF, 0xFF, 0xDE, 0xDA, 0x52, 0x27,
    0xAD, 0x55, 0xFF, 0xFF, 0xDE, 0xBB, 0x62, 0x49, 0xD6, 0x11, 0xFF, 0x93,
    0xFF, 0x32, 0xFF, 0x32, 0xFF, 0x32, 0xFF, 0x32, 0xFF, 0x32, 0xFF, 0x32,
    0xFF, 0x32, 0xFF, 0x32, 0xFF, 0x32, 0xFF, 0x32, 0xFF, 0x31, 0xFF, 0x31,
    0xFF, 0x31, 0xFF, 0x31, 0xFF, 0x31, 0xFF, 0x53, 0xFF, 0x75, 0xFF, 0x77,
    0xFF, 0xBB, 0xFF, 0xFF, 0xFF, 0xFF, 0xFF, 0xFF, 0xFF, 0xFF, 0xFF, 0xFF,
    0xFF, 0xFF, 0xFF, 0xFF, 0xFF, 0xFF, 0xFF, 0xFF, 0xF7, 0x9E, 0x94, 0xB2,
    0xD6, 0xBA, 0x83, 0xEF, 0x6A, 0xCB, 0x94, 0x2E, 0xDE, 0x52, 0xFF, 0x74,
    0xFF, 0x94, 0xF7, 0x73, 0xF7, 0x73, 0xF7, 0x93, 0xF7, 0x95, 0xFF, 0xBA,
    0xFF, 0xFF, 0xFF, 0xFF, 0xFF, 0xFF, 0xFF, 0xFF, 0xFF, 0xFF, 0xFF, 0xFF,
    0xFF, 0xFF, 0xFF, 0xFF, 0xFF, 0xFF, 0xFF, 0xFF, 0xFF, 0xFF, 0xFF, 0xFF,
    0xFF, 0xFF, 0xE7, 0x3B, 0x52, 0x06, 0xA4, 0xD3, 0xFF, 0xFF, 0xFF, 0xFF,
    0xFF, 0xFF, 0x9C, 0xB3, 0x5A, 0x26, 0xEF, 0x13, 0xFF, 0x52, 0xFF, 0x32,
    0xFF, 0x32, 0xFF, 0x32, 0xFF, 0x32, 0xFF, 0x32, 0xFF, 0x32, 0xFF, 0x32,
    0xFF, 0x32, 0xFF, 0x32, 0xFF, 0x32, 0xFF, 0x32, 0xFF, 0x32, 0xFF, 0x32,
    0xFF, 0x32, 0xFF, 0x31, 0xFF, 0x31, 0xFF, 0x10, 0xFF, 0x76, 0xFF, 0xFF,
    0xFF, 0xFF, 0xFF, 0xFF, 0xFF, 0xFF, 0xFF, 0xFF, 0xFF, 0xFF, 0xFF, 0xFF,
    0xFF, 0xFF, 0xFF, 0xFF, 0xF7, 0x9E, 0x9C, 0xD3, 0xFF, 0xFF, 0xFF, 0xFF,
    0xCE, 0x79, 0x94, 0x51, 0x73, 0x4C, 0x8B, 0xCC, 0xBD, 0x70, 0xF7, 0x55,
    0xFF, 0x95, 0xFF, 0xD6, 0xFF, 0xF9, 0xFF, 0xFE, 0xFF, 0xFF, 0xFF, 0xFF,
    0xFF, 0xFF, 0xFF, 0xFF, 0xFF, 0xFF, 0xFF, 0xFF, 0xFF, 0xFF, 0xBD, 0xB6,
    0xDE, 0xFB, 0xFF, 0xFF, 0xFF, 0xFF, 0xFF, 0xFF, 0xF7, 0x9D, 0x62, 0x89,
    0x94, 0x50, 0xFF, 0xFF, 0xFF, 0xFF, 0xFF, 0xFF, 0xFF, 0xFF, 0xFF, 0xDE,
    0x73, 0x4C, 0x94, 0x0B, 0xFF, 0xB4, 0xFF, 0x32, 0xFF, 0x32, 0xFF, 0x32,
    0xFF, 0x32, 0xFF, 0x32, 0xFF, 0x32, 0xFF, 0x32, 0xFF, 0x32, 0xFF, 0x32,
    0xFF, 0x32, 0xFF, 0x32, 0xFF, 0x32, 0xFF, 0x32, 0xFF, 0x32, 0xFF, 0x32,
    0xFF, 0x32, 0xFF, 0x31, 0xFF, 0x78, 0xFF, 0xFF, 0xFF, 0xFF, 0xFF, 0xFF,
    0xFF, 0xFF, 0xFF, 0xFF, 0xFF, 0xFF, 0xFF, 0xFF, 0xFF, 0xFF, 0xFF, 0xFF,
    0xF7, 0x9E, 0x9C, 0xD3, 0xFF, 0xFF, 0xFF, 0xFF, 0xFF, 0xFF, 0xFF, 0xFF,
    0xEF, 0x5D, 0xBD, 0xB6, 0xA4, 0xF3, 0xB5, 0x92, 0xB5, 0x71, 0xBD, 0x91,
    0xDE, 0x96, 0xEF, 0x5C, 0xFF, 0xDF, 0xFF, 0xFF, 0xFF, 0xFF, 0xFF, 0xFF,
    0xFF, 0xFF, 0xF7, 0xDE, 0xB5, 0x96, 0x52, 0x47, 0x6A, 0xEB, 0xDE, 0xFB,
    0xFF, 0xFF, 0xFF, 0xFF, 0x73, 0x4C, 0x83, 0xAE, 0xFF, 0xFF, 0xFF, 0xFF,
    0xFF, 0xFF, 0xFF, 0xFF, 0xFF, 0xFF, 0xFF, 0xFF, 0xE7, 0x3C, 0x6A, 0xCA,
    0xD6, 0x31, 0xFF, 0x73, 0xF7, 0x52, 0xFF, 0x32, 0xFF, 0x32, 0xFF, 0x32,
    0xFF, 0x32, 0xFF, 0x32, 0xFF, 0x32, 0xFF, 0x32, 0xFF, 0x32, 0xFF, 0x32,
    0xFF, 0x32, 0xFF, 0x32, 0xFF, 0x32, 0xFF, 0x32, 0xFF, 0x32, 0xFF, 0x31,
    0xFF, 0x78, 0xFF, 0xFF, 0xFF, 0xFF, 0xFF, 0xFF, 0xFF, 0xFF, 0xFF, 0xFF,
    0xFF, 0xFF, 0xFF, 0xFF, 0xFF, 0xFF, 0xFF, 0xFF, 0xF7, 0x9E, 0x9C, 0xD3,
    0xFF, 0xFF, 0xFF, 0xFF, 0xFF, 0xFF, 0xFF, 0xFF, 0xFF, 0xFF, 0xFF, 0xFF,
    0xFF, 0xDF, 0xDE, 0xFB, 0xC6, 0x18, 0xAD, 0x54, 0xA4, 0xB1, 0x83, 0xCE,
    0x83, 0xAE, 0x8C, 0x30, 0x9C, 0xB2, 0x9C, 0xD2, 0x83, 0xEF, 0x6A, 0xEA,
    0x4A, 0x07, 0xBD, 0x70, 0x9C, 0x6C, 0x52, 0x49, 0xCE, 0x59, 0x94, 0x71,
    0x5A, 0x68, 0xF7, 0xBE, 0xFF, 0xFF, 0xFF, 0xFF, 0xFF, 0xFF, 0xFF, 0xFF,
    0xFF, 0xFF, 0xFF, 0xFF, 0xFF, 0xFF, 0xBD, 0xB6, 0x7B, 0x49, 0xFF, 0x74,
    0xF7, 0x73, 0xF7, 0x52, 0xF7, 0x52, 0xF7, 0x52, 0xFF, 0x32, 0xF7, 0x32,
    0xF7, 0x32, 0xF7, 0x32, 0xFF, 0x32, 0xFF, 0x32, 0xFF, 0x32, 0xFF, 0x32,
    0xFF, 0x32, 0xFF, 0x32, 0xFF, 0x32, 0xFF, 0x31, 0xFF, 0x98, 0xFF, 0xFF,
    0xFF, 0xFF, 0xFF, 0xFF, 0xFF, 0xFF, 0xFF, 0xFF, 0xFF, 0xFF, 0xFF, 0xFF,
    0xFF, 0xFF, 0xFF, 0xFF, 0xF7, 0x9E, 0x9C, 0xD3, 0xFF, 0xFF, 0xFF, 0xFF,
    0xFF, 0xFF, 0xFF, 0xDF, 0xFF, 0xDF, 0xFF, 0xDF, 0xEF, 0x7D, 0xDE, 0xFB,
    0xDE, 0xFB, 0xE7, 0x3C, 0xE7, 0x3C, 0xDE, 0xDA, 0xCE, 0x58, 0xC6, 0x18,
    0xC5, 0xF7, 0xBD, 0xD6, 0x94, 0x51, 0x83, 0xAB, 0xD5, 0xEF, 0xF6, 0xF2,
    0xF7, 0x12, 0x94, 0x2B, 0x62, 0xA8, 0x41, 0xA5, 0xB5, 0x76, 0xFF, 0xFF,
    0xFF, 0xFF, 0xFF, 0xFF, 0xFF, 0xFF, 0xFF, 0xFF, 0xFF, 0xFF, 0xFF, 0xFF,
    0xFF, 0xFF, 0xFF, 0xFF, 0x83, 0xCE, 0xAC, 0xEE, 0xFF, 0xB5, 0xF7, 0x73,
    0xF7, 0x72, 0xF7, 0x72, 0xF7, 0x72, 0xF7, 0x52, 0xF7, 0x52, 0xF7, 0x52,
    0xF7, 0x52, 0xF7, 0x52, 0xF7, 0x52, 0xF7, 0x52, 0xF7, 0x52, 0xF7, 0x52,
    0xF7, 0x52, 0xFF, 0x52, 0xFF, 0x98, 0xFF, 0xFF, 0xFF, 0xFF, 0xFF, 0xFF,
    0xFF, 0xFF, 0xFF, 0xFF, 0xFF, 0xFF, 0xFF, 0xFF, 0xFF, 0xFF, 0xFF, 0xFF,
    0xF7, 0x9E, 0x9C, 0xD3, 0xFF, 0xFF, 0xFF, 0xFF, 0xFF, 0xFF, 0xFF, 0xFF,
    0xFF, 0xFF, 0xEF, 0x7D, 0xDE, 0xDA, 0xD6, 0x99, 0xDE, 0xDA, 0xF7, 0x9D,
    0xFF, 0xFF, 0xFF, 0xFF, 0xFF, 0xFF, 0xFF, 0xFF, 0xFF, 0xFF, 0xFF, 0xFF,
    0xFF, 0xFF, 0xE7, 0x1B, 0xEE, 0xD3, 0xFF, 0x52, 0xFF, 0x52, 0xFF, 0x72,
    0xF6, 0xF1, 0xDE, 0x30, 0xD6, 0x55, 0xCE, 0x59, 0xF7, 0xBE, 0xFF, 0xFF,
    0xFF, 0xFF, 0xFF, 0xFF, 0xFF, 0xFF, 0xFF, 0xFF, 0xFF, 0xFF, 0xFF, 0xFF,
    0xDE, 0xFB, 0x52, 0x07, 0xCD, 0xF2, 0xFF, 0xD9, 0xFF, 0x97, 0xF7, 0x95,
    0xF7, 0x94, 0xF7, 0x73, 0xF7, 0x72, 0xF7, 0x72, 0xF7, 0x72, 0xF7, 0x72,
    0xF7, 0x72, 0xF7, 0x72, 0xF7, 0x72, 0xF7, 0x72, 0xF7, 0x72, 0xF7, 0x72,
    0xFF, 0xB9, 0xFF, 0xFF, 0xFF, 0xFF, 0xFF, 0xFF, 0xFF, 0xFF, 0xFF, 0xFF,
    0xFF, 0xFF, 0xFF, 0xFF, 0xFF, 0xFF, 0xFF, 0xFF, 0xF7, 0x9E, 0x9C, 0xD3,
    0xFF, 0xFF, 0xFF, 0xFF, 0xFF, 0xFF, 0xFF, 0xFF, 0xDE, 0xFB, 0xDE, 0xBA,
    0xEF, 0x7D, 0xFF, 0xFF, 0xFF, 0xFF, 0xFF, 0xFF, 0xFF, 0xFF, 0xFF, 0xFF,
    0xFF, 0xFF, 0xFF, 0xFF, 0xFF, 0xFF, 0xFF, 0xFF, 0xFF, 0xFF, 0xFF, 0xFF,
    0xDE, 0x75, 0xF6, 0xD0, 0xFF, 0x51, 0xFF, 0x52, 0xF6, 0xF2, 0xDE, 0x53,
    0xDE, 0x98, 0xE7, 0x5C, 0xCE, 0x79, 0xEF, 0x7D, 0xFF, 0xFF, 0xFF, 0xFF,
    0xFF, 0xFF, 0xFF, 0xFF, 0xFF, 0xFF, 0xFF, 0xFF, 0xFF, 0xFF, 0x94, 0x50,
    0x73, 0x2A, 0xFF, 0xFE, 0xFF, 0xFE, 0xFF, 0xFE, 0xFF, 0xDD, 0xFF, 0xDB,
    0xFF, 0xB8, 0xF7, 0x95, 0xF7, 0x94, 0xF7, 0x74, 0xF7, 0x74, 0xF7, 0x73,
    0xF7, 0x72, 0xF7, 0x72, 0xF7, 0x72, 0xFF, 0x72, 0xFF, 0xBA, 0xFF, 0xFF,
    0xFF, 0xFF, 0xFF, 0xFF, 0xFF, 0xFF, 0xFF, 0xFF, 0xFF, 0xFF, 0xFF, 0xFF,
    0xFF, 0xFF, 0xFF, 0xFF, 0xF7, 0x9E, 0x9C, 0xD3, 0xFF, 0xFF, 0xFF, 0xFF,
    0xFF, 0xFF, 0xDE, 0xDB, 0xDE, 0xFB, 0xFF, 0xFF, 0xFF, 0xFF, 0xFF, 0xFF,
    0xFF, 0xFF, 0xFF, 0xFF, 0xFF, 0xFF, 0xFF, 0xFF, 0xFF, 0xFF, 0xFF, 0xFF,
    0xFF, 0xFF, 0xFF, 0xFF, 0xFF, 0xFF, 0xFF, 0xFF, 0xD6, 0x56, 0xEE, 0xB2,
    0xEE, 0xB3, 0xE6, 0x70, 0xD6, 0x75, 0xEF, 0x7E, 0xFF, 0xFF, 0xFF, 0xFF,
    0xEF, 0x7D, 0xC6, 0x38, 0xF7, 0xBE, 0xFF, 0xFF, 0xFF, 0xFF, 0xFF, 0xFF,
    0xFF, 0xFF, 0xFF, 0xFF, 0xFF, 0xFF, 0xEF, 0x7D, 0x5A, 0x48, 0xCE, 0x58,
    0xFF, 0xFF, 0xFF, 0xFF, 0xFF, 0xFF, 0xFF, 0xFF, 0xFF, 0xFF, 0xFF, 0xFE,
    0xFF, 0xDD, 0xFF, 0xDD, 0xFF, 0xDC, 0xFF, 0xDB, 0xFF, 0xB9, 0xF7, 0x98,
    0xF7, 0x98, 0xFF, 0xB8, 0xFF, 0xDD, 0xFF, 0xFF, 0xFF, 0xFF, 0xFF, 0xFF,
    0xFF, 0xFF, 0xFF, 0xFF, 0xFF, 0xFF, 0xFF, 0xFF, 0xFF, 0xFF, 0xFF, 0xFF,
    0xF7, 0x9E, 0x8C, 0x71, 0xFF, 0xDF, 0xFF, 0xFF, 0xE7, 0x3C, 0xE7, 0x3C,
    0xFF, 0xFF, 0xFF, 0xFF, 0xFF, 0xFF, 0xFF, 0xFF, 0xFF, 0xFF, 0xFF, 0xFF,
    0xFF, 0xFF, 0xFF, 0xFF, 0xFF, 0xFF, 0xFF, 0xFF, 0xFF, 0xFF, 0xFF, 0xFF,
    0xFF, 0xFF, 0xFF, 0xFF, 0xF7, 0xBE, 0xF7, 0xBE, 0xF7, 0xBE, 0xDE, 0xD9,
    0xD6, 0x99, 0xFF, 0xFF, 0xFF, 0xFF, 0xFF, 0xFF, 0xFF, 0xFF, 0xE7, 0x5C,
    0xCE, 0x59, 0xFF, 0xFF, 0xFF, 0xFF, 0xFF, 0xFF, 0xFF, 0xFF, 0xFF, 0xFF,
    0xFF, 0xFF, 0xFF, 0xFF, 0x83, 0xCF, 0x6B, 0x0C, 0xFF, 0xFF, 0xFF, 0xFF,
    0xFF, 0xFF, 0xFF, 0xFF, 0xFF, 0xFF, 0xFF, 0xFF, 0xFF, 0xFF, 0xFF, 0xFF,
    0xFF, 0xFF, 0xFF, 0xFF, 0xFF, 0xFF, 0xFF, 0xFF, 0xFF, 0xFF, 0xFF, 0xFF,
    0xFF, 0xFF, 0xFF, 0xFF, 0xFF, 0xFF, 0xFF, 0xFF, 0xFF, 0xFF, 0xFF, 0xFF,
    0xFF, 0xFF, 0xFF, 0xFF, 0xFF, 0xFF, 0xFF, 0xFF, 0xF7, 0x9E, 0x8C, 0x51,
    0xEF, 0x5D, 0xDE, 0xFB, 0xE7, 0x3C, 0xF7, 0xDE, 0xDE, 0xFB, 0xDE, 0xFB,
    0xE7, 0x1C, 0xDE, 0xFB, 0xE7, 0x1B, 0xE7, 0x3C, 0xE7, 0x3C, 0xEF, 0x7D,
    0xEF, 0x7D, 0xEF, 0x5C, 0xEF, 0x7D, 0xF7, 0xBE, 0xD6, 0xBA, 0xBD, 0xD7,
    0xFF, 0xFF, 0xFF, 0xFF, 0xE7, 0x3C, 0xEF, 0x5D, 0xEF, 0x5D, 0xEF, 0x5D,
    0xEF, 0x9D, 0xF7, 0xBE, 0xFF, 0xFF, 0xFF, 0xFF, 0xDE, 0xDB, 0xDE, 0xBA,
    0xFF, 0xFF, 0xFF, 0xFF, 0xFF, 0xFF, 0xFF, 0xFF, 0xFF, 0xFF, 0xFF, 0xFF,
    0xD6, 0x9A, 0x5A, 0x69, 0x7B, 0x2C, 0xE7, 0x1C, 0xFF, 0xFF, 0xFF, 0xFF,
    0xFF, 0xFF, 0xFF, 0xFF, 0xFF, 0xFF, 0xFF, 0xFF, 0xFF, 0xFF, 0xFF, 0xFF,
    0xFF, 0xFF, 0xFF, 0xFF, 0xFF, 0xFF, 0xFF, 0xFF, 0xFF, 0xFF, 0xFF, 0xFF,
    0xFF, 0xFF, 0xFF, 0xFF, 0xFF, 0xFF, 0xFF, 0xFF, 0xFF, 0xFF, 0xFF, 0xFF,
    0xFF, 0xFF, 0xFF, 0xFF, 0xF7, 0x9E, 0x94, 0x92, 0xFF, 0xFF, 0xE7, 0x3C,
    0xD6, 0x9A, 0xB5, 0x96, 0xB5, 0x96, 0xCE, 0x79, 0xEF, 0x5D, 0xE7, 0x3C,
    0xE7, 0x3C, 0xE7, 0x5C, 0xEF, 0x5C, 0xCE, 0x58, 0xA4, 0xD3, 0xA4, 0xF3,
    0xEF, 0x5D, 0xC5, 0xF7, 0x62, 0xEC, 0x52, 0x8A, 0xD6, 0xBA, 0xF7, 0x9E,
    0xCE, 0x79, 0xBD, 0xB6, 0xDE, 0xFB, 0xE7, 0x5C, 0xE7, 0x1C, 0xDE, 0xDB,
    0xD6, 0xBA, 0xE7, 0x3C, 0xFF, 0xFF, 0xCE, 0x79, 0xEF, 0x7D, 0xFF, 0xFF,
    0xFF, 0xFF, 0xFF, 0xFF, 0xFF, 0xFF, 0xFF, 0xFF, 0xFF, 0xFF, 0xF7, 0xBE,
    0x8B, 0xCE, 0x51, 0xE6, 0xBD, 0xB6, 0xFF, 0xFF, 0xFF, 0xFF, 0xFF, 0xFF,
    0xFF, 0xFF, 0xFF, 0xFF, 0xFF, 0xFF, 0xFF, 0xFF, 0xFF, 0xFF, 0xFF, 0xFF,
    0xFF, 0xFF, 0xFF, 0xFF, 0xFF, 0xFF, 0xFF, 0xFF, 0xFF, 0xFF, 0xFF, 0xFF,
    0xFF, 0xFF, 0xFF, 0xFF, 0xFF, 0xFF, 0xFF, 0xFF, 0xFF, 0xFF, 0xFF, 0xFF,
    0xF7, 0x9E, 0x8C, 0x71, 0xFF, 0xFF, 0xFF, 0xFF, 0xF7, 0xBE, 0xF7, 0xBE,
    0xFF, 0xFF, 0xF7, 0xDE, 0xFF, 0xFF, 0xFF, 0xFF, 0xFF, 0xFF, 0xFF, 0xFF,
    0xB5, 0x35, 0xA4, 0x92, 0xD6, 0x79, 0xF7, 0xBE, 0xFF, 0xFF, 0xE7, 0x1C,
    0x4A, 0x29, 0x39, 0xA7, 0xA4, 0xF3, 0xFF, 0xFF, 0xF7, 0x9E, 0xDE, 0xFB,
    0xFF, 0xDF, 0xFF, 0xFF, 0xFF, 0xFF, 0xFF, 0xFF, 0xF7, 0xBE, 0xEF, 0x7D,
    0xFF, 0xFF, 0xEF, 0x9D, 0xCE, 0x58, 0xFF, 0xFF, 0xFF, 0xFF, 0xFF, 0xFF,
    0xFF, 0xFF, 0xFF, 0xFF, 0xFF, 0xFF, 0xFF, 0xFF, 0xFF, 0xFF, 0xB5, 0x75,
    0x51, 0xC6, 0x94, 0x0F, 0xFF, 0xDE, 0xFF, 0xFF, 0xFF, 0xFF, 0xFF, 0xFF,
    0xFF, 0xFF, 0xFF, 0xFF, 0xFF, 0xFF, 0xFF, 0xFF, 0xFF, 0xFF, 0xFF, 0xFF,
    0xFF, 0xFF, 0xFF, 0xFF, 0xFF, 0xFF, 0xFF, 0xFF, 0xFF, 0xFF, 0xFF, 0xFF,
    0xFF, 0xFF, 0xFF, 0xFF, 0xFF, 0xFF, 0xFF, 0xFF, 0xF7, 0x9E, 0x8C, 0x51,
    0xFF, 0xFF, 0xFF, 0xFF, 0xFF, 0xFF, 0xFF, 0xFF, 0xFF, 0xFF, 0xD6, 0xBA,
    0xE7, 0x3C, 0xFF, 0xFF, 0xFF, 0xFF, 0xF7, 0xBE, 0x83, 0x6E, 0xE7, 0x1B,
    0xFF, 0xFF, 0xFF, 0x5D, 0xF7, 0x5D, 0xFF, 0xFF, 0x94, 0xB2, 0x39, 0xA7,
    0x52, 0x69, 0xEF, 0x5C, 0xF7, 0xBE, 0xF7, 0xBE, 0xFF, 0xFF, 0xFF, 0xFF,
    0xFF, 0xFF, 0xFF, 0xFF, 0xFF, 0xFF, 0xFF, 0xFF, 0xFF, 0xFF, 0xFF, 0xFF,
    0xCE, 0x59, 0xE7, 0x1B, 0xFF, 0xFF, 0xFF, 0xFF, 0xFF, 0xFF, 0xFF, 0xFF,
    0xFF, 0xFF, 0xFF, 0xFF, 0xFF, 0xFF, 0xFF, 0xFF, 0xDE, 0xBA, 0x5A, 0x48,
    0x6B, 0x0B, 0xEF, 0x5C, 0xFF, 0xFF, 0xFF, 0xFF, 0xFF, 0xFF, 0xFF, 0xFF,
    0xFF, 0xFF, 0xFF, 0xFF, 0xFF, 0xFF, 0xFF, 0xFF, 0xFF, 0xFF, 0xFF, 0xFF,
    0xFF, 0xFF, 0xFF, 0xFF, 0xFF, 0xFF, 0xFF, 0xFF, 0xFF, 0xFF, 0xFF, 0xFF,
    0xFF, 0xFF, 0xFF, 0xFF, 0xF7, 0x9E, 0x84, 0x30, 0xFF, 0xFF, 0xFF, 0xFF,
    0xFF, 0xFF, 0xFF, 0xFF, 0xFF, 0xFF, 0xEF, 0x5D, 0xCE, 0x79, 0xFF, 0xFF,
    0xFF, 0xFF, 0xE6, 0xFB, 0x9C, 0x52, 0xFF, 0xFF, 0xFF, 0xFF, 0xF7, 0x5D,
    0xF7, 0x1C, 0xFF, 0xFF, 0xEF, 0x9D, 0x5A, 0xCB, 0x31, 0x65, 0x94, 0x71,
    0xFF, 0xDF, 0xEF, 0x5D, 0xFF, 0xFF, 0xFF, 0xFF, 0xFF, 0xFF, 0xFF, 0xFF,
    0xFF, 0xFF, 0xFF, 0xFF, 0xFF, 0xFF, 0xFF, 0xFF, 0xEF, 0x7D, 0xC6, 0x38,
    0xFF, 0xFF, 0xFF, 0xFF, 0xFF, 0xFF, 0xFF, 0xFF, 0xFF, 0xFF, 0xFF, 0xFF,
    0xFF, 0xFF, 0xFF, 0xFF, 0xFF, 0xFF, 0xEF, 0x7D, 0x62, 0xCB, 0x5A, 0x27,
    0xE7, 0x1B, 0xFF, 0xFF, 0xFF, 0xFF, 0xFF, 0xFF, 0xFF, 0xFF, 0xFF, 0xFF,
    0xFF, 0xFF, 0xFF, 0xFF, 0xFF, 0xFF, 0xFF, 0xFF, 0xFF, 0xFF, 0xFF, 0xFF,
    0xFF, 0xFF, 0xFF, 0xFF, 0xFF, 0xFF, 0xFF, 0xFF, 0xFF, 0xFF, 0xFF, 0xFF,
    0xF7, 0x9E, 0x84, 0x30, 0xFF, 0xFF, 0xFF, 0xFF, 0xFF, 0xFF, 0xFF, 0xFF,
    0xFF, 0xFF, 0xFF, 0xFF, 0xCE, 0x79, 0xEF, 0x9D, 0xFF, 0xFF, 0xC5, 0xF7,
    0xB5, 0x75, 0xFF, 0xFF, 0xFF, 0xFF, 0xFF, 0xDF, 0xF7, 0x9E, 0xF7, 0xBE,
    0xFF, 0xFF, 0xA4, 0xF3, 0x39, 0x85, 0x4A, 0x08, 0xCE, 0x79, 0xEF, 0x5C,
    0xFF, 0xFF, 0xFF, 0xFF, 0xFF, 0xFF, 0xFF, 0xFF, 0xFF, 0xFF, 0xFF, 0xFF,
    0xFF, 0xFF, 0xFF, 0xFF, 0xFF, 0xFF, 0xC6, 0x38, 0xEF, 0x7D, 0xFF, 0xFF,
    0xFF, 0xFF, 0xFF, 0xFF, 0xFF, 0xFF, 0xFF, 0xFF, 0xFF, 0xFF, 0xFF, 0xFF,
    0xFF, 0xFF, 0xFF, 0xFF, 0xEF, 0x9D, 0x6A, 0xEB, 0x62, 0xA9, 0xE7, 0x3C,
    0xFF, 0xFF, 0xFF, 0xFF, 0xFF, 0xFF, 0xFF, 0xFF, 0xFF, 0xFF, 0xFF, 0xFF,
    0xFF, 0xFF, 0xFF, 0xFF, 0xFF, 0xFF, 0xFF, 0xFF, 0xFF, 0xFF, 0xFF, 0xFF,
    0xFF, 0xFF, 0xFF, 0xFF, 0xFF, 0xFF, 0xFF, 0xFF, 0xF7, 0x9E, 0x84, 0x30,
    0xFF, 0xFF, 0xFF, 0xFF, 0xFF, 0xFF, 0xFF, 0xFF, 0xFF, 0xFF, 0xFF, 0xFF,
    0xE7, 0x1C, 0xDE, 0xDB, 0xFF, 0xFF, 0xBD, 0xB6, 0xCE, 0x59, 0xFF, 0xFF,
    0xFF, 0xFF, 0xFF, 0xFF, 0xFF, 0xFF, 0xFF, 0xFF, 0xFF, 0xFF, 0xE7, 0x3C,
    0x52, 0x69, 0x29, 0x24, 0x94, 0xB2, 0xEF, 0x7D, 0xDE, 0xDA, 0xDE, 0xFB,
    0xD6, 0x9A, 0xD6, 0x79, 0xD6, 0x9A, 0xF7, 0xBE, 0xFF, 0xFF, 0xFF, 0xFF,
    0xFF, 0xFF, 0xDE, 0xFB, 0xD6, 0xBA, 0xFF, 0xFF, 0xFF, 0xFF, 0xFF, 0xFF,
    0xFF, 0xFF, 0xFF, 0xFF, 0xFF, 0xFF, 0xFF, 0xFF, 0xFF, 0xFF, 0xFF, 0xFF,
    0xFF, 0xFF, 0xEF, 0x7D, 0x5A, 0x8A, 0x73, 0x2C, 0xFF, 0xDF, 0xFF, 0xFF,
    0xFF, 0xFF, 0xFF, 0xFF, 0xFF, 0xFF, 0xFF, 0xFF, 0xFF, 0xFF, 0xFF, 0xFF,
    0xFF, 0xFF, 0xFF, 0xFF, 0xFF, 0xFF, 0xFF, 0xFF, 0xFF, 0xFF, 0xFF, 0xFF,
    0xFF, 0xFF, 0xFF, 0xFF, 0xF7, 0x9E, 0x8C, 0x51, 0xFF, 0xFF, 0xFF, 0xFF,
    0xFF, 0xFF, 0xFF, 0xFF, 0xFF, 0xFF, 0xFF, 0xFF, 0xF7, 0xBE, 0xCE, 0x59,
    0xFF, 0xFF, 0xB5, 0x75, 0xEF, 0x3C, 0xFF, 0xFF, 0xFF, 0xFF, 0xFF, 0xFF,
    0xFF, 0xFF, 0xFF, 0xFF, 0xFF, 0xFF, 0xFF, 0xFF, 0xDE, 0xDB, 0xB5, 0xB6,
    0xDE, 0xDB, 0xE7, 0x3C, 0xCE, 0x38, 0xE7, 0x3C, 0xEF, 0x5D, 0xEF, 0x5D,
    0xEF, 0x5D, 0xFF, 0xDF, 0xFF, 0xFF, 0xFF, 0xFF, 0xFF, 0xFF, 0xEF, 0x7D,
    0xC6, 0x38, 0xFF, 0xFF, 0xFF, 0xFF, 0xFF, 0xFF, 0xFF, 0xFF, 0xFF, 0xFF,
    0xFF, 0xFF, 0xFF, 0xFF, 0xFF, 0xFF, 0xFF, 0xFF, 0xFF, 0xFF, 0xFF, 0xFF,
    0xE7, 0x3C, 0x5A, 0x69, 0xB5, 0x95, 0xFF, 0xFF, 0xFF, 0xFF, 0xFF, 0xFF,
    0xFF, 0xFF, 0xFF, 0xFF, 0xFF, 0xFF, 0xFF, 0xFF, 0xFF, 0xFF, 0xFF, 0xFF,
    0xFF, 0xFF, 0xFF, 0xFF, 0xFF, 0xFF, 0xFF, 0xFF, 0xFF, 0xFF, 0xFF, 0xFF,
    0xF7, 0x9E, 0x8C, 0x51, 0xE7, 0x1C, 0xEF, 0x7D, 0xFF, 0xFF, 0xFF, 0xFF,
    0xFF, 0xFF, 0xFF, 0xFF, 0xFF, 0xFF, 0xD6, 0x9A, 0xEF, 0x7D, 0xBD, 0xD7,
    0xF7, 0x9D, 0xFF, 0xFF, 0xFF, 0xFF, 0xFF, 0xFF, 0xFF, 0xFF, 0xFF, 0xFF,
    0xFF, 0xFF, 0xFF, 0xFF, 0xFF, 0xFF, 0xFF, 0xFF, 0xFF, 0xFF, 0xEF, 0x7D,
    0xFF, 0xDF, 0xFF, 0xFF, 0xFF, 0xFF, 0xFF, 0xFF, 0xFF, 0xFF, 0xFF, 0xFF,
    0xFF, 0xFF, 0xFF, 0xFF, 0xFF, 0xFF, 0xFF, 0xDF, 0xBE, 0x17, 0xF7, 0xDE,
    0xFF, 0xFF, 0xFF, 0xFF, 0xFF, 0xFF, 0xFF, 0xFF, 0xFF, 0xFF, 0xFF, 0xFF,
    0xFF, 0xFF, 0xFF, 0xFF, 0xFF, 0xFF, 0xFF, 0xFF, 0xEF, 0x7D, 0x52, 0x28,
    0xB5, 0x75, 0xFF, 0xFF, 0xFF, 0xFF, 0xFF, 0xFF, 0xFF, 0xFF, 0xFF, 0xFF,
    0xFF, 0xFF, 0xFF, 0xFF, 0xFF, 0xFF, 0xFF, 0xFF, 0xFF, 0xFF, 0xFF, 0xFF,
    0xFF, 0xFF, 0xFF, 0xFF, 0xFF, 0xFF, 0xFF, 0xFF, 0xF7, 0x9E, 0x62, 0xC9,
    0xD6, 0x11, 0xDE, 0xD8, 0xFF, 0xFF, 0xFF, 0xFF, 0xFF, 0xFF, 0xFF, 0xFF,
    0xFF, 0xFF, 0xDE, 0xFB, 0xD6, 0xBA, 0xCE, 0x38, 0xF7, 0x9E, 0xFF, 0xFF,
    0xFF, 0xFF, 0xFF, 0xFF, 0xEF, 0x5D, 0xF7, 0xDE, 0xFF, 0xFF, 0xFF, 0xFF,
    0xFF, 0xFF, 0xFF, 0xFF, 0xFF, 0xFF, 0xDE, 0xFB, 0xEF, 0x9D, 0xFF, 0xFF,
    0xFF, 0xFF, 0xFF, 0xFF, 0xFF, 0xFF, 0xFF, 0xFF, 0xFF, 0xFF, 0xFF, 0xFF,
    0xFF, 0xFF, 0xFF, 0xFF, 0xCE, 0x59, 0xF7, 0xBE, 0xFF, 0xFF, 0xFF, 0xFF,
    0xFF, 0xFF, 0xFF, 0xFF, 0xFF, 0xFF, 0xFF, 0xFF, 0xFF, 0xFF, 0xFF, 0xFF,
    0xFF, 0xFF, 0xFF, 0xFF, 0x83, 0xAD, 0x73, 0x2C, 0xFF, 0xFF, 0xFF, 0xFF,
    0xFF, 0xFF, 0xFF, 0xFF, 0xFF, 0xDE, 0xFF, 0xBB, 0xFF, 0xDE, 0xFF, 0xFF,
    0xFF, 0xFF, 0xFF, 0xFF, 0xFF, 0xFF, 0xFF, 0xFF, 0xFF, 0xFF, 0xFF, 0xFF,
    0xFF, 0xFF, 0xFF, 0xFF, 0xF7, 0x9E, 0x8C, 0x09, 0xFF, 0xB2, 0xE6, 0xD5,
    0xE7, 0x3B, 0xF7, 0xBE, 0xE7, 0x1B, 0xD6, 0x76, 0xF7, 0xBE, 0xEF, 0x7D,
    0xB5, 0x96, 0xD6, 0x9A, 0xFF, 0xDF, 0xFF, 0xFF, 0xFF, 0xFF, 0xFF, 0xDF,
    0xE7, 0x1C, 0xFF, 0xDF, 0xFF, 0xFF, 0xFF, 0xFF, 0xFF, 0xFF, 0xFF, 0xFF,
    0xFF, 0xFF, 0xDE, 0xDB, 0xF7, 0xBE, 0xFF, 0xFF, 0xFF, 0xFF, 0xFF, 0xFF,
    0xFF, 0xFF, 0xFF, 0xFF, 0xFF, 0xFF, 0xFF, 0xFF, 0xFF, 0xFF, 0xFF, 0xFF,
    0xCE, 0x79, 0xF7, 0x9E, 0xFF, 0xFF, 0xFF, 0xFF, 0xFF, 0xFF, 0xFF, 0xFF,
    0xFF, 0xFF, 0xFF, 0xFF, 0xFF, 0xFF, 0xFF, 0xFF, 0xFF, 0xFF, 0xC5, 0xF7,
    0x41, 0xA5, 0xDE, 0xBA, 0xFF, 0xFF, 0xFF, 0xFF, 0xFF, 0xFF, 0xFF, 0xDD,
    0xFF, 0xB8, 0xFF, 0x96, 0xFF, 0xDE, 0xFF, 0xFF, 0xFF, 0xFF, 0xFF, 0xFF,
    0xFF, 0xFF, 0xFF, 0xFF, 0xFF, 0xFF, 0xFF, 0xFF, 0xFF, 0xFF, 0xFF, 0xFF,
    0xF7, 0x9E, 0x9C, 0x6B, 0xFF, 0xB3, 0xFF, 0x32, 0xEE, 0xD1, 0xC5, 0xB2,
    0xB5, 0x73, 0xCD, 0xF2, 0xE7, 0x1B, 0xF7, 0xDF, 0xCE, 0x79, 0xFF, 0xFF,
    0xFF, 0xFF, 0xFF, 0xFF, 0xFF, 0xFF, 0xFF, 0xFF, 0xFF, 0xFF, 0xFF, 0xFF,
    0xFF, 0xFF, 0xFF, 0xFF, 0xFF, 0xFF, 0xFF, 0xFF, 0xFF, 0xFF, 0xDE, 0xFB,
    0xFF, 0xFF, 0xFF, 0xFF, 0xFF, 0xFF, 0xFF, 0xFF, 0xFF, 0xFF, 0xFF, 0xFF,
    0xFF, 0xFF, 0xFF, 0xFF, 0xFF, 0xFF, 0xFF, 0xFF, 0xCE, 0x99, 0xF7, 0xBE,
    0xFF, 0xFF, 0xFF, 0xFF, 0xFF, 0xFF, 0xFF, 0xFF, 0xFF, 0xFF, 0xFF, 0xFF,
    0xFF, 0xFF, 0xFF, 0xFF, 0xEF, 0x3C, 0x52, 0x27, 0x94, 0x71, 0xFF, 0xFF,
    0xFF, 0xFF, 0xFF, 0xFE, 0xFF, 0xFC, 0xF7, 0xB8, 0xFF, 0x74, 0xFF, 0x95,
    0xFF, 0xDE, 0xFF, 0xFF, 0xFF, 0xFF, 0xFF, 0xFF, 0xFF, 0xFF, 0xFF, 0xFF,
    0xFF, 0xFF, 0xFF, 0xFF, 0xFF, 0xFF, 0xFF, 0xFF, 0xF7, 0x9E, 0x9C, 0x4B,
    0xFF, 0xB3, 0xF7, 0x11, 0xDE, 0x52, 0xDE, 0xD9, 0xF7, 0x9E, 0xEF, 0x9E,
    0xFF, 0xDF, 0xF7, 0xDE, 0xCE, 0x79, 0xFF, 0xFF, 0xFF, 0xFF, 0xFF, 0xFF,
    0xFF, 0xFF, 0xFF, 0xFF, 0xFF, 0xFF, 0xFF, 0xFF, 0xFF, 0xFF, 0xFF, 0xFF,
    0xFF, 0xFF, 0xFF, 0xFF, 0xFF, 0xFF, 0xDE, 0xFB, 0xE7, 0x1C, 0xDE, 0xFB,
    0xD6, 0x9A, 0xD6, 0xBA, 0xEF, 0x9D, 0xFF, 0xFF, 0xFF, 0xFF, 0xFF, 0xFF,
    0xFF, 0xFF, 0xFF, 0xFF, 0xD6, 0xDA, 0xF7, 0xDE, 0xFF, 0xFF, 0xFF, 0xFF,
    0xFF, 0xFF, 0xFF, 0xFF, 0xFF, 0xFF, 0xFF, 0xFF, 0xFF, 0xFF, 0xFF, 0xDF,
    0x73, 0x2C, 0x6B, 0x0C, 0xF7, 0xDF, 0xFF, 0xFF, 0xFF, 0xFD, 0xFF, 0xDB,
    0xFF, 0xB8, 0xF7, 0x74, 0xF7, 0x73, 0xF7, 0x75, 0xFF, 0xDE, 0xFF, 0xFF,
    0xFF, 0xFF, 0xFF, 0xFF, 0xFF, 0xFF, 0xFF, 0xFF, 0xFF, 0xFF, 0xFF, 0xFF,
    0xFF, 0xFF, 0xFF, 0xFF, 0xF7, 0x9E, 0x9C, 0x4A, 0xFF, 0xD3, 0xEE, 0x90,
    0xD6, 0x98, 0xFF, 0xFF, 0xFF, 0xFF, 0xFF, 0xFF, 0xFF, 0xFF, 0xF7, 0xBE,
    0xD6, 0x9A, 0xFF, 0xFF, 0xFF, 0xFF, 0xFF, 0xFF, 0xFF, 0xFF, 0xFF, 0xFF,
    0xFF, 0xFF, 0xFF, 0xFF, 0xFF, 0xFF, 0xFF, 0xFF, 0xFF, 0xFF, 0xFF, 0xFF,
    0xFF, 0xFF, 0xE7, 0x3C, 0xBD, 0xD7, 0xD6, 0x9A, 0xE7, 0x5C, 0xEF, 0x9D,
    0xFF, 0xDF, 0xFF, 0xFF, 0xFF, 0xFF, 0xFF, 0xFF, 0xFF, 0xFF, 0xFF, 0xDF,
    0xD6, 0x9A, 0xF7, 0xDE, 0xFF, 0xFF, 0xFF, 0xFF, 0xFF, 0xFF, 0xFF, 0xFF,
    0xFF, 0xFF, 0xFF, 0xFF, 0xFF, 0xFF, 0x94, 0x51, 0x49, 0xE7, 0xE7, 0x1A,
    0xFF, 0xFD, 0xFF, 0xBB, 0xFF, 0xB9, 0xF7, 0x97, 0xF7, 0x74, 0xF7, 0x73,
    0xFF, 0x73, 0xF7, 0x75, 0xFF, 0xDE, 0xFF, 0xFF, 0xFF, 0xFF, 0xFF, 0xFF,
    0xFF, 0xFF, 0xFF, 0xFF, 0xFF, 0xFF, 0xFF, 0xFF, 0xFF, 0xFF, 0xFF, 0xFF,
    0xF7, 0x9E, 0x7B, 0xAB, 0xE6, 0xB2, 0xDE, 0x50, 0xE7, 0x1A, 0xFF, 0xFF,
    0xFF, 0xFF, 0xFF, 0xFF, 0xFF, 0xFF, 0xF7, 0xBE, 0xBD, 0xF7, 0xE7, 0x3C,
    0xFF, 0xFF, 0xFF, 0xFF, 0xFF, 0xFF, 0xFF, 0xFF, 0xFF, 0xFF, 0xFF, 0xFF,
    0xFF, 0xFF, 0xFF, 0xFF, 0xFF, 0xFF, 0xFF, 0xDF, 0xEF, 0x7D, 0xE7, 0x3C,
    0xEF, 0x7D, 0xFF, 0xFF, 0xFF, 0xFF, 0xFF, 0xFF, 0xFF, 0xFF, 0xFF, 0xFF,
    0xFF, 0xFF, 0xFF, 0xFF, 0xFF, 0xFF, 0xF7, 0x9E, 0xC6, 0x38, 0xFF, 0xFF,
    0xFF, 0xFF, 0xFF, 0xFF, 0xFF, 0xFF, 0xFF, 0xFF, 0xFF, 0xFF, 0xFF, 0xFF,
    0xA4, 0xD2, 0x41, 0x85, 0xC5, 0xF3, 0xFF, 0xF8, 0xFF, 0x96, 0xFF, 0x95,
    0xFF, 0x95, 0xF7, 0x73, 0xF7, 0x72, 0xFF, 0x73, 0xFF, 0x52, 0xF7, 0x74,
    0xFF, 0xDE, 0xFF, 0xFF, 0xFF, 0xFF, 0xFF, 0xFF, 0xFF, 0xFF, 0xFF, 0xFF,
    0xFF, 0xFF, 0xFF, 0xFF, 0xFF, 0xFF, 0xFF, 0xFF, 0xF7, 0x9E, 0x94, 0x92,
    0xE7, 0x3B, 0xB5, 0x73, 0xE7, 0x1B, 0xFF, 0xFF, 0xFF, 0xFF, 0xFF, 0xFF,
    0xFF, 0xFF, 0xF7, 0xBE, 0xBD, 0xD7, 0xB5, 0x96, 0xE7, 0x1B, 0xFF, 0xFF,
    0xFF, 0xFF, 0xFF, 0xFF, 0xFF, 0xFF, 0xFF, 0xFF, 0xFF, 0xFF, 0xFF, 0xFF,
    0xFF, 0xFF, 0x9C, 0xD3, 0x4A, 0x08, 0xC6, 0x38, 0xFF, 0xFF, 0xFF, 0xFF,
    0xFF, 0xFF, 0xFF, 0xFF, 0xFF, 0xFF, 0xFF, 0xFF, 0xFF, 0xFF, 0xFF, 0xFF,
    0xFF, 0xFF, 0xE7, 0x3C, 0xD6, 0xBA, 0xFF, 0xFF, 0xFF, 0xFF, 0xFF, 0xFF,
    0xFF, 0xFF, 0xFF, 0xFF, 0xFF, 0xDF, 0xA4, 0xF3, 0x39, 0x45, 0xAC, 0xEF,
    0xFF, 0xF6, 0xF7, 0x94, 0xF7, 0x94, 0xF7, 0x93, 0xFF, 0x73, 0xFF, 0x72,
    0xFF, 0x52, 0xFF, 0x52, 0xFF, 0x52, 0xF7, 0x74, 0xFF, 0xDE, 0xFF, 0xFF,
    0xFF, 0xFF, 0xFF, 0xFF, 0xFF, 0xFF, 0xFF, 0xFF, 0xFF, 0xFF, 0xFF, 0xFF,
    0xFF, 0xFF, 0xFF, 0xFF, 0xF7, 0x9E, 0x9C, 0xD3, 0xFF, 0xFF, 0xFF, 0xFF,
    0xFF, 0xDF, 0xFF, 0xFF, 0xFF, 0xFF, 0xFF, 0xFF, 0xFF, 0xFF, 0xE7, 0x5C,
    0xE7, 0x3C, 0xDF, 0x1B, 0xBD, 0xB6, 0xFF, 0xFF, 0xFF, 0xFF, 0xFF, 0xFF,
    0xFF, 0xDF, 0xF7, 0x9E, 0xFF, 0xBE, 0xFF, 0xFF, 0xFF, 0xFF, 0x6B, 0x2C,
    0x29, 0x03, 0xB5, 0x75, 0xFF, 0xFF, 0xFF, 0xFF, 0xFF, 0xFF, 0xFF, 0xFF,
    0xFF, 0xFF, 0xFF, 0xFF, 0xFF, 0xFF, 0xFF, 0xFF, 0xFF, 0xFF, 0xDE, 0xDB,
    0xDE, 0xFB, 0xFF, 0xFF, 0xFF, 0xFF, 0xFF, 0xFF, 0xFF, 0xFF, 0xFF, 0xFF,
    0xB5, 0x75, 0x39, 0x44, 0x8B, 0xEC, 0xFF, 0x95, 0xFF, 0x94, 0xF7, 0x73,
    0xF7, 0x73, 0xF7, 0x73, 0xFF, 0x72, 0xFF, 0x32, 0xFF, 0x32, 0xFF, 0x32,
    0xFF, 0x31, 0xF7, 0x74, 0xFF, 0xDE, 0xFF, 0xFF, 0xFF, 0xFF, 0xFF, 0xFF,
    0xFF, 0xFF, 0xFF, 0xFF, 0xFF, 0xFF, 0xFF, 0xFF, 0xFF, 0xFF, 0xFF, 0xFF,
    0xF7, 0x9E, 0x9C, 0xD3, 0xFF, 0xFF, 0xFF, 0xFF, 0xFF, 0xFF, 0xFF, 0xFF,
    0xFF, 0xFF, 0xFF, 0xFF, 0xFF, 0xFF, 0xD6, 0xBA, 0xDE, 0xDB, 0xFF, 0xDF,
    0xB5, 0x96, 0xF7, 0xDE, 0xFF, 0xFF, 0xFF, 0xFF, 0xFF, 0xDF, 0xF7, 0x3C,
    0xF6, 0xFC, 0xFF, 0xFF, 0xEF, 0x7D, 0x5A, 0x89, 0x39, 0xA6, 0xB5, 0x96,
    0xFF, 0xFF, 0xFF, 0xDF, 0xFF, 0xDF, 0xFF, 0xFF, 0xFF, 0xFF, 0xFF, 0xFF,
    0xFF, 0xFF, 0xFF, 0xFF, 0xFF, 0xFF, 0xCE, 0x59, 0xEF, 0x9D, 0xFF, 0xFF,
    0xFF, 0xFF, 0xFF, 0xFF, 0xFF, 0xFF, 0xFF, 0xFF, 0x94, 0x91, 0x62, 0x88,
    0xEF, 0x13, 0xFF, 0xB4, 0xF7, 0x73, 0xF7, 0x73, 0xFF, 0x72, 0xFF, 0x52,
    0xFF, 0x32, 0xFF, 0x32, 0xFF, 0x32, 0xFF, 0x32, 0xFF, 0x31, 0xFF, 0x75,
    0xFF, 0xFF, 0xFF, 0xFF, 0xFF, 0xFF, 0xFF, 0xFF, 0xFF, 0xFF, 0xFF, 0xFF,
    0xFF, 0xFF, 0xFF, 0xFF, 0xFF, 0xFF, 0xFF, 0xFF, 0xF7, 0x9E, 0x9C, 0xD3,
    0xFF, 0xFF, 0xFF, 0xFF, 0xD6, 0xBA, 0xE7, 0x1B, 0xEF, 0x5D, 0xEF, 0x7D,
    0xF7, 0xBE, 0xCE, 0x59, 0xEF, 0x9D, 0xFF, 0xFF, 0xCE, 0x79, 0xE7, 0x1B,
    0xFF, 0xFF, 0xFF, 0xFF, 0xFF, 0xFF, 0xFF, 0x9D, 0xF7, 0x5D, 0xFF, 0xFF,
    0xDE, 0xBA, 0x4A, 0x28, 0x52, 0x48, 0xCE, 0x58, 0xEF, 0x5D, 0xEF, 0x5C,
    0xEF, 0x5D, 0xF7, 0x9E, 0xF7, 0xBE, 0xFF, 0xFF, 0xFF, 0xFF, 0xFF, 0xFF,
    0xF7, 0x9E, 0xCE, 0x59, 0xFF, 0xFF, 0xFF, 0xFF, 0xFF, 0xFF, 0xFF, 0xFF,
    0xFF, 0xFF, 0xFF, 0xFF, 0x7B, 0x6D, 0xA4, 0x8E, 0xFF, 0xB5, 0xF7, 0x73,
    0xFF, 0x73, 0xFF, 0x72, 0xFF, 0x32, 0xFF, 0x32, 0xFF, 0x32, 0xFF, 0x32,
    0xFF, 0x32, 0xFF, 0x32, 0xFF, 0x31, 0xFF, 0x98, 0xFF, 0xFF, 0xFF, 0xFF,
    0xFF, 0xFF, 0xFF, 0xFF, 0xFF, 0xFF, 0xFF, 0xFF, 0xFF, 0xFF, 0xFF, 0xFF,
    0xFF, 0xFF, 0xFF, 0xFF, 0xF7, 0x9E, 0x9C, 0xD3, 0xFF, 0xFF, 0xFF, 0xFF,
    0xD6, 0x9A, 0xDE, 0xDB, 0xEF, 0x5D, 0xE7, 0x1C, 0xDE, 0xFB, 0xDE, 0xBA,
    0xDE, 0xFB, 0xDE, 0xFB, 0xDE, 0x9A, 0xAD, 0x14, 0xE7, 0x1B, 0xEF, 0x7D,
    0xF7, 0x9E, 0xEE, 0x9A, 0xEF, 0x3C, 0xFF, 0xFF, 0xC5, 0xF7, 0x39, 0x86,
    0x62, 0xEB, 0xEF, 0x7D, 0xCE, 0x79, 0xD6, 0x9A, 0xDE, 0xDB, 0xDE, 0xBA,
    0xEF, 0x7D, 0xFF, 0xFF, 0xFF, 0xFF, 0xFF, 0xFF, 0xDE, 0xDB, 0xD6, 0xBA,
    0xFF, 0xFF, 0xFF, 0xFF, 0xFF, 0xFF, 0xFF, 0xFF, 0xFF, 0xFF, 0xEF, 0x7D,
    0x62, 0x8A, 0xBD, 0x50, 0xFF, 0xB5, 0xF7, 0x73, 0xFF, 0x53, 0xFF, 0x32,
    0xFF, 0x32, 0xFF, 0x32, 0xFF, 0x32, 0xFF, 0x32, 0xFF, 0x32, 0xFF, 0x32,
    0xFF, 0x11, 0xFF, 0xBA, 0xFF, 0xFF, 0xFF, 0xFF, 0xFF, 0xFF, 0xFF, 0xFF,
    0xFF, 0xFF, 0xFF, 0xFF, 0xFF, 0xFF, 0xFF, 0xFF, 0xFF, 0xFF, 0xFF, 0xFF,
    0xF7, 0x9E, 0x9C, 0xD3, 0xFF, 0xFF, 0xFF, 0xFF, 0xF7, 0xBE, 0xDE, 0xDB,
    0xFF, 0xFF, 0xFF, 0xFF, 0xFF, 0xFF, 0xFF, 0xFF, 0xEF, 0x7D, 0xDE, 0xDB,
    0xDE, 0xBA, 0xBD, 0xB6, 0xBD, 0xD7, 0xCE, 0x38, 0xD6, 0x7A, 0xCE, 0x38,
    0xDE, 0xBA, 0xE7, 0x1C, 0xA4, 0xD3, 0x29, 0x04, 0x8C, 0x30, 0xFF, 0xFF,
    0xE7, 0x3C, 0xDE, 0xDB, 0xF7, 0xDE, 0xFF, 0xFF, 0xFF, 0xFF, 0xFF, 0xFF,
    0xFF, 0xFF, 0xFF, 0xFF, 0xCE, 0x59, 0xEF, 0x7D, 0xFF, 0xFF, 0xFF, 0xFF,
    0xFF, 0xFF, 0xFF, 0xFF, 0xFF, 0xFF, 0xC5, 0xF7, 0x52, 0x28, 0xD6, 0x52,
    0xFF, 0xB4, 0xFF, 0x52, 0xFF, 0x32, 0xFF, 0x32, 0xFF, 0x32, 0xFF, 0x32,
    0xFF, 0x32, 0xFF, 0x32, 0xFF, 0x32, 0xFF, 0x31, 0xFF, 0x33, 0xFF, 0xDD,
    0xFF, 0xFF, 0xFF, 0xFF, 0xFF, 0xFF, 0xFF, 0xFF, 0xFF, 0xFF, 0xFF, 0xFF,
    0xFF, 0xFF, 0xFF, 0xFF, 0xFF, 0xFF, 0xFF, 0xFF, 0xF7, 0x9E, 0x9C, 0xD3,
    0xFF, 0xFF, 0xFF, 0xFF, 0xFF, 0xFF, 0xEF, 0x5D, 0xDE, 0xFB, 0xF7, 0xDE,
    0xFF, 0xFF, 0xFF, 0xFF, 0xFF, 0xFF, 0xFF, 0xFF, 0xFF, 0xFF, 0xFF, 0xFF,
    0xFF, 0xFF, 0xFF, 0xFF, 0xFF, 0xFF, 0xFF, 0xFF, 0xFF, 0xFF, 0xFF, 0xFF,
    0xEF, 0x5C, 0xB5, 0x96, 0xD6, 0x99, 0xFF, 0xFF, 0xFF, 0xFF, 0xF7, 0xDE,
    0xFF, 0xDF, 0xFF, 0xFF, 0xFF, 0xFF, 0xFF, 0xFF, 0xFF, 0xFF, 0xE7, 0x3C,
    0xC6, 0x18, 0xFF, 0xFF, 0xFF, 0xFF, 0xFF, 0xFF, 0xFF, 0xFF, 0xFF, 0xFF,
    0xFF, 0xFF, 0x8C, 0x0F, 0x6A, 0xC9, 0xF7, 0x34, 0xFF, 0x72, 0xFF, 0x32,
    0xFF, 0x32, 0xFF, 0x32, 0xFF, 0x32, 0xFF, 0x32, 0xFF, 0x32, 0xFF, 0x32,
    0xFF, 0x31, 0xFF, 0x56, 0xFF, 0xDE, 0xFF, 0xFF, 0xFF, 0xFF, 0xFF, 0xFF,
    0xFF, 0xFF, 0xFF, 0xFF, 0xFF, 0xFF, 0xFF, 0xFF, 0xFF, 0xFF, 0xFF, 0xFF,
    0xFF, 0xFF, 0xFF, 0xFF, 0xF7, 0x9E, 0x9C, 0xD3, 0xFF, 0xFF, 0xFF, 0xFF,
    0xFF, 0xFF, 0xFF, 0xFF, 0xD6, 0xBA, 0xD6, 0xBA, 0xFF, 0xFF, 0xFF, 0xFF,
    0xFF, 0xFF, 0xFF, 0xFF, 0xFF, 0xFF, 0xFF, 0xFF, 0xFF, 0xFF, 0xFF, 0xFF,
    0xFF, 0xFF, 0xFF, 0xFF, 0xFF, 0xFF, 0xFF, 0xFF, 0xFF, 0xFF, 0xFF, 0xFF,
    0xFF, 0xFF, 0xFF, 0xFF, 0xFF, 0xFF, 0xFF, 0xFF, 0xFF, 0xFF, 0xFF, 0xFF,
    0xFF, 0xFF, 0xFF, 0xFF, 0xFF, 0xFF, 0xC5, 0xF7, 0xE7, 0x3C, 0xFF, 0xFF,
    0xFF, 0xFF, 0xFF, 0xFF, 0xFF, 0xFF, 0xFF, 0xFF, 0xF7, 0xBE, 0x52, 0x28,
    0x8B, 0xEC, 0xFF, 0xB4, 0xFF, 0x52, 0xFF, 0x32, 0xFF, 0x32, 0xFF, 0x32,
    0xFF, 0x32, 0xFF, 0x32, 0xFF, 0x31, 0xFF, 0x31, 0xFF, 0x98, 0xFF, 0xDF,
    0xFF, 0xFF, 0xFF, 0xFF, 0xFF, 0xFF, 0xFF, 0xFF, 0xFF, 0xFF, 0xFF, 0xFF,
    0xFF, 0xFF, 0xFF, 0xFF, 0xFF, 0xFF, 0xFF, 0xFF, 0xFF, 0xFF, 0xFF, 0xFF,
    0xF7, 0x9E, 0x94, 0x92, 0xE7, 0x5C, 0xF7, 0xBE, 0xFF, 0xFF, 0xFF, 0xFF,
    0xF7, 0xBE, 0xCE, 0x79, 0xDE, 0xFB, 0xFF, 0xFF, 0xFF, 0xFF, 0xFF, 0xFF,
    0xFF, 0xFF, 0xFF, 0xFF, 0xFF, 0xFF, 0xFF, 0xFF, 0xFF, 0xFF, 0xFF, 0xFF,
    0xFF, 0xFF, 0xFF, 0xFF, 0xFF, 0xFF, 0xFF, 0xFF, 0xFF, 0xFF, 0xFF, 0xFF,
    0xFF, 0xFF, 0xFF, 0xFF, 0xFF, 0xFF, 0xFF, 0xFF, 0xFF, 0xFF, 0xFF, 0xFF,
    0xDE, 0xFB, 0xC6, 0x18, 0xFF, 0xFF, 0xFF, 0xFF, 0xFF, 0xFF, 0xFF, 0xFF,
    0xFF, 0xFF, 0xFF, 0xFF, 0xE7, 0x3C, 0x49, 0xC7, 0xB5, 0x0F, 0xFF, 0xB4,
    0xFF, 0x52, 0xFF, 0x32, 0xFF, 0x32, 0xFF, 0x32, 0xFF, 0x32, 0xFF, 0x32,
    0xFF, 0x32, 0xFF, 0x9A, 0xFF, 0xFF, 0xFF, 0xFF, 0xFF, 0xFF, 0xFF, 0xFF,
    0xFF, 0xFF, 0xFF, 0xFF, 0xFF, 0xFF, 0xFF, 0xFF, 0xFF, 0xFF, 0xFF, 0xFF,
    0xFF, 0xFF, 0xFF, 0xFF, 0xFF, 0xFF, 0xFF, 0xFF, 0xF7, 0x9E, 0x7B, 0xEF,
    0xD6, 0x9A, 0xC6, 0x18, 0xF7, 0x9E, 0xFF, 0xFF, 0xFF, 0xFF, 0xD6, 0xBA,
    0x94, 0x72, 0xCE, 0x59, 0xE7, 0x1C, 0xF7, 0xBE, 0xFF, 0xDF, 0xFF, 0xFF,
    0xFF, 0xFF, 0xFF, 0xFF, 0xFF, 0xFF, 0xFF, 0xFF, 0xFF, 0xFF, 0xFF, 0xFF,
    0xFF, 0xFF, 0xFF, 0xFF, 0xFF, 0xFF, 0xFF, 0xFF, 0xFF, 0xFF, 0xFF, 0xFF,
    0xFF, 0xFF, 0xFF, 0xFF, 0xFF, 0xFF, 0xFF, 0xDF, 0xBD, 0xF7, 0xEF, 0x9D,
    0xFF, 0xFF, 0xFF, 0xFF, 0xFF, 0xFF, 0xFF, 0xFF, 0xFF, 0xFF, 0xFF, 0xFF,
    0xBD, 0x96, 0x52, 0x07, 0xE6, 0xD3, 0xFF, 0x93, 0xFF, 0x32, 0xFF, 0x32,
    0xFF, 0x32, 0xFF, 0x32, 0xFF, 0x32, 0xFF, 0x32, 0xFF, 0xBB, 0xFF, 0xFF,
    0xFF, 0xFF, 0xFF, 0xFF, 0xFF, 0xFF, 0xFF, 0xFF, 0xFF, 0xFF, 0xFF, 0xFF,
    0xFF, 0xFF, 0xFF, 0xFF, 0xFF, 0xFF, 0xFF, 0xFF, 0xFF, 0xFF, 0xFF, 0xFF,
    0xFF, 0xFF, 0xFF, 0xFF, 0xF7, 0x9E, 0x9C, 0xD3, 0xFF, 0xFF, 0xEF, 0x5D,
    0xCE, 0x59, 0xF7, 0xDE, 0xEF, 0x5D, 0xC6, 0x38, 0xEF, 0x7D, 0xDE, 0xDB,
    0xCE, 0x79, 0xD6, 0xBA, 0xDE, 0xBA, 0xDE, 0xDB, 0xE7, 0x1B, 0xE7, 0x3C,
    0xEF, 0x5C, 0xEF, 0x7D, 0xEF, 0x9D, 0xF7, 0x9E, 0xF7, 0x9E, 0xF7, 0x9D,
    0xF7, 0x9E, 0xF7, 0xBE, 0xFF, 0xFF, 0xFF, 0xFF, 0xFF, 0xFF, 0xFF, 0xFF,
    0xFF, 0xFF, 0xCE, 0x59, 0xD6, 0x9A, 0xFF, 0xFF, 0xFF, 0xFF, 0xFF, 0xFF,
    0xFF, 0xFF, 0xFF, 0xFF, 0xFF, 0xFF, 0xFF, 0xFF, 0x8C, 0x10, 0x83, 0x8B,
    0xFF, 0xB4, 0xFF, 0x73, 0xFF, 0x32, 0xFF, 0x32, 0xFF, 0x32, 0xFF, 0x32,
    0xFF, 0x31, 0xFF, 0x53, 0xFF, 0xDE, 0xFF, 0xFF, 0xFF, 0xFF, 0xFF, 0xFF,
    0xFF, 0xFF, 0xFF, 0xFF, 0xFF, 0xFF, 0xFF, 0xFF, 0xFF, 0xFF, 0xFF, 0xFF,
    0xFF, 0xFF, 0xFF, 0xFF, 0xFF, 0xFF, 0xFF, 0xFF, 0xFF, 0xFF, 0xFF, 0xFF,
    0xF7, 0x9E, 0x9C, 0xD3, 0xFF, 0xFF, 0xFF, 0xFF, 0xEF, 0x7D, 0xCE, 0x59,
    0xCE, 0x59, 0xF7, 0xBE, 0xFF, 0xFF, 0xFF, 0xFF, 0xFF, 0xFF, 0xFF, 0xFF,
    0xFF, 0xDF, 0xF7, 0xBE, 0xEF, 0x7D, 0xE7, 0x5C, 0xE7, 0x3C, 0xE7, 0x1C,
    0xDF, 0x1B, 0xDF, 0x1B, 0xDE, 0xFB, 0xE7, 0x1B, 0xE7, 0x5C, 0xEF, 0x7D,
    0xFF, 0xFF, 0xFF, 0xFF, 0xFF, 0xFF, 0xFF, 0xFF, 0xE7, 0x1C, 0xB5, 0xB6,
    0xFF, 0xFF, 0xFF, 0xFF, 0xFF, 0xFF, 0xFF, 0xFF, 0xFF, 0xFF, 0xFF, 0xFF,
    0xFF, 0xFF, 0xF7, 0x9E, 0x6A, 0xCA, 0xCD, 0xD1, 0xFF, 0xB5, 0xFF, 0x72,
    0xFF, 0x32, 0xFF, 0x32, 0xFF, 0x32, 0xFF, 0x32, 0xFF, 0x31, 0xFF, 0x33,
    0xFF, 0xDD, 0xFF, 0xFF, 0xFF, 0xFF, 0xFF, 0xFF, 0xFF, 0xFF, 0xFF, 0xFF,
    0xFF, 0xFF, 0xFF, 0xFF, 0xFF, 0xFF, 0xFF, 0xFF, 0xFF, 0xFF, 0xFF, 0xFF,
    0xFF, 0xFF, 0xFF, 0xFF, 0xFF, 0xFF, 0xFF, 0xFF, 0xF7, 0x9E, 0x9C, 0xD3,
    0xFF, 0xFF, 0xFF, 0xFF, 0xFF, 0xFF, 0xF7, 0xBE, 0xFF, 0xDF, 0xFF, 0xFF,
    0xFF, 0xFF, 0xFF, 0xFF, 0xFF, 0xFF, 0xFF, 0xFF, 0xFF, 0xFF, 0xFF, 0xFF,
    0xFF, 0xFF, 0xFF, 0xFF, 0xFF, 0xFF, 0xFF, 0xFF, 0xFF, 0xFF, 0xFF, 0xFF,
    0xFF, 0xFF, 0xFF, 0xFF, 0xFF, 0xFF, 0xFF, 0xFF, 0xFF, 0xFF, 0xFF, 0xFF,
    0xFF, 0xFF, 0xBD, 0xF7, 0x8C, 0x30, 0xF7, 0xBE, 0xFF, 0xFF, 0xFF, 0xFF,
    0xFF, 0xFF, 0xFF, 0xFF, 0xFF, 0xFF, 0xFF, 0xFF, 0xFF, 0xFF, 0xBD, 0xD7,
    0x6A, 0xA8, 0xF7, 0x76, 0xFF, 0x95, 0xFF, 0x73, 0xFF, 0x52, 0xFF, 0x32,
    0xFF, 0x32, 0xFF, 0x32, 0xFF, 0x32, 0xFF, 0x32, 0xFF, 0xBC, 0xFF, 0xFF,
    0xFF, 0xFF, 0xFF, 0xFF, 0xFF, 0xFF, 0xFF, 0xFF, 0xFF, 0xFF, 0xFF, 0xFF,
    0xFF, 0xFF, 0xFF, 0xFF, 0xFF, 0xFF, 0xFF, 0xFF, 0xFF, 0xFF, 0xFF, 0xFF,
    0xFF, 0xFF, 0xFF, 0xFF, 0xF7, 0x9E, 0x94, 0xB2, 0xFF, 0xFF, 0xFF, 0xFF,
    0xFF, 0xFF, 0xFF, 0xFF, 0xFF, 0xFF, 0xFF, 0xFF, 0xFF, 0xFF, 0xFF, 0xFF,
    0xFF, 0xFF, 0xFF, 0xFF, 0xFF, 0xFF, 0xFF, 0xFF, 0xFF, 0xFF, 0xFF, 0xFF,
    0xFF, 0xFF, 0xFF, 0xFF, 0xFF, 0xFF, 0xFF, 0xFF, 0xFF, 0xFF, 0xFF, 0xFF,
    0xFF, 0xDF, 0xEF, 0x7D, 0xD6, 0xBA, 0xA5, 0x14, 0x62, 0xEC, 0x41, 0xC7,
    0x41, 0xC7, 0x94, 0x71, 0xFF, 0xDF, 0xFF, 0xFF, 0xFF, 0xFF, 0xFF, 0xFF,
    0xFF, 0xFF, 0xFF, 0xFF, 0xFF, 0xFF, 0x73, 0x4D, 0x94, 0x4F, 0xFF, 0xFB,
    0xF7, 0x95, 0xF7, 0x73, 0xFF, 0x52, 0xFF, 0x32, 0xFF, 0x32, 0xFF, 0x32,
    0xFF, 0x32, 0xFF, 0x31, 0xFF, 0xBA, 0xFF, 0xFF, 0xFF, 0xFF, 0xFF, 0xFF,
    0xFF, 0xFF, 0xFF, 0xFF, 0xFF, 0xFF, 0xFF, 0xFF, 0xFF, 0xFF, 0xFF, 0xFF,
    0xFF, 0xFF, 0xFF, 0xFF, 0xFF, 0xFF, 0xFF, 0xFF, 0xFF, 0xFF, 0xFF, 0xFF,
    0xF7, 0x9E, 0x39, 0xA7, 0x6A, 0xEC, 0x6B, 0x2D, 0x73, 0x4E, 0x73, 0x8E,
    0x6B, 0x4D, 0x73, 0x4D, 0x7B, 0x8E, 0x7B, 0xAE, 0x83, 0xEF, 0x7B, 0xCF,
    0x7B, 0xCF, 0x84, 0x10, 0x8C, 0x51, 0x8C, 0x71, 0x94, 0x92, 0x94, 0xB2,
    0x8C, 0x51, 0x73, 0x6D, 0x6B, 0x2C, 0x73, 0x6D, 0x62, 0xAB, 0x49, 0xE8,
    0x41, 0xE8, 0x49, 0xE8, 0x7B, 0xAE, 0xC6, 0x38, 0xBD, 0xD6, 0x49, 0xE7,
    0x6B, 0x0C, 0xEF, 0x5D, 0xFF, 0xFF, 0xFF, 0xFF, 0xFF, 0xFF, 0xFF, 0xFF,
    0xDE, 0xDB, 0x52, 0x07, 0xD6, 0x99, 0xFF, 0xFD, 0xF7, 0x96, 0xF7, 0x73,
    0xFF, 0x52, 0xFF, 0x32, 0xFF, 0x32, 0xFF, 0x32, 0xFF, 0x32, 0xFF, 0x31,
    0xFF, 0x77, 0xFF, 0xFF, 0xFF, 0xFF, 0xFF, 0xFF, 0xFF, 0xFF, 0xFF, 0xFF,
    0xFF, 0xFF, 0xFF, 0xFF, 0xFF, 0xFF, 0xFF, 0xFF, 0xFF, 0xFF, 0xFF, 0xFF,
    0xFF, 0xFF, 0xFF, 0xFF, 0xFF, 0xFF, 0xFF, 0xFF, 0xF7, 0x9E, 0x63, 0x0C,
    0xAD, 0x55, 0xAD, 0x55, 0xB5, 0x96, 0xC5, 0xF8, 0xBD, 0xF7, 0xBD, 0xB6,
    0xAD, 0x34, 0x94, 0xB2, 0x94, 0xB2, 0x94, 0x71, 0x8C, 0x71, 0x8C, 0x71,
    0x94, 0x92, 0x94, 0x92, 0x84, 0x30, 0x84, 0x10, 0x84, 0x30, 0x94, 0x71,
    0xA4, 0xF3, 0xB5, 0x75, 0xBD, 0xB6, 0xBD, 0xD7, 0xCE, 0x59, 0xEF, 0x7D,
    0xFF, 0xFF, 0xFF, 0xFF, 0xFF, 0xFF, 0xE7, 0x1B, 0x6B, 0x0C, 0x52, 0x28,
    0xD6, 0x79, 0xFF, 0xFF, 0xFF, 0xFF, 0xFF, 0xFF, 0x8C, 0x30, 0x6B, 0x0C,
    0xFF, 0xFF, 0xFF, 0xDD, 0xF7, 0x97, 0xF7, 0x73, 0xFF, 0x52, 0xFF, 0x32,
    0xFF, 0x32, 0xFF, 0x32, 0xFF, 0x32, 0xFF, 0x31, 0xFF, 0x55, 0xFF, 0xFF,
    0xFF, 0xFF, 0xFF, 0xFF, 0xFF, 0xFF, 0xFF, 0xFF, 0xFF, 0xFF, 0xFF, 0xFF,
    0xFF, 0xFF, 0xFF, 0xFF, 0xFF, 0xFF, 0xFF, 0xFF, 0xFF, 0xFF, 0xFF, 0xFF,
    0xFF, 0xFF, 0xFF, 0xFF, 0xF7, 0x9E, 0x9C, 0xD3, 0xFF, 0xFF, 0xFF, 0xFF,
    0xFF, 0xFF, 0xFF, 0xFF, 0xFF, 0xFF, 0xFF, 0xFF, 0xFF, 0xFF, 0xFF, 0xFF,
    0xFF, 0xFF, 0xFF, 0xFF, 0xFF, 0xFF, 0xFF, 0xFF, 0xFF, 0xFF, 0xFF, 0xFF,
    0xFF, 0xFF, 0xFF, 0xFF, 0xFF, 0xFF, 0xFF, 0xFF, 0xFF, 0xFF, 0xFF, 0xFF,
    0xFF, 0xFF, 0xFF, 0xFF, 0xFF, 0xFF, 0xFF, 0xFF, 0xFF, 0xFF, 0xFF, 0xFF,
    0xFF, 0xFF, 0xFF, 0xFF, 0xFF, 0xDF, 0x94, 0x51, 0x49, 0xC7, 0xB5, 0x55,
    0xFF, 0xFF, 0xEF, 0x7D, 0x49, 0xE7, 0xB5, 0x55, 0xFF, 0xFF, 0xFF, 0xFE,
    0xFF, 0x9A, 0xF7, 0x73, 0xF7, 0x52, 0xFF, 0x32, 0xFF, 0x32, 0xFF, 0x32,
    0xFF, 0x32, 0xFF, 0x31, 0xFF, 0x53, 0xFF, 0xDE, 0xFF, 0xFF, 0xFF, 0xFF,
    0xFF, 0xFF, 0xFF, 0xFF, 0xFF, 0xFF, 0xFF, 0xFF, 0xFF, 0xFF, 0xFF, 0xFF,
    0xFF, 0xFF, 0xFF, 0xFF, 0xFF, 0xFF, 0xFF, 0xFF, 0xFF, 0xFF, 0xFF, 0xFF,
    0xF7, 0x9E, 0x9C, 0xD3, 0xFF, 0xFF, 0xFF, 0xFF, 0xFF, 0xFF, 0xFF, 0xFF,
    0xFF, 0xFF, 0xFF, 0xFF, 0xFF, 0xFF, 0xFF, 0xFF, 0xFF, 0xFF, 0xFF, 0xFF,
    0xFF, 0xFF, 0xFF, 0xFF, 0xFF, 0xFF, 0xFF, 0xFF, 0xFF, 0xFF, 0xFF, 0xFF,
    0xFF, 0xFF, 0xFF, 0xFF, 0xFF, 0xFF, 0xFF, 0xFF, 0xFF, 0xFF, 0xFF, 0xFF,
    0xFF, 0xFF, 0xFF, 0xFF, 0xFF, 0xFF, 0xFF, 0xFF, 0xFF, 0xFF, 0xFF, 0xFF,
    0xFF, 0xFF, 0xFF, 0xFF, 0xC6, 0x17, 0x52, 0x28, 0x8C, 0x0F, 0x94, 0x30,
    0x5A, 0x48, 0xEF, 0x7D, 0xFF, 0xFF, 0xFF, 0xFF, 0xFF, 0xBC, 0xF7, 0x74,
    0xF7, 0x72, 0xFF, 0x52, 0xFF, 0x32, 0xFF, 0x32, 0xFF, 0x32, 0xFF, 0x32,
    0xFF, 0x32, 0xFF, 0xDD, 0xFF, 0xFF, 0xFF, 0xFF, 0xFF, 0xFF, 0xFF, 0xFF,
    0xFF, 0xFF, 0xFF, 0xFF, 0xFF, 0xFF, 0xFF, 0xFF, 0xFF, 0xFF, 0xFF, 0xFF,
    0xFF, 0xFF, 0xFF, 0xFF, 0xFF, 0xFF, 0xFF, 0xFF, 0xF7, 0x9E, 0x9C, 0xD3,
    0xFF, 0xFF, 0xFF, 0xFF, 0xFF, 0xFF, 0xFF, 0xFF, 0xFF, 0xFF, 0xFF, 0xFF,
    0xFF, 0xFF, 0xFF, 0xFF, 0xFF, 0xFF, 0xFF, 0xFF, 0xFF, 0xFF, 0xFF, 0xFF,
    0xFF, 0xFF, 0xFF, 0xFF, 0xFF, 0xFF, 0xFF, 0xFF, 0xFF, 0xFF, 0xFF, 0xFF,
    0xFF, 0xFF, 0xFF, 0xFF, 0xFF, 0xFF, 0xFF, 0xFF, 0xFF, 0xFF, 0xFF, 0xFF,
    0xFF, 0xFF, 0xFF, 0xFF, 0xFF, 0xFF, 0xFF, 0xFF, 0xFF, 0xFF, 0xFF, 0xFF,
    0xFF, 0xFF, 0xE7, 0x1C, 0x73, 0x6D, 0x39, 0x65, 0xAD, 0x34, 0xFF, 0xFF,
    0xFF, 0xFF, 0xFF, 0xFF, 0xFF, 0xDD, 0xF7, 0x95, 0xF7, 0x72, 0xF7, 0x52,
    0xFF, 0x32, 0xFF, 0x32, 0xFF, 0x32, 0xFF, 0x32, 0xFF, 0x32, 0xFF, 0xBB,
    0xFF, 0xFF, 0xFF, 0xFF, 0xFF, 0xFF, 0xFF, 0xFF, 0xFF, 0xFF, 0xFF, 0xFF,
    0xFF, 0xFF, 0xFF, 0xFF, 0xFF, 0xFF, 0xFF, 0xFF, 0xFF, 0xFF, 0xFF, 0xFF,
    0xFF, 0xFF, 0xFF, 0xFF, 0xF7, 0x9E, 0x9C, 0xD3, 0xFF, 0xFF, 0xFF, 0xFF,
    0xFF, 0xFF, 0xFF, 0xFF, 0xFF, 0xFF, 0xFF, 0xFF, 0xFF, 0xFF, 0xFF, 0xFF,
    0xFF, 0xFF, 0xFF, 0xFF, 0xFF, 0xFF, 0xFF, 0xFF, 0xFF, 0xFF, 0xFF, 0xFF,
    0xFF, 0xFF, 0xFF, 0xFF, 0xFF, 0xFF, 0xFF, 0xFF, 0xFF, 0xFF, 0xFF, 0xFF,
    0xFF, 0xFF, 0xFF, 0xFF, 0xFF, 0xFF, 0xFF, 0xFF, 0xFF, 0xFF, 0xFF, 0xFF,
    0xFF, 0xFF, 0xFF, 0xFF, 0xFF, 0xFF, 0xFF, 0xFF, 0xFF, 0xFF, 0xFF, 0xFF,
    0xFF, 0xFF, 0xBD, 0xD7, 0xEF, 0x9D, 0xFF, 0xFF, 0xFF, 0xFF, 0xFF, 0xFF,
    0xFF, 0xFE, 0xFF, 0x98, 0xF7, 0x72, 0xF7, 0x52, 0xFF, 0x32, 0xFF, 0x32,
    0xFF, 0x32, 0xFF, 0x32, 0xFF, 0x31, 0xFF, 0x99, 0xFF, 0xFF, 0xFF, 0xFF,
    0xFF, 0xFF, 0xFF, 0xFF, 0xFF, 0xFF, 0xFF, 0xFF, 0xFF, 0xFF, 0xFF, 0xFF,
    0xFF, 0xFF, 0xFF, 0xFF, 0xFF, 0xFF, 0xFF, 0xFF, 0xFF, 0xFF, 0xFF, 0xFF,
    0xF7, 0x9E, 0x9C, 0xD3, 0xFF, 0xFF, 0xFF, 0xFF, 0xFF, 0xFF, 0xFF, 0xFF,
    0xFF, 0xFF, 0xFF, 0xFF, 0xFF, 0xFF, 0xFF, 0xFF, 0xFF, 0xFF, 0xFF, 0xFF,
    0xFF, 0xFF, 0xFF, 0xFF, 0xFF, 0xFF, 0xFF, 0xFF, 0xFF, 0xFE, 0xFF, 0xFE,
    0xFF, 0xDC, 0xFF, 0xDC, 0xFF, 0xDC, 0xFF, 0xFE, 0xFF, 0xFF, 0xFF, 0xFF,
    0xFF, 0xFF, 0xFF, 0xFF, 0xFF, 0xFF, 0xFF, 0xFF, 0xFF, 0xFF, 0xFF, 0xFF,
    0xFF, 0xFF, 0xFF, 0xFF, 0xFF, 0xFF, 0xFF, 0xFF, 0xFF, 0xFF, 0xFF, 0xFF,
    0xFF, 0xFF, 0xFF, 0xFF, 0xFF, 0xFF, 0xFF, 0xFF, 0xFF, 0xFF, 0xFF, 0xBA,
    0xF7, 0x73, 0xFF, 0x52, 0xFF, 0x32, 0xFF, 0x32, 0xFF, 0x32, 0xFF, 0x32,
    0xFF, 0x31, 0xFF, 0x77, 0xFF, 0xFF, 0xFF, 0xFF, 0xFF, 0xFF, 0xFF, 0xFF,
    0xFF, 0xFF, 0xFF, 0xFF, 0xFF, 0xFF, 0xFF, 0xFF, 0xFF, 0xFF, 0xFF, 0xFF,
    0xFF, 0xFF, 0xFF, 0xFF, 0xFF, 0xFF, 0xFF, 0xFF, 0xF7, 0x9E, 0x9C, 0xD3,
    0xFF, 0xFF, 0xFF, 0xFF, 0xFF, 0xFF, 0xFF, 0xFF, 0xFF, 0xFF, 0xFF, 0xFF,
    0xFF, 0xFF, 0xFF, 0xFF, 0xFF, 0xFF, 0xFF, 0xFF, 0xFF, 0xFF, 0xFF, 0xFF,
    0xFF, 0xFF, 0xFF, 0xFE, 0xFF, 0xFC, 0xFF, 0xB9, 0xF7, 0x95, 0xF7, 0x94,
    0xF7, 0x95, 0xF7, 0x96, 0xF7, 0xB8, 0xFF, 0xDB, 0xFF, 0xFE, 0xFF, 0xFF,
    0xFF, 0xFF, 0xFF, 0xFF, 0xFF, 0xFF, 0xFF, 0xFF, 0xFF, 0xFF, 0xFF, 0xFF,
    0xFF, 0xFF, 0xFF, 0xFF, 0xFF, 0xFF, 0xFF, 0xFF, 0xFF, 0xFF, 0xFF, 0xFF,
    0xFF, 0xFF, 0xFF, 0xFF, 0xFF, 0xFF, 0xFF, 0xDC, 0xF7, 0x74, 0xFF, 0x52,
    0xFF, 0x32, 0xFF, 0x32, 0xFF, 0x32, 0xFF, 0x32, 0xFF, 0x31, 0xFF, 0x55,
    0xFF, 0xFF, 0xFF, 0xFF, 0xFF, 0xFF, 0xFF, 0xFF, 0xFF, 0xFF, 0xFF, 0xFF,
    0xFF, 0xFF, 0xFF, 0xFF, 0xFF, 0xFF, 0xFF, 0xFF, 0xFF, 0xFF, 0xFF, 0xFF,
    0xFF, 0xFF, 0xFF, 0xFF, 0xF7, 0x9E, 0x9C, 0xD3, 0xFF, 0xFF, 0xFF, 0xFF,
    0xFF, 0xFF, 0xFF, 0xFF, 0xFF, 0xFF, 0xFF, 0xFF, 0xFF, 0xFF, 0xFF, 0xFF,
    0xFF, 0xFF, 0xFF, 0xFF, 0xFF, 0xFF, 0xFF, 0xFF, 0xFF, 0xFF, 0xFF, 0xFD,
    0xFF, 0xBA, 0xF7, 0x96, 0xF7, 0x93, 0xF7, 0x73, 0xF7, 0x73, 0xF7, 0x73,
    0xF7, 0x73, 0xF7, 0x93, 0xF7, 0xB5, 0xFF, 0xD9, 0xFF, 0xDD, 0xFF, 0xFF,
    0xFF, 0xFF, 0xFF, 0xFF, 0xFF, 0xFF, 0xFF, 0xFF, 0xFF, 0xFF, 0xFF, 0xFF,
    0xFF, 0xFF, 0xFF, 0xFF, 0xFF, 0xFF, 0xFF, 0xFF, 0xFF, 0xFF, 0xFF, 0xFF,
    0xFF, 0xFF, 0xFF, 0xDD, 0xFF, 0x74, 0xFF, 0x52, 0xFF, 0x32, 0xFF, 0x32,
    0xFF, 0x32, 0xFF, 0x32, 0xFF, 0x31, 0xFF, 0x54, 0xFF, 0xDF, 0xFF, 0xFF,
    0xFF, 0xFF, 0xFF, 0xFF, 0xFF, 0xFF, 0xFF, 0xFF, 0xFF, 0xFF, 0xFF, 0xFF,
    0xFF, 0xFF, 0xFF, 0xFF, 0xFF, 0xFF, 0xFF, 0xFF, 0xFF, 0xFF, 0xFF, 0xFF,
    0xF7, 0x9E, 0x9C, 0xD3, 0xFF, 0xFF, 0xFF, 0xFF, 0xFF, 0xFF, 0xFF, 0xFF,
    0xFF, 0xFF, 0xFF, 0xFF, 0xFF, 0xFF, 0xFF, 0xFF, 0xFF, 0xFF, 0xFF, 0xFF,
    0xFF, 0xFF, 0xFF, 0xFF, 0xFF, 0xFE, 0xFF, 0xBA, 0xF7, 0x96, 0xF7, 0x94,
    0xF7, 0x73, 0xF7, 0x73, 0xFF, 0x73, 0xFF, 0x52, 0xFF, 0x52, 0xFF, 0x72,
    0xFF, 0x72, 0xFF, 0x72, 0xF7, 0x94, 0xFF, 0xB8, 0xFF, 0xDC, 0xFF, 0xFF,
    0xFF, 0xFF, 0xFF, 0xFF, 0xFF, 0xFF, 0xFF, 0xFF, 0xFF, 0xFF, 0xFF, 0xFF,
    0xFF, 0xFF, 0xFF, 0xFF, 0xFF, 0xFF, 0xFF, 0xFF, 0xFF, 0xFF, 0xFF, 0xFE,
    0xFF, 0x75, 0xFF, 0x51, 0xFF, 0x32, 0xFF, 0x32, 0xFF, 0x32, 0xFF, 0x32,
    0xFF, 0x31, 0xFF, 0x33, 0xFF, 0xDE, 0xFF, 0xFF, 0xFF, 0xFF, 0xFF, 0xFF,
    0xFF, 0xFF, 0xFF, 0xFF, 0xFF, 0xFF, 0xFF, 0xFF, 0xFF, 0xFF, 0xFF, 0xFF,
    0xFF, 0xFF, 0xFF, 0xFF, 0xFF, 0xFF, 0xFF, 0xFF, 0xF7, 0x9E, 0x9C, 0xD3,
    0xFF, 0xFF, 0xFF, 0xFF, 0xFF, 0xFF, 0xFF, 0xFF, 0xFF, 0xFF, 0xFF, 0xFF,
    0xFF, 0xFF, 0xFF, 0xFF, 0xFF, 0xFF, 0xFF, 0xFF, 0xFF, 0xFF, 0xFF, 0xFE,
    0xFF, 0xDB, 0xF7, 0x97, 0xFF, 0x94, 0xF7, 0x73, 0xF7, 0x73, 0xFF, 0x73,
    0xFF, 0x52, 0xFF, 0x32, 0xFF, 0x32, 0xFF, 0x32, 0xFF, 0x32, 0xFF, 0x52,
    0xFF, 0x52, 0xFF, 0x72, 0xFF, 0x94, 0xFF, 0xB8, 0xFF, 0xFE, 0xFF, 0xFF,
    0xFF, 0xFF, 0xFF, 0xFF, 0xFF, 0xFF, 0xFF, 0xFF, 0xFF, 0xFF, 0xFF, 0xFF,
    0xFF, 0xFF, 0xFF, 0xDF, 0xFF, 0xFF, 0xFF, 0xFF, 0xFF, 0x97, 0xFF, 0x51,
    0xFF, 0x32, 0xFF, 0x32, 0xFF, 0x32, 0xFF, 0x32, 0xFF, 0x32, 0xFF, 0x32,
    0xFF, 0xDC, 0xFF, 0xFF, 0xFF, 0xFF, 0xFF, 0xFF, 0xFF, 0xFF, 0xFF, 0xFF,
    0xFF, 0xFF, 0xFF, 0xFF, 0xFF, 0xFF, 0xFF, 0xFF, 0xFF, 0xFF, 0xFF, 0xFF,
    0xFF, 0xFF, 0xFF, 0xFF, 0xF7, 0x9E, 0x9C, 0xD3, 0xFF, 0xFF, 0xFF, 0xFF,
    0xFF, 0xFF, 0xFF, 0xFF, 0xFF, 0xFF, 0xFF, 0xFF, 0xFF, 0xFF, 0xFF, 0xFF,
    0xFF, 0xFF, 0xFF, 0xFF, 0xFF, 0xFE, 0xFF, 0xDB, 0xF7, 0xB7, 0xF7, 0x94,
    0xF7, 0x73, 0xF7, 0x72, 0xF7, 0x72, 0xFF, 0x52, 0xFF, 0x32, 0xFF, 0x32,
    0xFF, 0x32, 0xFF, 0x32, 0xFF, 0x32, 0xFF, 0x32, 0xFF, 0x32, 0xFF, 0x52,
    0xFF, 0x52, 0xF7, 0x72, 0xF7, 0x95, 0xFF, 0xDA, 0xFF, 0xDE, 0xFF, 0xFF,
    0xFF, 0xFF, 0xFF, 0xFF, 0xFF, 0xFF, 0xFF, 0xFF, 0xFF, 0xFF, 0xFF, 0xFF,
    0xFF, 0xFF, 0xFF, 0xFF, 0xF7, 0x99, 0xFF, 0x52, 0xFF, 0x32, 0xFF, 0x32,
    0xFF, 0x32, 0xFF, 0x32, 0xFF, 0x32, 0xFF, 0x32, 0xFF, 0xDC, 0xFF, 0xFF,
    0xFF, 0xFF, 0xFF, 0xFF, 0xFF, 0xFF, 0xFF, 0xFF, 0xFF, 0xFF, 0xFF, 0xFF,
    0xFF, 0xFF, 0xFF, 0xFF, 0xFF, 0xFF, 0xFF, 0xFF, 0xFF, 0xFF, 0xFF, 0xFF,
    0xF7, 0x9E, 0x9C, 0xD3, 0xFF, 0xFF, 0xFF, 0xFF, 0xFF, 0xFF, 0xFF, 0xFF,
    0xFF, 0xFF, 0xFF, 0xFF, 0xFF, 0xFF, 0xFF, 0xFF, 0xFF, 0xFF, 0xFF, 0xFE,
    0xFF, 0xDB, 0xF7, 0x96, 0xF7, 0x94, 0xF7, 0x73, 0xF7, 0x73, 0xFF, 0x72,
    0xFF, 0x52, 0xFF, 0x32, 0xFF, 0x32, 0xFF, 0x32, 0xFF, 0x32, 0xFF, 0x32,
    0xFF, 0x32, 0xFF, 0x32, 0xFF, 0x32, 0xFF, 0x32, 0xFF, 0x32, 0xFF, 0x52,
    0xFF, 0x72, 0xF7, 0x72, 0xF7, 0x94, 0xFF, 0xD8, 0xFF, 0xFC, 0xFF, 0xFF,
    0xFF, 0xFF, 0xFF, 0xFF, 0xFF, 0xFF, 0xFF, 0xFF, 0xFF, 0xFF, 0xFF, 0xFF,
    0xFF, 0xBC, 0xFF, 0x72, 0xFF, 0x32, 0xFF, 0x32, 0xFF, 0x32, 0xFF, 0x32,
    0xFF, 0x32, 0xFF, 0x31, 0xFF, 0xBA, 0xFF, 0xFF, 0xFF, 0xFF, 0xFF, 0xFF,
    0xFF, 0xFF, 0xFF, 0xFF, 0xFF, 0xFF, 0xFF, 0xFF, 0xFF, 0xFF, 0xFF, 0xFF,
    0xFF, 0xFF, 0xFF, 0xFF, 0xFF, 0xFF, 0xFF, 0xFF, 0xF7, 0x9E, 0x9C, 0xD2,
    0xFF, 0xFF, 0xFF, 0xDE, 0xFF, 0xDE, 0xFF, 0xDE, 0xFF, 0xDE, 0xFF, 0xDE,
    0xFF, 0xDE, 0xFF, 0xDE, 0xFF, 0xDD, 0xFF, 0xDA, 0xFF, 0x96, 0xF7, 0x74,
    0xF7, 0x73, 0xF7, 0x73, 0xFF, 0x72, 0xFF, 0x52, 0xFF, 0x32, 0xFF, 0x32,
    0xFF, 0x32, 0xFF, 0x32, 0xFF, 0x32, 0xFF, 0x32, 0xFF, 0x32, 0xFF, 0x32,
    0xFF, 0x32, 0xFF, 0x32, 0xFF, 0x32, 0xFF, 0x32, 0xFF, 0x32, 0xFF, 0x52,
    0xFF, 0x52, 0xF7, 0x72, 0xFF, 0x94, 0xFF, 0xB7, 0xFF, 0xDA, 0xFF, 0xDD,
    0xFF, 0xFE, 0xFF, 0xDF, 0xFF, 0xDF, 0xFF, 0xFF, 0xFF, 0xDD, 0xF7, 0x74,
    0xFF, 0x32, 0xFF, 0x32, 0xFF, 0x32, 0xFF, 0x32, 0xFF, 0x32, 0xFF, 0x31,
    0xFF, 0x98, 0xFF, 0xFF, 0xFF, 0xDE, 0xFF, 0xDE, 0xFF, 0xDE, 0xFF, 0xDE,
    0xFF, 0xDE, 0xFF, 0xDE, 0xFF, 0xDE, 0xFF, 0xDE, 0xFF, 0xDE, 0xFF, 0xDE,
    0xFF, 0xDE, 0xFF, 0xFF, 0xF7, 0x9D, 0x9C, 0x90, 0xFF, 0xFB, 0xFF, 0x9A,
    0xFF, 0x9A, 0xFF, 0x9A, 0xFF, 0x9A, 0xFF, 0x9A, 0xFF, 0x9A, 0xFF, 0x99,
    0xFF, 0x97, 0xFF, 0x75, 0xFF, 0x73, 0xF7, 0x52, 0xF7, 0x52, 0xFF, 0x52,
    0xFF, 0x32, 0xFF, 0x32, 0xFF, 0x32, 0xFF, 0x32, 0xFF, 0x32, 0xFF, 0x32,
    0xFF, 0x32, 0xFF, 0x32, 0xFF, 0x32, 0xFF, 0x32, 0xFF, 0x32, 0xFF, 0x32,
    0xFF, 0x32, 0xFF, 0x32, 0xFF, 0x32, 0xFF, 0x32, 0xFF, 0x32, 0xFF, 0x32,
    0xFF, 0x52, 0xFF, 0x52, 0xFF, 0x52, 0xFF, 0x73, 0xFF, 0x75, 0xFF, 0x97,
    0xFF, 0x98, 0xFF, 0x9A, 0xFF, 0x99, 0xFF, 0x53, 0xFF, 0x32, 0xFF, 0x32,
    0xFF, 0x32, 0xFF, 0x32, 0xFF, 0x32, 0xFF, 0x31, 0xFF, 0x76, 0xFF, 0x9A,
    0xFF, 0x9A, 0xFF, 0x9A, 0xFF, 0x9A, 0xFF, 0x9A, 0xFF, 0x9A, 0xFF, 0x9A,
    0xFF, 0x9A, 0xFF, 0x9A, 0xFF, 0x9A, 0xFF, 0x9A, 0xFF, 0x9A, 0xFF, 0xBA,
    0xF7, 0x59, 0x9C, 0x8F, 0xFF, 0xFB, 0xFF, 0x99, 0xFF, 0x99, 0xFF, 0x99,
    0xFF, 0x99, 0xFF, 0x99, 0xFF, 0x99, 0xFF, 0x77, 0xFF, 0x75, 0xFF, 0x73,
    0xFF, 0x52, 0xFF, 0x52, 0xFF, 0x52, 0xFF, 0x32, 0xFF, 0x32, 0xFF, 0x32,
    0xFF, 0x32, 0xFF, 0x32, 0xFF, 0x32, 0xFF, 0x32, 0xFF, 0x31, 0xFF, 0x32,
    0xFF, 0x32, 0xFF, 0x32, 0xFF, 0x32, 0xFF, 0x32, 0xFF, 0x32, 0xFF, 0x32,
    0xFF, 0x32, 0xFF, 0x32, 0xFF, 0x32, 0xFF, 0x32, 0xFF, 0x32, 0xFF, 0x32,
    0xFF, 0x32, 0xFF, 0x32, 0xFF, 0x52, 0xFF, 0x52, 0xFF, 0x53, 0xFF, 0x54,
    0xFF, 0x54, 0xFF, 0x53, 0xFF, 0x32, 0xFF, 0x32, 0xFF, 0x32, 0xFF, 0x32,
    0xFF, 0x32, 0xFF, 0x31, 0xFF, 0x55, 0xFF, 0x9A, 0xFF, 0x99, 0xFF, 0x99,
    0xFF, 0x99, 0xFF, 0x99, 0xFF, 0x99, 0xFF, 0x99, 0xFF, 0x99, 0xFF, 0x99,
    0xFF, 0x99, 0xFF, 0x99, 0xFF, 0x99, 0xFF, 0xBA, 0xF7, 0x38, 0x9C, 0x8F,
    0xFF, 0xFB, 0xFF, 0x99, 0xFF, 0x99, 0xFF, 0x99, 0xFF, 0x99, 0xFF, 0x99,
    0xFF, 0x97, 0xFF, 0x75, 0xFF, 0x53, 0xFF, 0x53, 0xFF, 0x52, 0xFF, 0x52,
    0xFF, 0x32, 0xFF, 0x32, 0xFF, 0x32, 0xFF, 0x32, 0xFF, 0x32, 0xFF, 0x32,
    0xFF, 0x32, 0xFF, 0x32, 0xFF, 0x54, 0xFF, 0x54, 0xFF, 0x32, 0xFF, 0x32,
    0xFF, 0x31, 0xFF, 0x32, 0xFF, 0x32, 0xFF, 0x32, 0xFF, 0x32, 0xFF, 0x32,
    0xFF, 0x32, 0xFF, 0x32, 0xFF, 0x32, 0xFF, 0x32, 0xFF, 0x32, 0xFF, 0x32,
    0xFF, 0x32, 0xFF, 0x52, 0xFF, 0x52, 0xFF, 0x52, 0xFF, 0x52, 0xFF, 0x52,
    0xFF, 0x32, 0xFF, 0x32, 0xFF, 0x32, 0xFF, 0x32, 0xFF, 0x32, 0xFF, 0x31,
    0xFF, 0x55, 0xFF, 0x9A, 0xFF, 0x99, 0xFF, 0x99, 0xFF, 0x99, 0xFF, 0x99,
    0xFF, 0x99, 0xFF, 0x99, 0xFF, 0x99, 0xFF, 0x99, 0xFF, 0x99, 0xFF, 0x99,
    0xFF, 0x99, 0xFF, 0xBA, 0xF7, 0x38, 0x9C, 0x8F, 0xFF, 0xFB, 0xFF, 0x99,
    0xFF, 0x99, 0xFF, 0x99, 0xFF, 0x99, 0xFF, 0x97, 0xFF, 0x75, 0xFF, 0x53,
    0xFF, 0x52, 0xFF, 0x52, 0xFF, 0x52, 0xFF, 0x32, 0xFF, 0x32, 0xFF, 0x32,
    0xFF, 0x32, 0xFF, 0x32, 0xFF, 0x32, 0xFF, 0x31, 0xFF, 0x32, 0xFF, 0x77,
    0xFF, 0x9A, 0xFF, 0x9A, 0xFF, 0x99, 0xFF, 0x77, 0xFF, 0x54, 0xFF, 0x32,
    0xFF, 0x31, 0xFF, 0x31, 0xFF, 0x32, 0xFF, 0x32, 0xFF, 0x32, 0xFF, 0x32,
    0xFF, 0x32, 0xFF, 0x32, 0xFF, 0x32, 0xFF, 0x32, 0xFF, 0x32, 0xFF, 0x32,
    0xFF, 0x32, 0xFF, 0x52, 0xFF, 0x52, 0xFF, 0x52, 0xFF, 0x32, 0xFF, 0x32,
    0xFF, 0x32, 0xFF, 0x32, 0xFF, 0x32, 0xFF, 0x31, 0xFF, 0x54, 0xFF, 0x9A,
    0xFF, 0x99, 0xFF, 0x99, 0xFF, 0x99, 0xFF, 0x99, 0xFF, 0x99, 0xFF, 0x99,
    0xFF, 0x99, 0xFF, 0x99, 0xFF, 0x99, 0xFF, 0x99, 0xFF, 0x99, 0xFF, 0xBA,
    0xF7, 0x38, 0x9C, 0x8F, 0xFF, 0xFB, 0xFF, 0x99, 0xFF, 0x99, 0xFF, 0x99,
    0xFF, 0x76, 0xFF, 0x73, 0xFF, 0x53, 0xFF, 0x52, 0xFF, 0x52, 0xFF, 0x52,
    0xFF, 0x32, 0xFF, 0x32, 0xFF, 0x32, 0xFF, 0x32, 0xFF, 0x32, 0xFF, 0x32,
    0xFF, 0x31, 0xFF, 0x33, 0xFF, 0x78, 0xFF, 0x9A, 0xFF, 0x9A, 0xFF, 0x9A,
    0xFF, 0x9A, 0xFF, 0x9A, 0xFF, 0x9A, 0xFF, 0x78, 0xFF, 0x56, 0xFF, 0x53,
    0xFF, 0x32, 0xFF, 0x31, 0xFF, 0x32, 0xFF, 0x32, 0xFF, 0x32, 0xFF, 0x32,
    0xFF, 0x32, 0xFF, 0x32, 0xFF, 0x32, 0xFF, 0x32, 0xFF, 0x32, 0xFF, 0x32,
    0xFF, 0x32, 0xFF, 0x32, 0xFF, 0x32, 0xFF, 0x32, 0xFF, 0x32, 0xFF, 0x32,
    0xFF, 0x32, 0xFF, 0x31, 0xFF, 0x54, 0xFF, 0x9A, 0xFF, 0x99, 0xFF, 0x99,
    0xFF, 0x99, 0xFF, 0x99, 0xFF, 0x99, 0xFF, 0x99, 0xFF, 0x99, 0xFF, 0x99,
    0xFF, 0x99, 0xFF, 0x99, 0xFF, 0x99, 0xFF, 0xBA, 0xF7, 0x38, 0x9C, 0x8F,
    0xFF, 0xFB, 0xFF, 0x99, 0xFF, 0x98, 0xFF, 0x75, 0xFF, 0x53, 0xFF, 0x52,
    0xFF, 0x52, 0xFF, 0x52, 0xFF, 0x32, 0xFF, 0x32, 0xFF, 0x32, 0xFF, 0x32,
    0xFF, 0x32, 0xFF, 0x32, 0xFF, 0x32, 0xFF, 0x31, 0xFF, 0x55, 0xFF, 0x99,
    0xFF, 0x9A, 0xFF, 0x99, 0xFF, 0x99, 0xFF, 0x99, 0xFF, 0x99, 0xFF, 0x99,
    0xFF, 0x99, 0xFF, 0x9A, 0xFF, 0x9A, 0xFF, 0x99, 0xFF, 0x77, 0xFF, 0x55,
    0xFF, 0x32, 0xFF, 0x31, 0xFF, 0x32, 0xFF, 0x32, 0xFF, 0x32, 0xFF, 0x32,
    0xFF, 0x32, 0xFF, 0x32, 0xFF, 0x32, 0xFF, 0x32, 0xFF, 0x32, 0xFF, 0x32,
    0xFF, 0x32, 0xFF, 0x32, 0xFF, 0x32, 0xFF, 0x32, 0xFF, 0x32, 0xFF, 0x31,
    0xFF, 0x54, 0xFF, 0x9A, 0xFF, 0x99, 0xFF, 0x99, 0xFF, 0x99, 0xFF, 0x99,
    0xFF, 0x99, 0xFF, 0x99, 0xFF, 0x99, 0xFF, 0x99, 0xFF, 0x99, 0xFF, 0x99,
    0xFF, 0x99, 0xFF, 0xBA, 0xF7, 0x38, 0x9C, 0x8F, 0xFF, 0xFA, 0xFF, 0x97,
    0xFF, 0x74, 0xFF, 0x53, 0xFF, 0x52, 0xFF, 0x52, 0xFF, 0x52, 0xFF, 0x52,
    0xFF, 0x32, 0xFF, 0x32, 0xFF, 0x32, 0xFF, 0x32, 0xFF, 0x32, 0xFF, 0x32,
    0xFF, 0x32, 0xFF, 0x76, 0xFF, 0x9A, 0xFF, 0x9A, 0xFF, 0x99, 0xFF, 0x99,
    0xFF, 0x99, 0xFF, 0x99, 0xFF, 0x99, 0xFF, 0x99, 0xFF, 0x99, 0xFF, 0x99,
    0xFF, 0x99, 0xFF, 0x9A, 0xFF, 0x9A, 0xFF, 0x9A, 0xFF, 0x99, 0xFF, 0x75,
    0xFF, 0x32, 0xFF, 0x31, 0xFF, 0x32, 0xFF, 0x32, 0xFF, 0x32, 0xFF, 0x32,
    0xFF, 0x32, 0xFF, 0x32, 0xFF, 0x32, 0xFF, 0x32, 0xFF, 0x32, 0xFF, 0x32,
    0xFF, 0x32, 0xFF, 0x32, 0xFF, 0x32, 0xFF, 0x32, 0xFF, 0x55, 0xFF, 0x9A,
    0xFF, 0x99, 0xFF, 0x99, 0xFF, 0x99, 0xFF, 0x99, 0xFF, 0x99, 0xFF, 0x99,
    0xFF, 0x99, 0xFF, 0x99, 0xFF, 0x99, 0xFF, 0x99, 0xFF, 0x99, 0xFF, 0xBA,
    0xF7, 0x58, 0xA4, 0xCE, 0xFF, 0xF7, 0xFF, 0xB4, 0xFF, 0xB3, 0xFF, 0xB3,
    0xFF, 0xB3, 0xFF, 0x93, 0xFF, 0x93, 0xFF, 0x93, 0xFF, 0x93, 0xFF, 0x93,
    0xFF, 0x93, 0xFF, 0x93, 0xFF, 0x92, 0xFF, 0x94, 0xFF, 0xD9, 0xFF, 0xFB,
    0xFF, 0xFB, 0xFF, 0xFB, 0xFF, 0xFB, 0xFF, 0xFB, 0xFF, 0xFB, 0xFF, 0xFB,
    0xFF, 0xFB, 0xFF, 0xFB, 0xFF, 0xFB, 0xFF, 0xFB, 0xFF, 0xFB, 0xFF, 0xFB,
    0xFF, 0xFB, 0xFF, 0xFB, 0xFF, 0xFB, 0xFF, 0xFB, 0xFF, 0xDA, 0xFF, 0xB7,
    0xFF, 0x95, 0xFF, 0x93, 0xFF, 0x93, 0xFF, 0x93, 0xFF, 0x93, 0xFF, 0x93,
    0xFF, 0x93, 0xFF, 0x93, 0xFF, 0x93, 0xFF, 0x93, 0xFF, 0x93, 0xFF, 0x93,
    0xFF, 0x93, 0xFF, 0x92, 0xFF, 0xB6, 0xFF, 0xFB, 0xFF, 0xFB, 0xFF, 0xFB,
    0xFF, 0xFB, 0xFF, 0xFB, 0xFF, 0xFB, 0xFF, 0xFB, 0xFF, 0xFB, 0xFF, 0xFB,
    0xFF, 0xFB, 0xFF, 0xFB, 0xFF, 0xFB, 0xFF, 0xFB, 0xFF, 0x9A, 
};

/* demo_windows_a8_indexqoimask_be_48x48.bin (609 bytes) */
const unsigned char demo_windows_a8_indexqoimask_be_48x48[609] =
{
    0x00, 0x6B, 0x00, 0x30, 0x00, 0x30, 0x02, 0x00, 0x30, 0x00, 0x00, 0x00,
    0x00, 0x00, 0x00, 0x00, 0x00, 0x00, 0x00, 0x00, 0x02, 0x00, 0x0D, 0x00,
    0x1B, 0x00, 0x29, 0x00, 0x37, 0x00, 0x40, 0x00, 0x54, 0x00, 0x62, 0x00,
    0x79, 0x00, 0x8F, 0x00, 0xA3, 0x00, 0xB6, 0x00, 0xC9, 0x00, 0xC9, 0x00,
    0xC9, 0x00, 0xC9, 0x00, 0xC9, 0x00, 0xDB, 0x00, 0xED, 0x00, 0xED, 0x00,
    0xED, 0x00, 0xED, 0x00, 0xF3, 0x00, 0xC9, 0x00, 0xC9, 0x00, 0xC9, 0x00,
    0xC9, 0x01, 0x05, 0x01, 0x18, 0x01, 0x2B, 0x01, 0x3E, 0x01, 0x52, 0x01,
    0x69, 0x01, 0x82, 0x01, 0x95, 0x01, 0xAB, 0x01, 0xB8, 0x01, 0xC5, 0x01,
    0xD3, 0x01, 0xE2, 0x00, 0x00, 0x00, 0x00, 0x00, 0x00, 0x00, 0x00, 0x08,
    0x3F, 0x00, 0x10, 0x2F, 0x37, 0x08, 0x27, 0x18, 0x00, 0xEE, 0x00, 0xDE,
    0xB0, 0xA8, 0xA7, 0xA8, 0xC0, 0x98, 0x91, 0x90, 0xC7, 0x00, 0xD7, 0xB0,
    0xA8, 0xA7, 0xA8, 0xB0, 0xC0, 0xA8, 0xC6, 0x90, 0x89, 0x88, 0xC5, 0x00,
    0xD0, 0xB0, 0xA8, 0xA7, 0xA8, 0xB0, 0xC0, 0xA8, 0xCF, 0x90, 0x05, 0x98,
    0xC3, 0x00, 0xC9, 0xB0, 0xA8, 0xA7, 0xA8, 0xB0, 0xC0, 0xA8, 0xD7, 0x80,
    0x89, 0x98, 0xC2, 0x00, 0xC6, 0xB8, 0xAF, 0xB8, 0xDF, 0x80, 0x81, 0xC2,
    0x00, 0xC4, 0xA8, 0x03, 0xB0, 0xD3, 0x90, 0x98, 0x98, 0x99, 0x90, 0x98,
    0xC1, 0xB0, 0xBF, 0xB0, 0xC3, 0x05, 0x98, 0xC1, 0x00, 0xC3, 0xB0, 0x00,
    0xD2, 0x07, 0x88, 0xCA, 0x06, 0xB8, 0xC2, 0x80, 0x81, 0xC1, 0x00, 0xC2,
    0xA8, 0x00, 0xC8, 0x90, 0x98, 0x98, 0x99, 0x90, 0x98, 0xB0, 0x00, 0xC2,
    0x02, 0x90, 0xCB, 0x04, 0xA8, 0xC1, 0x90, 0x01, 0xC1, 0x00, 0xC2, 0x03,
    0xB0, 0xC3, 0x88, 0x91, 0x90, 0x98, 0xC6, 0xB0, 0x00, 0xC2, 0x02, 0x90,
    0xCB, 0x06, 0xB8, 0xC1, 0x98, 0x01, 0xC1, 0x00, 0xC1, 0xB0, 0x00, 0xC2,
    0x98, 0x02, 0x90, 0xC9, 0xB0, 0x00, 0xC2, 0x02, 0x90, 0xCB, 0x06, 0xB8,
    0xC2, 0x01, 0xC1, 0x00, 0xC1, 0xBF, 0x00, 0xC2, 0x02, 0x90, 0xCA, 0xB0,
    0x00, 0xC2, 0x02, 0x90, 0xCB, 0xBF, 0x00, 0xC2, 0x01, 0xC1, 0x00, 0xC1,
    0x03, 0xB0, 0xC1, 0x98, 0x01, 0xCB, 0xB0, 0x00, 0xC2, 0x02, 0x90, 0xCB,
    0xBF, 0x00, 0xC2, 0x01, 0xC1, 0x00, 0xC1, 0x00, 0xC2, 0x80, 0x81, 0xCB,
    0xB0, 0x00, 0xC2, 0x02, 0x90, 0xCB, 0xBF, 0x00, 0xC2, 0x01, 0xC1, 0x00,
    0xC1, 0x00, 0xC2, 0x88, 0x89, 0xCB, 0xAF, 0x00, 0xC2, 0x07, 0x98, 0xCB,
    0xB7, 0xB8, 0xC2, 0x01, 0xC1, 0x00, 0xC1, 0x00, 0xE8, 0x01, 0xC1, 0x00,
    0xC1, 0x00, 0xC2, 0x88, 0x89, 0xCB, 0xA8, 0x00, 0xC2, 0x80, 0x91, 0xCB,
    0xB7, 0xB8, 0xC2, 0x01, 0xC1, 0x00, 0xC1, 0x04, 0xA8, 0xC1, 0x88, 0x01,
    0xCB, 0xB0, 0x00, 0xC2, 0x02, 0x90, 0xCB, 0xBF, 0x00, 0xC2, 0x01, 0xC1,
    0x00, 0xC1, 0x03, 0xB0, 0xC1, 0x90, 0x01, 0xCB, 0xB0, 0x00, 0xC2, 0x02,
    0x90, 0xCB, 0xBF, 0x00, 0xC2, 0x01, 0xC1, 0x00, 0xC1, 0x06, 0xB8, 0xC2,
    0x05, 0x98, 0xCA, 0xB0, 0x00, 0xC2, 0x02, 0x90, 0xCB, 0xBF, 0x00, 0xC2,
    0x01, 0xC1, 0x00, 0xC1, 0xB8, 0x00, 0xC2, 0x98, 0x05, 0x98, 0xC9, 0xB0,
    0x00, 0xC2, 0x02, 0x90, 0xCB, 0xBF, 0x00, 0xC2, 0x01, 0xC1, 0x00, 0xC2,
    0x04, 0xA8, 0xC3, 0x90, 0x81, 0x98, 0xC0, 0x98, 0xC5, 0xB0, 0x00, 0xC2,
    0x02, 0x90, 0xCB, 0x03, 0xB0, 0xC1, 0x98, 0x01, 0xC1, 0x00, 0xC2, 0xA8,
    0x04, 0xA8, 0xC6, 0x98, 0x98, 0x98, 0x98, 0x91, 0x98, 0xC0, 0xA8, 0x00,
    0xC2, 0x02, 0x90, 0xCA, 0xA8, 0x00, 0xC2, 0x98, 0x01, 0xC1, 0x00, 0xC3,
    0xB8, 0xBF, 0xA8, 0xCC, 0x98, 0xA8, 0xC2, 0x02, 0x98, 0x98, 0xC9, 0x03,
    0xB0, 0xC2, 0x80, 0x81, 0xC1, 0x00, 0xC4, 0xB0, 0x04, 0xA8, 0xD2, 0x98,
    0x98, 0x98, 0x98, 0x91, 0x98, 0xC0, 0x98, 0xC0, 0xB0, 0xBF, 0xB0, 0xC3,
    0x05, 0x98, 0xC1, 0x00, 0xC6, 0xB8, 0xB7, 0xA8, 0xA8, 0xD6, 0x98, 0xA8,
    0xC5, 0x80, 0x81, 0xC2, 0x00, 0xC9, 0xB0, 0xA8, 0xA7, 0xB0, 0xC0, 0xA8,
    0xA8, 0xD7, 0x90, 0x01, 0xC3, 0x00, 0xCF, 0xA8, 0xA8, 0xA8, 0xA7, 0xB0,
    0xC0, 0xA8, 0xA8, 0xCF, 0x90, 0x01, 0xC4, 0x00, 0xD6, 0xA8, 0xA8, 0xC0,
    0xAF, 0xB0, 0xC0, 0xA8, 0xA8, 0xC6, 0x98, 0x02, 0x90, 0xC5, 0x00, 0xDE,
    0xB0, 0xC0, 0xAF, 0xC0, 0xA8, 0x91, 0x98, 0x90, 0xC7, 
};

/* demo_windows_a8_raw_be_48x48.bin (2310 bytes) */
const unsigned char demo_windows_a8_raw_be_48x48[2310] =
{
    0x00, 0x0B, 0x00, 0x30, 0x00, 0x30, 0x00, 0x00, 0x00, 0x00, 0x00, 0x00,
    0x00, 0x00, 0x00, 0x00, 0x00, 0x00, 0x00, 0x00, 0x00, 0x00, 0x00, 0x00,
    0x00, 0x00, 0x00, 0x00, 0x00, 0x00, 0x00, 0x00, 0x00, 0x00, 0x00, 0x00,
    0x00, 0x00, 0x00, 0x00, 0x00, 0x00, 0x00, 0x00, 0x00, 0x00, 0x00, 0x00,
    0x00, 0x00, 0x00, 0x00, 0x00, 0x00, 0x00, 0x00, 0x00, 0x00, 0x00, 0x00,
    0x00, 0x00, 0x00, 0x00, 0x00, 0x00, 0x00, 0x00, 0x00, 0x00, 0x00, 0x00,
    0x00, 0x00, 0x00, 0x00, 0x00, 0x00, 0x00, 0x00, 0x00, 0x00, 0x00, 0x00,
    0x00, 0x00, 0x00, 0x00, 0x00, 0x00, 0x00, 0x00, 0x00, 0x00, 0x00, 0x00,
    0x00, 0x00, 0x00, 0x00, 0x00, 0x00, 0x00, 0x00, 0x00, 0x00, 0x00, 0x00,
    0x00, 0x00, 0x00, 0x00, 0x00, 0x00, 0x00, 0x00, 0x00, 0x00, 0x00, 0x00,
    0x00, 0x00, 0x00, 0x00, 0x00, 0x00, 0x00, 0x00, 0x00, 0x00, 0x00, 0x00,
    0x00, 0x00, 0x00, 0x00, 0x00, 0x00, 0x00, 0x00, 0x00, 0x00, 0x00, 0x00,
    0x00, 0x00, 0x00, 0x00, 0x00, 0x00, 0x00, 0x00, 0x00, 0x00, 0x00, 0x00,
    0x00, 0x00, 0x00, 0x00, 0x00, 0x00, 0x00, 0x00, 0x00, 0x00, 0x00, 0x00,
    0x00, 0x00, 0x00, 0x00, 0x00, 0x00, 0x00, 0x00, 0x00, 0x00, 0x00, 0x00,
    0x00, 0x00, 0x00, 0x00, 0x00, 0x00, 0x00, 0x00, 0x00, 0x00, 0x00, 0x00,
    0x00, 0x00, 0x00, 0x00, 0x00, 0x00, 0x00, 0x00, 0x00, 0x00, 0x00, 0x00,
    0x00, 0x00, 0x00, 0x00, 0x00, 0x00, 0x00, 0x00, 0x00, 0x00, 0x00, 0x00,
    0x00, 0x00, 0x00, 0x00, 0x00, 0x00, 0x00, 0x00, 0x00, 0x00, 0x00, 0x00,
    0x00, 0x00, 0x40, 0x60, 0x7F, 0x9F, 0x9F, 0x7F, 0x40, 0x00, 0x00, 0x00,
    0x00, 0x00, 0x00, 0x00, 0x00, 0x00, 0x00, 0x00, 0x00, 0x00, 0x00, 0x00,
    0x00, 0x00, 0x00, 0x00, 0x00, 0x00, 0x00, 0x00, 0x00, 0x00, 0x00, 0x00,
    0x00, 0x00, 0x00, 0x00, 0x00, 0x00, 0x00, 0x40, 0x60, 0x7F, 0x9F, 0xDF,
    0xDF, 0xFF, 0xFF, 0xFF, 0xFF, 0xFF, 0xFF, 0xFF, 0xFF, 0xBF, 0x60, 0x00,
    0x00, 0x00, 0x00, 0x00, 0x00, 0x00, 0x00, 0x00, 0x00, 0x00, 0x00, 0x00,
    0x00, 0x00, 0x00, 0x00, 0x00, 0x00, 0x00, 0x00, 0x00, 0x00, 0x00, 0x00,
    0x40, 0x60, 0x7F, 0x9F, 0xDF, 0xDF, 0xFF, 0xFF, 0xFF, 0xFF, 0xFF, 0xFF,
    0xFF, 0xFF, 0xFF, 0xFF, 0xFF, 0xFF, 0xFF, 0xFF, 0xFF, 0xFF, 0xFF, 0xBF,
    0x20, 0x00, 0x00, 0x00, 0x00, 0x00, 0x00, 0x00, 0x00, 0x00, 0x00, 0x00,
    0x00, 0x00, 0x00, 0x00, 0x00, 0x40, 0x60, 0x7F, 0x9F, 0xDF, 0xDF, 0xFF,
    0xFF, 0xFF, 0xFF, 0xFF, 0xFF, 0xFF, 0xFF, 0xFF, 0xFF, 0xFF, 0xFF, 0xFF,
    0xFF, 0xFF, 0xFF, 0xFF, 0xFF, 0xFF, 0xFF, 0xFF, 0xFF, 0xFF, 0xFF, 0xFF,
    0x7F, 0x20, 0x00, 0x00, 0x00, 0x00, 0x00, 0x00, 0x00, 0x00, 0x00, 0x00,
    0x00, 0x00, 0x60, 0x9F, 0xFF, 0xFF, 0xFF, 0xFF, 0xFF, 0xFF, 0xFF, 0xFF,
    0xFF, 0xFF, 0xFF, 0xFF, 0xFF, 0xFF, 0xFF, 0xFF, 0xFF, 0xFF, 0xFF, 0xFF,
    0xFF, 0xFF, 0xFF, 0xFF, 0xFF, 0xFF, 0xFF, 0xFF, 0xFF, 0xFF, 0xFF, 0xFF,
    0xFF, 0x7F, 0x00, 0x00, 0x00, 0x00, 0x00, 0x00, 0x00, 0x00, 0x00, 0x00,
    0x20, 0xBF, 0xFF, 0xFF, 0xFF, 0xFF, 0xFF, 0xFF, 0xFF, 0xFF, 0xFF, 0xFF,
    0xFF, 0xFF, 0xFF, 0xFF, 0xFF, 0xFF, 0xFF, 0xFF, 0xFF, 0xFF, 0xFF, 0xBF,
    0x9F, 0x7F, 0x60, 0x20, 0x00, 0x00, 0x00, 0x40, 0xBF, 0xFF, 0xFF, 0xFF,
    0xFF, 0xFF, 0x20, 0x00, 0x00, 0x00, 0x00, 0x00, 0x00, 0x00, 0x00, 0x40,
    0xFF, 0xFF, 0xFF, 0xFF, 0xFF, 0xFF, 0xFF, 0xFF, 0xFF, 0xFF, 0xFF, 0xFF,
    0xFF, 0xFF, 0xFF, 0xFF, 0xFF, 0xFF, 0xFF, 0xFF, 0x60, 0x00, 0x00, 0x00,
    0x00, 0x00, 0x00, 0x00, 0x00, 0x00, 0x00, 0x00, 0x00, 0x9F, 0xFF, 0xFF,
    0xFF, 0xFF, 0x7F, 0x00, 0x00, 0x00, 0x00, 0x00, 0x00, 0x00, 0x20, 0xFF,
    0xFF, 0xFF, 0xFF, 0xFF, 0xFF, 0xFF, 0xFF, 0xFF, 0xFF, 0xBF, 0x9F, 0x7F,
    0x60, 0x20, 0x00, 0x40, 0xFF, 0xFF, 0xFF, 0xFF, 0x40, 0x00, 0x00, 0x00,
    0x00, 0x00, 0x00, 0x00, 0x00, 0x00, 0x00, 0x00, 0x00, 0x00, 0xDF, 0xFF,
    0xFF, 0xFF, 0xBF, 0x00, 0x00, 0x00, 0x00, 0x00, 0x00, 0x00, 0xBF, 0xFF,
    0xFF, 0xFF, 0xFF, 0xFF, 0x9F, 0x60, 0x20, 0x00, 0x00, 0x00, 0x00, 0x00,
    0x00, 0x00, 0x00, 0x40, 0xFF, 0xFF, 0xFF, 0xFF, 0x40, 0x00, 0x00, 0x00,
    0x00, 0x00, 0x00, 0x00, 0x00, 0x00, 0x00, 0x00, 0x00, 0x00, 0x9F, 0xFF,
    0xFF, 0xFF, 0xDF, 0x00, 0x00, 0x00, 0x00, 0x00, 0x00, 0x40, 0xFF, 0xFF,
    0xFF, 0xFF, 0xDF, 0x40, 0x00, 0x00, 0x00, 0x00, 0x00, 0x00, 0x00, 0x00,
    0x00, 0x00, 0x00, 0x40, 0xFF, 0xFF, 0xFF, 0xFF, 0x40, 0x00, 0x00, 0x00,
    0x00, 0x00, 0x00, 0x00, 0x00, 0x00, 0x00, 0x00, 0x00, 0x00, 0x9F, 0xFF,
    0xFF, 0xFF, 0xFF, 0x00, 0x00, 0x00, 0x00, 0x00, 0x00, 0x7F, 0xFF, 0xFF,
    0xFF, 0xFF, 0x40, 0x00, 0x00, 0x00, 0x00, 0x00, 0x00, 0x00, 0x00, 0x00,
    0x00, 0x00, 0x00, 0x40, 0xFF, 0xFF, 0xFF, 0xFF, 0x40, 0x00, 0x00, 0x00,
    0x00, 0x00, 0x00, 0x00, 0x00, 0x00, 0x00, 0x00, 0x00, 0x00, 0x7F, 0xFF,
    0xFF, 0xFF, 0xFF, 0x00, 0x00, 0x00, 0x00, 0x00, 0x00, 0xBF, 0xFF, 0xFF,
    0xFF, 0xDF, 0x00, 0x00, 0x00, 0x00, 0x00, 0x00, 0x00, 0x00, 0x00, 0x00,
    0x00, 0x00, 0x00, 0x40, 0xFF, 0xFF, 0xFF, 0xFF, 0x40, 0x00, 0x00, 0x00,
    0x00, 0x00, 0x00, 0x00, 0x00, 0x00, 0x00, 0x00, 0x00, 0x00, 0x7F, 0xFF,
    0xFF, 0xFF, 0xFF, 0x00, 0x00, 0x00, 0x00, 0x00, 0x00, 0xFF, 0xFF, 0xFF,
    0xFF, 0x7F, 0x00, 0x00, 0x00, 0x00, 0x00, 0x00, 0x00, 0x00, 0x00, 0x00,
    0x00, 0x00, 0x00, 0x40, 0xFF, 0xFF, 0xFF, 0xFF, 0x40, 0x00, 0x00, 0x00,
    0x00, 0x00, 0x00, 0x00, 0x00, 0x00, 0x00, 0x00, 0x00, 0x00, 0x7F, 0xFF,
    0xFF, 0xFF, 0xFF, 0x00, 0x00, 0x00, 0x00, 0x00, 0x00, 0xFF, 0xFF, 0xFF,
    0xFF, 0x7F, 0x00, 0x00, 0x00, 0x00, 0x00, 0x00, 0x00, 0x00, 0x00, 0x00,
    0x00, 0x00, 0x00, 0x40, 0xFF, 0xFF, 0xFF, 0xFF, 0x40, 0x00, 0x00, 0x00,
    0x00, 0x00, 0x00, 0x00, 0x00, 0x00, 0x00, 0x00, 0x00, 0x00, 0x7F, 0xFF,
    0xFF, 0xFF, 0xFF, 0x00, 0x00, 0x00, 0x00, 0x00, 0x00, 0xFF, 0xFF, 0xFF,
    0xFF, 0x7F, 0x00, 0x00, 0x00, 0x00, 0x00, 0x00, 0x00, 0x00, 0x00, 0x00,
    0x00, 0x00, 0x00, 0x40, 0xFF, 0xFF, 0xFF, 0xFF, 0x40, 0x00, 0x00, 0x00,
    0x00, 0x00, 0x00, 0x00, 0x00, 0x00, 0x00, 0x00, 0x00, 0x00, 0x7F, 0xFF,
    0xFF, 0xFF, 0xFF, 0x00, 0x00, 0x00, 0x00, 0x00, 0x00, 0xFF, 0xFF, 0xFF,
    0xFF, 0x7F, 0x00, 0x00, 0x00, 0x00, 0x00, 0x00, 0x00, 0x00, 0x00, 0x00,
    0x00, 0x00, 0x00, 0x40, 0xFF, 0xFF, 0xFF, 0xFF, 0x40, 0x00, 0x00, 0x00,
    0x00, 0x00, 0x00, 0x00, 0x00, 0x00, 0x00, 0x00, 0x00, 0x00, 0x7F, 0xFF,
    0xFF, 0xFF, 0xFF, 0x00, 0x00, 0x00, 0x00, 0x00, 0x00, 0xFF, 0xFF, 0xFF,
    0xFF, 0x7F, 0x00, 0x00, 0x00, 0x00, 0x00, 0x00, 0x00, 0x00, 0x00, 0x00,
    0x00, 0x00, 0x00, 0x40, 0xFF, 0xFF, 0xFF, 0xFF, 0x40, 0x00, 0x00, 0x00,
    0x00, 0x00, 0x00, 0x00, 0x00, 0x00, 0x00, 0x00, 0x00, 0x00, 0x7F, 0xFF,
    0xFF, 0xFF, 0xFF, 0x00, 0x00, 0x00, 0x00, 0x00, 0x00, 0xFF, 0xFF, 0xFF,
    0xFF, 0x9F, 0x40, 0x40, 0x40, 0x40, 0x40, 0x40, 0x40, 0x40, 0x40, 0x40,
    0x40, 0x40, 0x40, 0x7F, 0xFF, 0xFF, 0xFF, 0xFF, 0x60, 0x40, 0x40, 0x40,
    0x40, 0x40, 0x40, 0x40, 0x40, 0x40, 0x40, 0x40, 0x40, 0x40, 0x9F, 0xFF,
    0xFF, 0xFF, 0xFF, 0x00, 0x00, 0x00, 0x00, 0x00, 0x00, 0xFF, 0xFF, 0xFF,
    0xFF, 0xFF, 0xFF, 0xFF, 0xFF, 0xFF, 0xFF, 0xFF, 0xFF, 0xFF, 0xFF, 0xFF,
    0xFF, 0xFF, 0xFF, 0xFF, 0xFF, 0xFF, 0xFF, 0xFF, 0xFF, 0xFF, 0xFF, 0xFF,
    0xFF, 0xFF, 0xFF, 0xFF, 0xFF, 0xFF, 0xFF, 0xFF, 0xFF, 0xFF, 0xFF, 0xFF,
    0xFF, 0xFF, 0xFF, 0x00, 0x00, 0x00, 0x00, 0x00, 0x00, 0xFF, 0xFF, 0xFF,
    0xFF, 0xFF, 0xFF, 0xFF, 0xFF, 0xFF, 0xFF, 0xFF, 0xFF, 0xFF, 0xFF, 0xFF,
    0xFF, 0xFF, 0xFF, 0xFF, 0xFF, 0xFF, 0xFF, 0xFF, 0xFF, 0xFF, 0xFF, 0xFF,
    0xFF, 0xFF, 0xFF, 0xFF, 0xFF, 0xFF, 0xFF, 0xFF, 0xFF, 0xFF, 0xFF, 0xFF,
    0xFF, 0xFF, 0xFF, 0x00, 0x00, 0x00, 0x00, 0x00, 0x00, 0xFF, 0xFF, 0xFF,
    0xFF, 0xFF, 0xFF, 0xFF, 0xFF, 0xFF, 0xFF, 0xFF, 0xFF, 0xFF, 0xFF, 0xFF,
    0xFF, 0xFF, 0xFF, 0xFF, 0xFF, 0xFF, 0xFF, 0xFF, 0xFF, 0xFF, 0xFF, 0xFF,
    0xFF, 0xFF, 0xFF, 0xFF, 0xFF, 0xFF, 0xFF, 0xFF, 0xFF, 0xFF, 0xFF, 0xFF,
    0xFF, 0xFF, 0xFF, 0x00, 0x00, 0x00, 0x00, 0x00, 0x00, 0xFF, 0xFF, 0xFF,
    0xFF, 0xFF, 0xFF, 0xFF, 0xFF, 0xFF, 0xFF, 0xFF, 0xFF, 0xFF, 0xFF, 0xFF,
    0xFF, 0xFF, 0xFF, 0xFF, 0xFF, 0xFF, 0xFF, 0xFF, 0xFF, 0xFF, 0xFF, 0xFF,
    0xFF, 0xFF, 0xFF, 0xFF, 0xFF, 0xFF, 0xFF, 0xFF, 0xFF, 0xFF, 0xFF, 0xFF,
    0xFF, 0xFF, 0xFF, 0x00, 0x00, 0x00, 0x00, 0x00, 0x00, 0xFF, 0xFF, 0xFF,
    0xFF, 0x9F, 0x40, 0x40, 0x40, 0x40, 0x40, 0x40, 0x40, 0x40, 0x40, 0x40,
    0x40, 0x40, 0x40, 0x60, 0xFF, 0xFF, 0xFF, 0xFF, 0x7F, 0x40, 0x40, 0x40,
    0x40, 0x40, 0x40, 0x40, 0x40, 0x40, 0x40, 0x40, 0x40, 0x40, 0x9F, 0xFF,
    0xFF, 0xFF, 0xFF, 0x00, 0x00, 0x00, 0x00, 0x00, 0x00, 0xFF, 0xFF, 0xFF,
    0xFF, 0x7F, 0x00, 0x00, 0x00, 0x00, 0x00, 0x00, 0x00, 0x00, 0x00, 0x00,
    0x00, 0x00, 0x00, 0x40, 0xFF, 0xFF, 0xFF, 0xFF, 0x40, 0x00, 0x00, 0x00,
    0x00, 0x00, 0x00, 0x00, 0x00, 0x00, 0x00, 0x00, 0x00, 0x00, 0x7F, 0xFF,
    0xFF, 0xFF, 0xFF, 0x00, 0x00, 0x00, 0x00, 0x00, 0x00, 0xFF, 0xFF, 0xFF,
    0xFF, 0x7F, 0x00, 0x00, 0x00, 0x00, 0x00, 0x00, 0x00, 0x00, 0x00, 0x00,
    0x00, 0x00, 0x00, 0x40, 0xFF, 0xFF, 0xFF, 0xFF, 0x40, 0x00, 0x00, 0x00,
    0x00, 0x00, 0x00, 0x00, 0x00, 0x00, 0x00, 0x00, 0x00, 0x00, 0x7F, 0xFF,
    0xFF, 0xFF, 0xFF, 0x00, 0x00, 0x00, 0x00, 0x00, 0x00, 0xFF, 0xFF, 0xFF,
    0xFF, 0x7F, 0x00, 0x00, 0x00, 0x00, 0x00, 0x00, 0x00, 0x00, 0x00, 0x00,
    0x00, 0x00, 0x00, 0x40, 0xFF, 0xFF, 0xFF, 0xFF, 0x40, 0x00, 0x00, 0x00,
    0x00, 0x00, 0x00, 0x00, 0x00, 0x00, 0x00, 0x00, 0x00, 0x00, 0x7F, 0xFF,
    0xFF, 0xFF, 0xFF, 0x00, 0x00, 0x00, 0x00, 0x00, 0x00, 0xFF, 0xFF, 0xFF,
    0xFF, 0x7F, 0x00, 0x00, 0x00, 0x00, 0x00, 0x00, 0x00, 0x00, 0x00, 0x00,
    0x00, 0x00, 0x00, 0x40, 0xFF, 0xFF, 0xFF, 0xFF, 0x40, 0x00, 0x00, 0x00,
    0x00, 0x00, 0x00, 0x00, 0x00, 0x00, 0x00, 0x00, 0x00, 0x00, 0x7F, 0xFF,
    0xFF, 0xFF, 0xFF, 0x00, 0x00, 0x00, 0x00, 0x00, 0x00, 0xDF, 0xFF, 0xFF,
    0xFF, 0x9F, 0x00, 0x00, 0x00, 0x00, 0x00, 0x00, 0x00, 0x00, 0x00, 0x00,
    0x00, 0x00, 0x00, 0x40, 0xFF, 0xFF, 0xFF, 0xFF, 0x40, 0x00, 0x00, 0x00,
    0x00, 0x00, 0x00, 0x00, 0x00, 0x00, 0x00, 0x00, 0x00, 0x00, 0x7F, 0xFF,
    0xFF, 0xFF, 0xFF, 0x00, 0x00, 0x00, 0x00, 0x00, 0x00, 0xBF, 0xFF, 0xFF,
    0xFF, 0xBF, 0x00, 0x00, 0x00, 0x00, 0x00, 0x00, 0x00, 0x00, 0x00, 0x00,
    0x00, 0x00, 0x00, 0x40, 0xFF, 0xFF, 0xFF, 0xFF, 0x40, 0x00, 0x00, 0x00,
    0x00, 0x00, 0x00, 0x00, 0x00, 0x00, 0x00, 0x00, 0x00, 0x00, 0x7F, 0xFF,
    0xFF, 0xFF, 0xFF, 0x00, 0x00, 0x00, 0x00, 0x00, 0x00, 0x9F, 0xFF, 0xFF,
    0xFF, 0xFF, 0x20, 0x00, 0x00, 0x00, 0x00, 0x00, 0x00, 0x00, 0x00, 0x00,
    0x00, 0x00, 0x00, 0x40, 0xFF, 0xFF, 0xFF, 0xFF, 0x40, 0x00, 0x00, 0x00,
    0x00, 0x00, 0x00, 0x00, 0x00, 0x00, 0x00, 0x00, 0x00, 0x00, 0x7F, 0xFF,
    0xFF, 0xFF, 0xFF, 0x00, 0x00, 0x00, 0x00, 0x00, 0x00, 0x60, 0xFF, 0xFF,
    0xFF, 0xFF, 0xDF, 0x20, 0x00, 0x00, 0x00, 0x00, 0x00, 0x00, 0x00, 0x00,
    0x00, 0x00, 0x00, 0x40, 0xFF, 0xFF, 0xFF, 0xFF, 0x40, 0x00, 0x00, 0x00,
    0x00, 0x00, 0x00, 0x00, 0x00, 0x00, 0x00, 0x00, 0x00, 0x00, 0x7F, 0xFF,
    0xFF, 0xFF, 0xFF, 0x00, 0x00, 0x00, 0x00, 0x00, 0x00, 0x00, 0xDF, 0xFF,
    0xFF, 0xFF, 0xFF, 0xFF, 0xBF, 0x40, 0x20, 0x20, 0x00, 0x00, 0x00, 0x00,
    0x00, 0x00, 0x00, 0x40, 0xFF, 0xFF, 0xFF, 0xFF, 0x40, 0x00, 0x00, 0x00,
    0x00, 0x00, 0x00, 0x00, 0x00, 0x00, 0x00, 0x00, 0x00, 0x00, 0xBF, 0xFF,
    0xFF, 0xFF, 0xDF, 0x00, 0x00, 0x00, 0x00, 0x00, 0x00, 0x00, 0x20, 0xDF,
    0xFF, 0xFF, 0xFF, 0xFF, 0xFF, 0xFF, 0xFF, 0xFF, 0xDF, 0xBF, 0x9F, 0x7F,
    0x40, 0x20, 0x20, 0x40, 0xFF, 0xFF, 0xFF, 0xFF, 0x40, 0x00, 0x00, 0x00,
    0x00, 0x00, 0x00, 0x00, 0x00, 0x00, 0x00, 0x00, 0x00, 0x20, 0xFF, 0xFF,
    0xFF, 0xFF, 0xDF, 0x00, 0x00, 0x00, 0x00, 0x00, 0x00, 0x00, 0x00, 0x60,
    0xDF, 0xFF, 0xFF, 0xFF, 0xFF, 0xFF, 0xFF, 0xFF, 0xFF, 0xFF, 0xFF, 0xFF,
    0xFF, 0xFF, 0xFF, 0xDF, 0xFF, 0xFF, 0xFF, 0xFF, 0x40, 0x20, 0x00, 0x00,
    0x00, 0x00, 0x00, 0x00, 0x00, 0x00, 0x00, 0x00, 0x00, 0xBF, 0xFF, 0xFF,
    0xFF, 0xFF, 0x7F, 0x00, 0x00, 0x00, 0x00, 0x00, 0x00, 0x00, 0x00, 0x00,
    0x40, 0xDF, 0xFF, 0xFF, 0xFF, 0xFF, 0xFF, 0xFF, 0xFF, 0xFF, 0xFF, 0xFF,
    0xFF, 0xFF, 0xFF, 0xFF, 0xFF, 0xFF, 0xFF, 0xFF, 0xFF, 0xFF, 0xDF, 0xBF,
    0x9F, 0x7F, 0x40, 0x20, 0x20, 0x00, 0x00, 0x40, 0xBF, 0xFF, 0xFF, 0xFF,
    0xFF, 0xFF, 0x20, 0x00, 0x00, 0x00, 0x00, 0x00, 0x00, 0x00, 0x00, 0x00,
    0x00, 0x00, 0x60, 0xBF, 0xDF, 0xFF, 0xFF, 0xFF, 0xFF, 0xFF, 0xFF, 0xFF,
    0xFF, 0xFF, 0xFF, 0xFF, 0xFF, 0xFF, 0xFF, 0xFF, 0xFF, 0xFF, 0xFF, 0xFF,
    0xFF, 0xFF, 0xFF, 0xFF, 0xFF, 0xDF, 0xFF, 0xFF, 0xFF, 0xFF, 0xFF, 0xFF,
    0xFF, 0x7F, 0x00, 0x00, 0x00, 0x00, 0x00, 0x00, 0x00, 0x00, 0x00, 0x00,
    0x00, 0x00, 0x00, 0x00, 0x00, 0x40, 0x60, 0x7F, 0xBF, 0xBF, 0xDF, 0xFF,
    0xFF, 0xFF, 0xFF, 0xFF, 0xFF, 0xFF, 0xFF, 0xFF, 0xFF, 0xFF, 0xFF, 0xFF,
    0xFF, 0xFF, 0xFF, 0xFF, 0xFF, 0xFF, 0xFF, 0xFF, 0xFF, 0xFF, 0xFF, 0xFF,
    0xBF, 0x00, 0x00, 0x00, 0x00, 0x00, 0x00, 0x00, 0x00, 0x00, 0x00, 0x00,
    0x00, 0x00, 0x00, 0x00, 0x00, 0x00, 0x00, 0x00, 0x00, 0x00, 0x00, 0x20,
    0x40, 0x60, 0x7F, 0xBF, 0xBF, 0xDF, 0xFF, 0xFF, 0xFF, 0xFF, 0xFF, 0xFF,
    0xFF, 0xFF, 0xFF, 0xFF, 0xFF, 0xFF, 0xFF, 0xFF, 0xFF, 0xFF, 0xFF, 0xBF,
    0x00, 0x00, 0x00, 0x00, 0x00, 0x00, 0x00, 0x00, 0x00, 0x00, 0x00, 0x00,
    0x00, 0x00, 0x00, 0x00, 0x00, 0x00, 0x00, 0x00, 0x00, 0x00, 0x00, 0x00,
    0x00, 0x00, 0x00, 0x00, 0x00, 0x00, 0x20, 0x40, 0x40, 0x7F, 0xBF, 0xBF,
    0xDF, 0xFF, 0xFF, 0xFF, 0xFF, 0xFF, 0xFF, 0xFF, 0xFF, 0xDF, 0x40, 0x00,
    0x00, 0x00, 0x00, 0x00, 0x00, 0x00, 0x00, 0x00, 0x00, 0x00, 0x00, 0x00,
    0x00, 0x00, 0x00, 0x00, 0x00, 0x00, 0x00, 0x00, 0x00, 0x00, 0x00, 0x00,
    0x00, 0x00, 0x00, 0x00, 0x00, 0x00, 0x00, 0x00, 0x00, 0x00, 0x00, 0x00,
    0x00, 0x00, 0x40, 0x40, 0x7F, 0x7F, 0x9F, 0x60, 0x40, 0x00, 0x00, 0x00,
    0x00, 0x00, 0x00, 0x00, 0x00, 0x00, 0x00, 0x00, 0x00, 0x00, 0x00, 0x00,
    0x00, 0x00, 0x00, 0x00, 0x00, 0x00, 0x00, 0x00, 0x00, 0x00, 0x00, 0x00,
    0x00, 0x00, 0x00, 0x00, 0x00, 0x00, 0x00, 0x00, 0x00, 0x00, 0x00, 0x00,
    0x00, 0x00, 0x00, 0x00, 0x00, 0x00, 0x00, 0x00, 0x00, 0x00, 0x00, 0x00,
    0x00, 0x00, 0x00, 0x00, 0x00, 0x00, 0x00, 0x00, 0x00, 0x00, 0x00, 0x00,
    0x00, 0x00, 0x00, 0x00, 0x00, 0x00, 0x00, 0x00, 0x00, 0x00, 0x00, 0x00,
    0x00, 0x00, 0x00, 0x00, 0x00, 0x00, 0x00, 0x00, 0x00, 0x00, 0x00, 0x00,
    0x00, 0x00, 0x00, 0x00, 0x00, 0x00, 0x00, 0x00, 0x00, 0x00, 0x00, 0x00,
    0x00, 0x00, 0x00, 0x00, 0x00, 0x00, 0x00, 0x00, 0x00, 0x00, 0x00, 0x00,
    0x00, 0x00, 0x00, 0x00, 0x00, 0x00, 0x00, 0x00, 0x00, 0x00, 0x00, 0x00,
    0x00, 0x00, 0x00, 0x00, 0x00, 0x00, 0x00, 0x00, 0x00, 0x00, 0x00, 0x00,
    0x00, 0x00, 0x00, 0x00, 0x00, 0x00, 0x00, 0x00, 0x00, 0x00, 0x00, 0x00,
    0x00, 0x00, 0x00, 0x00, 0x00, 0x00, 0x00, 0x00, 0x00, 0x00, 0x00, 0x00,
    0x00, 0x00, 0x00, 0x00, 0x00, 0x00, 0x00, 0x00, 0x00, 0x00, 0x00, 0x00,
    0x00, 0x00, 0x00, 0x00, 0x00, 0x00, 0x00, 0x00, 0x00, 0x00, 0x00, 0x00,
    0x00, 0x00, 0x00, 0x00, 0x00, 0x00, 0x00, 0x00, 0x00, 0x00, 0x00, 0x00,
    0x00, 0x00, 0x00, 0x00, 0x00, 0x00, 
};

